,County,State,CBSA Code,CBSA Title
0,Acadia Parish,Louisiana,29180,"Lafayette, LA"
1,Ada County,Idaho,14260,"Boise City, ID"
2,Adams County,Colorado,19740,"Denver-Aurora-Lakewood, CO"
3,Adams County,Pennsylvania,23900,"Gettysburg, PA"
4,Aguada Municipio,Puerto Rico,10380,"Aguadilla-Isabela, PR"
5,Aguadilla Municipio,Puerto Rico,10380,"Aguadilla-Isabela, PR"
6,Aguas Buenas Municipio,Puerto Rico,41980,"San Juan-Carolina-Caguas, PR"
7,Aibonito Municipio,Puerto Rico,41980,"San Juan-Carolina-Caguas, PR"
8,Aiken County,South Carolina,12260,"Augusta-Richmond County, GA-SC"
9,Alachua County,Florida,23540,"Gainesville, FL"
10,Alamance County,North Carolina,15500,"Burlington, NC"
11,Alameda County,California,41860,"San Francisco-Oakland-Hayward, CA"
12,Albany County,New York,10580,"Albany-Schenectady-Troy, NY"
13,Albemarle County,Virginia,16820,"Charlottesville, VA"
14,Alexander County,Illinois,16020,"Cape Girardeau, MO-IL"
15,Alexander County,North Carolina,25860,"Hickory-Lenoir-Morganton, NC"
16,Alexandria city,Virginia,47900,"Washington-Arlington-Alexandria, DC-VA-MD-WV"
17,Allegany County,Maryland,19060,"Cumberland, MD-WV"
18,Allegheny County,Pennsylvania,38300,"Pittsburgh, PA"
19,Allen County,Indiana,23060,"Fort Wayne, IN"
20,Allen County,Kentucky,14540,"Bowling Green, KY"
21,Allen County,Ohio,30620,"Lima, OH"
22,Amelia County,Virginia,40060,"Richmond, VA"
23,Amherst County,Virginia,31340,"Lynchburg, VA"
24,Añasco Municipio,Puerto Rico,10380,"Aguadilla-Isabela, PR"
25,Anchorage Municipality,Alaska,11260,"Anchorage, AK"
26,Anderson County,Tennessee,28940,"Knoxville, TN"
27,Anderson County,South Carolina,24860,"Greenville-Anderson-Mauldin, SC"
28,Andrew County,Missouri,41140,"St. Joseph, MO-KS"
29,Androscoggin County,Maine,30340,"Lewiston-Auburn, ME"
30,Anne Arundel County,Maryland,12580,"Baltimore-Columbia-Towson, MD"
31,Anoka County,Minnesota,33460,"Minneapolis-St. Paul-Bloomington, MN-WI"
32,Appomattox County,Virginia,31340,"Lynchburg, VA"
33,Aransas County,Texas,18580,"Corpus Christi, TX"
34,Arapahoe County,Colorado,19740,"Denver-Aurora-Lakewood, CO"
35,Archer County,Texas,48660,"Wichita Falls, TX"
36,Arecibo Municipio,Puerto Rico,11640,"Arecibo, PR"
37,Arlington County,Virginia,47900,"Washington-Arlington-Alexandria, DC-VA-MD-WV"
38,Armstrong County,Pennsylvania,38300,"Pittsburgh, PA"
39,Armstrong County,Texas,11100,"Amarillo, TX"
40,Arroyo Municipio,Puerto Rico,25020,"Guayama, PR"
41,Ascension Parish,Louisiana,12940,"Baton Rouge, LA"
42,Asotin County,Washington,30300,"Lewiston, ID-WA"
43,Atascosa County,Texas,41700,"San Antonio-New Braunfels, TX"
44,Atlantic County,New Jersey,12100,"Atlantic City-Hammonton, NJ"
45,Augusta County,Virginia,44420,"Staunton-Waynesboro, VA"
46,Austin County,Texas,26420,"Houston-The Woodlands-Sugar Land, TX"
47,Autauga County,Alabama,33860,"Montgomery, AL"
48,Baker County,Florida,27260,"Jacksonville, FL"
49,Baker County,Georgia,10500,"Albany, GA"
50,Baldwin County,Alabama,19300,"Daphne-Fairhope-Foley, AL"
51,Baltimore city,Maryland,12580,"Baltimore-Columbia-Towson, MD"
52,Baltimore County,Maryland,12580,"Baltimore-Columbia-Towson, MD"
53,Bandera County,Texas,41700,"San Antonio-New Braunfels, TX"
54,Bannock County,Idaho,38540,"Pocatello, ID"
55,Barceloneta Municipio,Puerto Rico,41980,"San Juan-Carolina-Caguas, PR"
56,Barnstable County,Massachusetts,12700,"Barnstable Town, MA"
57,Barranquitas Municipio,Puerto Rico,41980,"San Juan-Carolina-Caguas, PR"
58,Barrow County,Georgia,12060,"Atlanta-Sandy Springs-Roswell, GA"
59,Barry County,Michigan,24340,"Grand Rapids-Wyoming, MI"
60,Bartholomew County,Indiana,18020,"Columbus, IN"
61,Bartow County,Georgia,12060,"Atlanta-Sandy Springs-Roswell, GA"
62,Bastrop County,Texas,12420,"Austin-Round Rock, TX"
63,Bates County,Missouri,28140,"Kansas City, MO-KS"
64,Bay County,Florida,37460,"Panama City, FL"
65,Bay County,Michigan,13020,"Bay City, MI"
66,Bayamón Municipio,Puerto Rico,41980,"San Juan-Carolina-Caguas, PR"
67,Beaufort County,South Carolina,25940,"Hilton Head Island-Bluffton-Beaufort, SC"
68,Beaver County,Pennsylvania,38300,"Pittsburgh, PA"
69,Bedford County,Virginia,31340,"Lynchburg, VA"
70,Bell County,Texas,28660,"Killeen-Temple, TX"
71,Belmont County,Ohio,48540,"Wheeling, WV-OH"
72,Benton County,Oregon,18700,"Corvallis, OR"
73,Benton County,Washington,28420,"Kennewick-Richland, WA"
74,Benton County,Arkansas,22220,"Fayetteville-Springdale-Rogers, AR-MO"
75,Benton County,Indiana,29200,"Lafayette-West Lafayette, IN"
76,Benton County,Minnesota,41060,"St. Cloud, MN"
77,Benton County,Mississippi,32820,"Memphis, TN-MS-AR"
78,Benton County,Iowa,16300,"Cedar Rapids, IA"
79,Bergen County,New Jersey,35620,"New York-Newark-Jersey City, NY-NJ-PA"
80,Berkeley County,West Virginia,25180,"Hagerstown-Martinsburg, MD-WV"
81,Berkeley County,South Carolina,16700,"Charleston-North Charleston, SC"
82,Berks County,Pennsylvania,39740,"Reading, PA"
83,Berkshire County,Massachusetts,38340,"Pittsfield, MA"
84,Bernalillo County,New Mexico,10740,"Albuquerque, NM"
85,Berrien County,Michigan,35660,"Niles-Benton Harbor, MI"
86,Bexar County,Texas,41700,"San Antonio-New Braunfels, TX"
87,Bibb County,Alabama,13820,"Birmingham-Hoover, AL"
88,Bibb County,Georgia,31420,"Macon-Bibb County, GA"
89,Black Hawk County,Iowa,47940,"Waterloo-Cedar Falls, IA"
90,Blair County,Pennsylvania,11020,"Altoona, PA"
91,Blount County,Alabama,13820,"Birmingham-Hoover, AL"
92,Blount County,Tennessee,28940,"Knoxville, TN"
93,Blue Earth County,Minnesota,31860,"Mankato-North Mankato, MN"
94,Boise County,Idaho,14260,"Boise City, ID"
95,Bollinger County,Missouri,16020,"Cape Girardeau, MO-IL"
96,Bond County,Illinois,41180,"St. Louis, MO-IL"
97,Bonneville County,Idaho,26820,"Idaho Falls, ID"
98,Boone County,West Virginia,16620,"Charleston, WV"
99,Boone County,Illinois,40420,"Rockford, IL"
100,Boone County,Indiana,26900,"Indianapolis-Carmel-Anderson, IN"
101,Boone County,Kentucky,17140,"Cincinnati, OH-KY-IN"
102,Boone County,Missouri,17860,"Columbia, MO"
103,Bossier Parish,Louisiana,43340,"Shreveport-Bossier City, LA"
104,Botetourt County,Virginia,40220,"Roanoke, VA"
105,Boulder County,Colorado,14500,"Boulder, CO"
106,Bourbon County,Kentucky,30460,"Lexington-Fayette, KY"
107,Bowie County,Texas,45500,"Texarkana, TX-AR"
108,Box Elder County,Utah,36260,"Ogden-Clearfield, UT"
109,Boyd County,Kentucky,26580,"Huntington-Ashland, WV-KY-OH"
110,Bracken County,Kentucky,17140,"Cincinnati, OH-KY-IN"
111,Bradley County,Tennessee,17420,"Cleveland, TN"
112,Brantley County,Georgia,15260,"Brunswick, GA"
113,Brazoria County,Texas,26420,"Houston-The Woodlands-Sugar Land, TX"
114,Brazos County,Texas,17780,"College Station-Bryan, TX"
115,Bremer County,Iowa,47940,"Waterloo-Cedar Falls, IA"
116,Brevard County,Florida,37340,"Palm Bay-Melbourne-Titusville, FL"
117,Bristol city,Virginia,28700,"Kingsport-Bristol-Bristol, TN-VA"
118,Bristol County,Rhode Island,39300,"Providence-Warwick, RI-MA"
119,Bristol County,Massachusetts,39300,"Providence-Warwick, RI-MA"
120,Bronx County,New York,35620,"New York-Newark-Jersey City, NY-NJ-PA"
121,Brooke County,West Virginia,48260,"Weirton-Steubenville, WV-OH"
122,Brooks County,Georgia,46660,"Valdosta, GA"
123,Broome County,New York,13780,"Binghamton, NY"
124,Broomfield County,Colorado,19740,"Denver-Aurora-Lakewood, CO"
125,Broward County,Florida,33100,"Miami-Fort Lauderdale-West Palm Beach, FL"
126,Brown County,Wisconsin,24580,"Green Bay, WI"
127,Brown County,Indiana,26900,"Indianapolis-Carmel-Anderson, IN"
128,Brown County,Ohio,17140,"Cincinnati, OH-KY-IN"
129,Brunswick County,North Carolina,34820,"Myrtle Beach-Conway-North Myrtle Beach, SC-NC"
130,Bryan County,Georgia,42340,"Savannah, GA"
131,Buchanan County,Missouri,41140,"St. Joseph, MO-KS"
132,Buckingham County,Virginia,16820,"Charlottesville, VA"
133,Bucks County,Pennsylvania,37980,"Philadelphia-Camden-Wilmington, PA-NJ-DE-MD"
134,Bullitt County,Kentucky,31140,"Louisville/Jefferson County, KY-IN"
135,Buncombe County,North Carolina,11700,"Asheville, NC"
136,Burke County,North Carolina,25860,"Hickory-Lenoir-Morganton, NC"
137,Burke County,Georgia,12260,"Augusta-Richmond County, GA-SC"
138,Burleigh County,North Dakota,13900,"Bismarck, ND"
139,Burleson County,Texas,17780,"College Station-Bryan, TX"
140,Burlington County,New Jersey,37980,"Philadelphia-Camden-Wilmington, PA-NJ-DE-MD"
141,Butler County,Kansas,48620,"Wichita, KS"
142,Butler County,Ohio,17140,"Cincinnati, OH-KY-IN"
143,Butler County,Pennsylvania,38300,"Pittsburgh, PA"
144,Butler County,Kentucky,14540,"Bowling Green, KY"
145,Butte County,California,17020,"Chico, CA"
146,Butte County,Idaho,26820,"Idaho Falls, ID"
147,Butts County,Georgia,12060,"Atlanta-Sandy Springs-Roswell, GA"
148,Cabarrus County,North Carolina,16740,"Charlotte-Concord-Gastonia, NC-SC"
149,Cabell County,West Virginia,26580,"Huntington-Ashland, WV-KY-OH"
150,Cabo Rojo Municipio,Puerto Rico,41900,"San Germán, PR"
151,Cache County,Utah,30860,"Logan, UT-ID"
152,Caddo Parish,Louisiana,43340,"Shreveport-Bossier City, LA"
153,Caguas Municipio,Puerto Rico,41980,"San Juan-Carolina-Caguas, PR"
154,Calcasieu Parish,Louisiana,29340,"Lake Charles, LA"
155,Caldwell County,Missouri,28140,"Kansas City, MO-KS"
156,Caldwell County,North Carolina,25860,"Hickory-Lenoir-Morganton, NC"
157,Caldwell County,Texas,12420,"Austin-Round Rock, TX"
158,Calhoun County,Illinois,41180,"St. Louis, MO-IL"
159,Calhoun County,Alabama,11500,"Anniston-Oxford-Jacksonville, AL"
160,Calhoun County,South Carolina,17900,"Columbia, SC"
161,Calhoun County,Michigan,12980,"Battle Creek, MI"
162,Callahan County,Texas,10180,"Abilene, TX"
163,Callaway County,Missouri,27620,"Jefferson City, MO"
164,Calumet County,Wisconsin,11540,"Appleton, WI"
165,Calvert County,Maryland,47900,"Washington-Arlington-Alexandria, DC-VA-MD-WV"
166,Cambria County,Pennsylvania,27780,"Johnstown, PA"
167,Camden County,New Jersey,37980,"Philadelphia-Camden-Wilmington, PA-NJ-DE-MD"
168,Cameron County,Texas,15180,"Brownsville-Harlingen, TX"
169,Cameron Parish,Louisiana,29340,"Lake Charles, LA"
170,Campbell County,Tennessee,28940,"Knoxville, TN"
171,Campbell County,Virginia,31340,"Lynchburg, VA"
172,Campbell County,Kentucky,17140,"Cincinnati, OH-KY-IN"
173,Camuy Municipio,Puerto Rico,11640,"Arecibo, PR"
174,Canadian County,Oklahoma,36420,"Oklahoma City, OK"
175,Cannon County,Tennessee,34980,"Nashville-Davidson--Murfreesboro--Franklin, TN"
176,Canóvanas Municipio,Puerto Rico,41980,"San Juan-Carolina-Caguas, PR"
177,Canyon County,Idaho,14260,"Boise City, ID"
178,Cape Girardeau County,Missouri,16020,"Cape Girardeau, MO-IL"
179,Cape May County,New Jersey,36140,"Ocean City, NJ"
180,Carbon County,Montana,13740,"Billings, MT"
181,Carbon County,Pennsylvania,10900,"Allentown-Bethlehem-Easton, PA-NJ"
182,Carlton County,Minnesota,20260,"Duluth, MN-WI"
183,Carolina Municipio,Puerto Rico,41980,"San Juan-Carolina-Caguas, PR"
184,Caroline County,Virginia,40060,"Richmond, VA"
185,Carroll County,Maryland,12580,"Baltimore-Columbia-Towson, MD"
186,Carroll County,Indiana,29200,"Lafayette-West Lafayette, IN"
187,Carroll County,Ohio,15940,"Canton-Massillon, OH"
188,Carroll County,Georgia,12060,"Atlanta-Sandy Springs-Roswell, GA"
189,Carson City,Nevada,16180,"Carson City, NV"
190,Carson County,Texas,11100,"Amarillo, TX"
191,Carter County,Tennessee,27740,"Johnson City, TN"
192,Carver County,Minnesota,33460,"Minneapolis-St. Paul-Bloomington, MN-WI"
193,Cascade County,Montana,24500,"Great Falls, MT"
194,Cass County,North Dakota,22020,"Fargo, ND-MN"
195,Cass County,Nebraska,36540,"Omaha-Council Bluffs, NE-IA"
196,Cass County,Michigan,43780,"South Bend-Mishawaka, IN-MI"
197,Cass County,Missouri,28140,"Kansas City, MO-KS"
198,Cataño Municipio,Puerto Rico,41980,"San Juan-Carolina-Caguas, PR"
199,Catawba County,North Carolina,25860,"Hickory-Lenoir-Morganton, NC"
200,Catoosa County,Georgia,16860,"Chattanooga, TN-GA"
201,Cayey Municipio,Puerto Rico,41980,"San Juan-Carolina-Caguas, PR"
202,Cecil County,Maryland,37980,"Philadelphia-Camden-Wilmington, PA-NJ-DE-MD"
203,Ceiba Municipio,Puerto Rico,41980,"San Juan-Carolina-Caguas, PR"
204,Centre County,Pennsylvania,44300,"State College, PA"
205,Chambers County,Texas,26420,"Houston-The Woodlands-Sugar Land, TX"
206,Champaign County,Illinois,16580,"Champaign-Urbana, IL"
207,Charles City County,Virginia,40060,"Richmond, VA"
208,Charles County,Maryland,47900,"Washington-Arlington-Alexandria, DC-VA-MD-WV"
209,Charleston County,South Carolina,16700,"Charleston-North Charleston, SC"
210,Charlotte County,Florida,39460,"Punta Gorda, FL"
211,Charlottesville city,Virginia,16820,"Charlottesville, VA"
212,Chatham County,North Carolina,20500,"Durham-Chapel Hill, NC"
213,Chatham County,Georgia,42340,"Savannah, GA"
214,Chattahoochee County,Georgia,17980,"Columbus, GA-AL"
215,Cheatham County,Tennessee,34980,"Nashville-Davidson--Murfreesboro--Franklin, TN"
216,Chelan County,Washington,48300,"Wenatchee, WA"
217,Chemung County,New York,21300,"Elmira, NY"
218,Cherokee County,Georgia,12060,"Atlanta-Sandy Springs-Roswell, GA"
219,Chesapeake city,Virginia,47260,"Virginia Beach-Norfolk-Newport News, VA-NC"
220,Chester County,South Carolina,16740,"Charlotte-Concord-Gastonia, NC-SC"
221,Chester County,Tennessee,27180,"Jackson, TN"
222,Chester County,Pennsylvania,37980,"Philadelphia-Camden-Wilmington, PA-NJ-DE-MD"
223,Chesterfield County,Virginia,40060,"Richmond, VA"
224,Chilton County,Alabama,13820,"Birmingham-Hoover, AL"
225,Chippewa County,Wisconsin,20740,"Eau Claire, WI"
226,Chisago County,Minnesota,33460,"Minneapolis-St. Paul-Bloomington, MN-WI"
227,Chittenden County,Vermont,15540,"Burlington-South Burlington, VT"
228,Christian County,Missouri,44180,"Springfield, MO"
229,Christian County,Kentucky,17300,"Clarksville, TN-KY"
230,Ciales Municipio,Puerto Rico,41980,"San Juan-Carolina-Caguas, PR"
231,Cidra Municipio,Puerto Rico,41980,"San Juan-Carolina-Caguas, PR"
232,Citrus County,Florida,26140,"Homosassa Springs, FL"
233,Clackamas County,Oregon,38900,"Portland-Vancouver-Hillsboro, OR-WA"
234,Clark County,Nevada,29820,"Las Vegas-Henderson-Paradise, NV"
235,Clark County,Washington,38900,"Portland-Vancouver-Hillsboro, OR-WA"
236,Clark County,Indiana,31140,"Louisville/Jefferson County, KY-IN"
237,Clark County,Ohio,44220,"Springfield, OH"
238,Clark County,Kentucky,30460,"Lexington-Fayette, KY"
239,Clarke County,Virginia,47900,"Washington-Arlington-Alexandria, DC-VA-MD-WV"
240,Clarke County,Georgia,12020,"Athens-Clarke County, GA"
241,Clay County,West Virginia,16620,"Charleston, WV"
242,Clay County,Florida,27260,"Jacksonville, FL"
243,Clay County,Indiana,45460,"Terre Haute, IN"
244,Clay County,Minnesota,22020,"Fargo, ND-MN"
245,Clay County,Missouri,28140,"Kansas City, MO-KS"
246,Clay County,Texas,48660,"Wichita Falls, TX"
247,Clayton County,Georgia,12060,"Atlanta-Sandy Springs-Roswell, GA"
248,Clear Creek County,Colorado,19740,"Denver-Aurora-Lakewood, CO"
249,Clermont County,Ohio,17140,"Cincinnati, OH-KY-IN"
250,Cleveland County,Arkansas,38220,"Pine Bluff, AR"
251,Cleveland County,Oklahoma,36420,"Oklahoma City, OK"
252,Clinton County,Illinois,41180,"St. Louis, MO-IL"
253,Clinton County,Michigan,29620,"Lansing-East Lansing, MI"
254,Clinton County,Missouri,28140,"Kansas City, MO-KS"
255,Cobb County,Georgia,12060,"Atlanta-Sandy Springs-Roswell, GA"
256,Cochise County,Arizona,43420,"Sierra Vista-Douglas, AZ"
257,Coconino County,Arizona,22380,"Flagstaff, AZ"
258,Colbert County,Alabama,22520,"Florence-Muscle Shoals, AL"
259,Cole County,Missouri,27620,"Jefferson City, MO"
260,Collier County,Florida,34940,"Naples-Immokalee-Marco Island, FL"
261,Collin County,Texas,19100,"Dallas-Fort Worth-Arlington, TX"
262,Colonial Heights city,Virginia,40060,"Richmond, VA"
263,Columbia County,Oregon,38900,"Portland-Vancouver-Hillsboro, OR-WA"
264,Columbia County,Washington,47460,"Walla Walla, WA"
265,Columbia County,Wisconsin,31540,"Madison, WI"
266,Columbia County,Pennsylvania,14100,"Bloomsburg-Berwick, PA"
267,Columbia County,Georgia,12260,"Augusta-Richmond County, GA-SC"
268,Comal County,Texas,41700,"San Antonio-New Braunfels, TX"
269,Comanche County,Oklahoma,30020,"Lawton, OK"
270,Comerío Municipio,Puerto Rico,41980,"San Juan-Carolina-Caguas, PR"
271,Contra Costa County,California,41860,"San Francisco-Oakland-Hayward, CA"
272,Cook County,Illinois,16980,"Chicago-Naperville-Elgin, IL-IN-WI"
273,Copiah County,Mississippi,27140,"Jackson, MS"
274,Corozal Municipio,Puerto Rico,41980,"San Juan-Carolina-Caguas, PR"
275,Coryell County,Texas,28660,"Killeen-Temple, TX"
276,Cotton County,Oklahoma,30020,"Lawton, OK"
277,Coweta County,Georgia,12060,"Atlanta-Sandy Springs-Roswell, GA"
278,Cowlitz County,Washington,31020,"Longview, WA"
279,Craig County,Virginia,40220,"Roanoke, VA"
280,Craighead County,Arkansas,27860,"Jonesboro, AR"
281,Craven County,North Carolina,35100,"New Bern, NC"
282,Crawford County,Arkansas,22900,"Fort Smith, AR-OK"
283,Crawford County,Georgia,31420,"Macon-Bibb County, GA"
284,Creek County,Oklahoma,46140,"Tulsa, OK"
285,Crittenden County,Arkansas,32820,"Memphis, TN-MS-AR"
286,Crockett County,Tennessee,27180,"Jackson, TN"
287,Crosby County,Texas,31180,"Lubbock, TX"
288,Culpeper County,Virginia,47900,"Washington-Arlington-Alexandria, DC-VA-MD-WV"
289,Cumberland County,Maine,38860,"Portland-South Portland, ME"
290,Cumberland County,New Jersey,47220,"Vineland-Bridgeton, NJ"
291,Cumberland County,Pennsylvania,25420,"Harrisburg-Carlisle, PA"
292,Cumberland County,North Carolina,22180,"Fayetteville, NC"
293,Currituck County,North Carolina,47260,"Virginia Beach-Norfolk-Newport News, VA-NC"
294,Custer County,South Dakota,39660,"Rapid City, SD"
295,Cuyahoga County,Ohio,17460,"Cleveland-Elyria, OH"
296,Dade County,Georgia,16860,"Chattanooga, TN-GA"
297,Dakota County,Minnesota,33460,"Minneapolis-St. Paul-Bloomington, MN-WI"
298,Dakota County,Nebraska,43580,"Sioux City, IA-NE-SD"
299,Dallas County,Iowa,19780,"Des Moines-West Des Moines, IA"
300,Dallas County,Missouri,44180,"Springfield, MO"
301,Dallas County,Texas,19100,"Dallas-Fort Worth-Arlington, TX"
302,Dane County,Wisconsin,31540,"Madison, WI"
303,Darlington County,South Carolina,22500,"Florence, SC"
304,Dauphin County,Pennsylvania,25420,"Harrisburg-Carlisle, PA"
305,Davidson County,Tennessee,34980,"Nashville-Davidson--Murfreesboro--Franklin, TN"
306,Davidson County,North Carolina,49180,"Winston-Salem, NC"
307,Davie County,North Carolina,49180,"Winston-Salem, NC"
308,Daviess County,Kentucky,36980,"Owensboro, KY"
309,Davis County,Utah,36260,"Ogden-Clearfield, UT"
310,Dawson County,Georgia,12060,"Atlanta-Sandy Springs-Roswell, GA"
311,De Soto Parish,Louisiana,43340,"Shreveport-Bossier City, LA"
312,De Witt County,Illinois,14010,"Bloomington, IL"
313,Dearborn County,Indiana,17140,"Cincinnati, OH-KY-IN"
314,DeKalb County,Illinois,16980,"Chicago-Naperville-Elgin, IL-IN-WI"
315,DeKalb County,Missouri,41140,"St. Joseph, MO-KS"
316,DeKalb County,Georgia,12060,"Atlanta-Sandy Springs-Roswell, GA"
317,Delaware County,Indiana,34620,"Muncie, IN"
318,Delaware County,Ohio,18140,"Columbus, OH"
319,Delaware County,Pennsylvania,37980,"Philadelphia-Camden-Wilmington, PA-NJ-DE-MD"
320,Denton County,Texas,19100,"Dallas-Fort Worth-Arlington, TX"
321,Denver County,Colorado,19740,"Denver-Aurora-Lakewood, CO"
322,Deschutes County,Oregon,13460,"Bend-Redmond, OR"
323,DeSoto County,Mississippi,32820,"Memphis, TN-MS-AR"
324,Dickson County,Tennessee,34980,"Nashville-Davidson--Murfreesboro--Franklin, TN"
325,Dinwiddie County,Virginia,40060,"Richmond, VA"
326,District of Columbia,District of Columbia,47900,"Washington-Arlington-Alexandria, DC-VA-MD-WV"
327,Dixon County,Nebraska,43580,"Sioux City, IA-NE-SD"
328,Dodge County,Minnesota,40340,"Rochester, MN"
329,Doña Ana County,New Mexico,29740,"Las Cruces, NM"
330,Doniphan County,Kansas,41140,"St. Joseph, MO-KS"
331,Dorado Municipio,Puerto Rico,41980,"San Juan-Carolina-Caguas, PR"
332,Dorchester County,South Carolina,16700,"Charleston-North Charleston, SC"
333,Dougherty County,Georgia,10500,"Albany, GA"
334,Douglas County,Washington,48300,"Wenatchee, WA"
335,Douglas County,Wisconsin,20260,"Duluth, MN-WI"
336,Douglas County,Colorado,19740,"Denver-Aurora-Lakewood, CO"
337,Douglas County,Kansas,29940,"Lawrence, KS"
338,Douglas County,Nebraska,36540,"Omaha-Council Bluffs, NE-IA"
339,Douglas County,Georgia,12060,"Atlanta-Sandy Springs-Roswell, GA"
340,Dubuque County,Iowa,20220,"Dubuque, IA"
341,DuPage County,Illinois,16980,"Chicago-Naperville-Elgin, IL-IN-WI"
342,Durham County,North Carolina,20500,"Durham-Chapel Hill, NC"
343,Dutchess County,New York,35620,"New York-Newark-Jersey City, NY-NJ-PA"
344,Duval County,Florida,27260,"Jacksonville, FL"
345,East Baton Rouge Parish,Louisiana,12940,"Baton Rouge, LA"
346,East Feliciana Parish,Louisiana,12940,"Baton Rouge, LA"
347,Eaton County,Michigan,29620,"Lansing-East Lansing, MI"
348,Eau Claire County,Wisconsin,20740,"Eau Claire, WI"
349,Echols County,Georgia,46660,"Valdosta, GA"
350,Ector County,Texas,36220,"Odessa, TX"
351,Edgecombe County,North Carolina,40580,"Rocky Mount, NC"
352,Edgefield County,South Carolina,12260,"Augusta-Richmond County, GA-SC"
353,Edmonson County,Kentucky,14540,"Bowling Green, KY"
354,Effingham County,Georgia,42340,"Savannah, GA"
355,El Dorado County,California,40900,"Sacramento--Roseville--Arden-Arcade, CA"
356,El Paso County,Colorado,17820,"Colorado Springs, CO"
357,El Paso County,Texas,21340,"El Paso, TX"
358,Elbert County,Colorado,19740,"Denver-Aurora-Lakewood, CO"
359,Elkhart County,Indiana,21140,"Elkhart-Goshen, IN"
360,Ellis County,Texas,19100,"Dallas-Fort Worth-Arlington, TX"
361,Elmore County,Alabama,33860,"Montgomery, AL"
362,Erie County,New York,15380,"Buffalo-Cheektowaga-Niagara Falls, NY"
363,Erie County,Pennsylvania,21500,"Erie, PA"
364,Escambia County,Florida,37860,"Pensacola-Ferry Pass-Brent, FL"
365,Essex County,Massachusetts,14460,"Boston-Cambridge-Newton, MA-NH"
366,Essex County,New Jersey,35620,"New York-Newark-Jersey City, NY-NJ-PA"
367,Etowah County,Alabama,23460,"Gadsden, AL"
368,Fairbanks North Star Borough,Alaska,21820,"Fairbanks, AK"
369,Fairfax city,Virginia,47900,"Washington-Arlington-Alexandria, DC-VA-MD-WV"
370,Fairfax County,Virginia,47900,"Washington-Arlington-Alexandria, DC-VA-MD-WV"
371,Fairfield County,Connecticut,14860,"Bridgeport-Stamford-Norwalk, CT"
372,Fairfield County,South Carolina,17900,"Columbia, SC"
373,Fairfield County,Ohio,18140,"Columbus, OH"
374,Fajardo Municipio,Puerto Rico,41980,"San Juan-Carolina-Caguas, PR"
375,Falls Church city,Virginia,47900,"Washington-Arlington-Alexandria, DC-VA-MD-WV"
376,Falls County,Texas,47380,"Waco, TX"
377,Faulkner County,Arkansas,30780,"Little Rock-North Little Rock-Conway, AR"
378,Fauquier County,Virginia,47900,"Washington-Arlington-Alexandria, DC-VA-MD-WV"
379,Fayette County,West Virginia,13220,"Beckley, WV"
380,Fayette County,Tennessee,32820,"Memphis, TN-MS-AR"
381,Fayette County,Pennsylvania,38300,"Pittsburgh, PA"
382,Fayette County,Kentucky,30460,"Lexington-Fayette, KY"
383,Fayette County,Georgia,12060,"Atlanta-Sandy Springs-Roswell, GA"
384,Fillmore County,Minnesota,40340,"Rochester, MN"
385,Flagler County,Florida,19660,"Deltona-Daytona Beach-Ormond Beach, FL"
386,Florence County,South Carolina,22500,"Florence, SC"
387,Florida Municipio,Puerto Rico,41980,"San Juan-Carolina-Caguas, PR"
388,Floyd County,Indiana,31140,"Louisville/Jefferson County, KY-IN"
389,Floyd County,Virginia,13980,"Blacksburg-Christiansburg-Radford, VA"
390,Floyd County,Georgia,40660,"Rome, GA"
391,Fluvanna County,Virginia,16820,"Charlottesville, VA"
392,Fond du Lac County,Wisconsin,22540,"Fond du Lac, WI"
393,Ford County,Illinois,16580,"Champaign-Urbana, IL"
394,Forrest County,Mississippi,25620,"Hattiesburg, MS"
395,Forsyth County,North Carolina,49180,"Winston-Salem, NC"
396,Forsyth County,Georgia,12060,"Atlanta-Sandy Springs-Roswell, GA"
397,Fort Bend County,Texas,26420,"Houston-The Woodlands-Sugar Land, TX"
398,Franklin County,Vermont,15540,"Burlington-South Burlington, VT"
399,Franklin County,Washington,28420,"Kennewick-Richland, WA"
400,Franklin County,Idaho,30860,"Logan, UT-ID"
401,Franklin County,Ohio,18140,"Columbus, OH"
402,Franklin County,Pennsylvania,16540,"Chambersburg-Waynesboro, PA"
403,Franklin County,Virginia,40220,"Roanoke, VA"
404,Franklin County,North Carolina,39580,"Raleigh, NC"
405,Franklin County,Missouri,41180,"St. Louis, MO-IL"
406,Frederick County,Maryland,47900,"Washington-Arlington-Alexandria, DC-VA-MD-WV"
407,Frederick County,Virginia,49020,"Winchester, VA-WV"
408,Fredericksburg city,Virginia,47900,"Washington-Arlington-Alexandria, DC-VA-MD-WV"
409,Fresno County,California,23420,"Fresno, CA"
410,Fulton County,Ohio,45780,"Toledo, OH"
411,Fulton County,Georgia,12060,"Atlanta-Sandy Springs-Roswell, GA"
412,Gadsden County,Florida,45220,"Tallahassee, FL"
413,Gallatin County,Kentucky,17140,"Cincinnati, OH-KY-IN"
414,Galveston County,Texas,26420,"Houston-The Woodlands-Sugar Land, TX"
415,Garfield County,Oklahoma,21420,"Enid, OK"
416,Garland County,Arkansas,26300,"Hot Springs, AR"
417,Gaston County,North Carolina,16740,"Charlotte-Concord-Gastonia, NC-SC"
418,Gates County,North Carolina,47260,"Virginia Beach-Norfolk-Newport News, VA-NC"
419,Geauga County,Ohio,17460,"Cleveland-Elyria, OH"
420,Gem County,Idaho,14260,"Boise City, ID"
421,Genesee County,Michigan,22420,"Flint, MI"
422,Geneva County,Alabama,20020,"Dothan, AL"
423,Gilchrist County,Florida,23540,"Gainesville, FL"
424,Giles County,Virginia,13980,"Blacksburg-Christiansburg-Radford, VA"
425,Gilpin County,Colorado,19740,"Denver-Aurora-Lakewood, CO"
426,Gloucester County,New Jersey,37980,"Philadelphia-Camden-Wilmington, PA-NJ-DE-MD"
427,Gloucester County,Virginia,47260,"Virginia Beach-Norfolk-Newport News, VA-NC"
428,Glynn County,Georgia,15260,"Brunswick, GA"
429,Golden Valley County,Montana,13740,"Billings, MT"
430,Goliad County,Texas,47020,"Victoria, TX"
431,Goochland County,Virginia,40060,"Richmond, VA"
432,Grady County,Oklahoma,36420,"Oklahoma City, OK"
433,Grainger County,Tennessee,28940,"Knoxville, TN"
434,Grand Forks County,North Dakota,24220,"Grand Forks, ND-MN"
435,Grand Isle County,Vermont,15540,"Burlington-South Burlington, VT"
436,Grant County,Arkansas,30780,"Little Rock-North Little Rock-Conway, AR"
437,Grant County,Kentucky,17140,"Cincinnati, OH-KY-IN"
438,Grant Parish,Louisiana,10780,"Alexandria, LA"
439,Grayson County,Texas,43300,"Sherman-Denison, TX"
440,Green County,Wisconsin,31540,"Madison, WI"
441,Greene County,Ohio,19380,"Dayton, OH"
442,Greene County,Missouri,44180,"Springfield, MO"
443,Greene County,Virginia,16820,"Charlottesville, VA"
444,Greenup County,Kentucky,26580,"Huntington-Ashland, WV-KY-OH"
445,Greenville County,South Carolina,24860,"Greenville-Anderson-Mauldin, SC"
446,Gregg County,Texas,30980,"Longview, TX"
447,Grundy County,Illinois,16980,"Chicago-Naperville-Elgin, IL-IN-WI"
448,Grundy County,Iowa,47940,"Waterloo-Cedar Falls, IA"
449,Guadalupe County,Texas,41700,"San Antonio-New Braunfels, TX"
450,Guánica Municipio,Puerto Rico,38660,"Ponce, PR"
451,Guayama Municipio,Puerto Rico,25020,"Guayama, PR"
452,Guayanilla Municipio,Puerto Rico,38660,"Ponce, PR"
453,Guaynabo Municipio,Puerto Rico,41980,"San Juan-Carolina-Caguas, PR"
454,Guilford County,North Carolina,24660,"Greensboro-High Point, NC"
455,Gulf County,Florida,37460,"Panama City, FL"
456,Gurabo Municipio,Puerto Rico,41980,"San Juan-Carolina-Caguas, PR"
457,Guthrie County,Iowa,19780,"Des Moines-West Des Moines, IA"
458,Gwinnett County,Georgia,12060,"Atlanta-Sandy Springs-Roswell, GA"
459,Hale County,Alabama,46220,"Tuscaloosa, AL"
460,Hall County,Nebraska,24260,"Grand Island, NE"
461,Hall County,Georgia,23580,"Gainesville, GA"
462,Hamblen County,Tennessee,34100,"Morristown, TN"
463,Hamilton County,Indiana,26900,"Indianapolis-Carmel-Anderson, IN"
464,Hamilton County,Ohio,17140,"Cincinnati, OH-KY-IN"
465,Hamilton County,Tennessee,16860,"Chattanooga, TN-GA"
466,Hamilton County,Nebraska,24260,"Grand Island, NE"
467,Hampden County,Massachusetts,44140,"Springfield, MA"
468,Hampshire County,Massachusetts,44140,"Springfield, MA"
469,Hampshire County,West Virginia,49020,"Winchester, VA-WV"
470,Hampton city,Virginia,47260,"Virginia Beach-Norfolk-Newport News, VA-NC"
471,Hancock County,West Virginia,48260,"Weirton-Steubenville, WV-OH"
472,Hancock County,Mississippi,25060,"Gulfport-Biloxi-Pascagoula, MS"
473,Hancock County,Indiana,26900,"Indianapolis-Carmel-Anderson, IN"
474,Hancock County,Kentucky,36980,"Owensboro, KY"
475,Hanover County,Virginia,40060,"Richmond, VA"
476,Haralson County,Georgia,12060,"Atlanta-Sandy Springs-Roswell, GA"
477,Hardin County,Kentucky,21060,"Elizabethtown-Fort Knox, KY"
478,Hardin County,Texas,13140,"Beaumont-Port Arthur, TX"
479,Harford County,Maryland,12580,"Baltimore-Columbia-Towson, MD"
480,Harris County,Georgia,17980,"Columbus, GA-AL"
481,Harris County,Texas,26420,"Houston-The Woodlands-Sugar Land, TX"
482,Harrison County,Mississippi,25060,"Gulfport-Biloxi-Pascagoula, MS"
483,Harrison County,Indiana,31140,"Louisville/Jefferson County, KY-IN"
484,Harrison County,Iowa,36540,"Omaha-Council Bluffs, NE-IA"
485,Harrisonburg city,Virginia,25500,"Harrisonburg, VA"
486,Hartford County,Connecticut,25540,"Hartford-West Hartford-East Hartford, CT"
487,Harvey County,Kansas,48620,"Wichita, KS"
488,Hatillo Municipio,Puerto Rico,11640,"Arecibo, PR"
489,Hawkins County,Tennessee,28700,"Kingsport-Bristol-Bristol, TN-VA"
490,Hays County,Texas,12420,"Austin-Round Rock, TX"
491,Haywood County,North Carolina,11700,"Asheville, NC"
492,Heard County,Georgia,12060,"Atlanta-Sandy Springs-Roswell, GA"
493,Henderson County,North Carolina,11700,"Asheville, NC"
494,Henderson County,Kentucky,21780,"Evansville, IN-KY"
495,Hendricks County,Indiana,26900,"Indianapolis-Carmel-Anderson, IN"
496,Hennepin County,Minnesota,33460,"Minneapolis-St. Paul-Bloomington, MN-WI"
497,Henrico County,Virginia,40060,"Richmond, VA"
498,Henry County,Alabama,20020,"Dothan, AL"
499,Henry County,Illinois,19340,"Davenport-Moline-Rock Island, IA-IL"
500,Henry County,Kentucky,31140,"Louisville/Jefferson County, KY-IN"
501,Henry County,Georgia,12060,"Atlanta-Sandy Springs-Roswell, GA"
502,Herkimer County,New York,46540,"Utica-Rome, NY"
503,Hernando County,Florida,45300,"Tampa-St. Petersburg-Clearwater, FL"
504,Hickman County,Tennessee,34980,"Nashville-Davidson--Murfreesboro--Franklin, TN"
505,Hidalgo County,Texas,32580,"McAllen-Edinburg-Mission, TX"
506,Highlands County,Florida,42700,"Sebring, FL"
507,Hillsborough County,New Hampshire,31700,"Manchester-Nashua, NH"
508,Hillsborough County,Florida,45300,"Tampa-St. Petersburg-Clearwater, FL"
509,Hinds County,Mississippi,27140,"Jackson, MS"
510,Hocking County,Ohio,18140,"Columbus, OH"
511,Hoke County,North Carolina,22180,"Fayetteville, NC"
512,Honolulu County,Hawaii,46520,"Urban Honolulu, HI"
513,Hood County,Texas,19100,"Dallas-Fort Worth-Arlington, TX"
514,Hopewell city,Virginia,40060,"Richmond, VA"
515,Hormigueros Municipio,Puerto Rico,32420,"Mayagüez, PR"
516,Horry County,South Carolina,34820,"Myrtle Beach-Conway-North Myrtle Beach, SC-NC"
517,Houston County,Minnesota,29100,"La Crosse-Onalaska, WI-MN"
518,Houston County,Alabama,20020,"Dothan, AL"
519,Houston County,Georgia,47580,"Warner Robins, GA"
520,Howard County,Maryland,12580,"Baltimore-Columbia-Towson, MD"
521,Howard County,Indiana,29020,"Kokomo, IN"
522,Howard County,Nebraska,24260,"Grand Island, NE"
523,Hudson County,New Jersey,35620,"New York-Newark-Jersey City, NY-NJ-PA"
524,Hudspeth County,Texas,21340,"El Paso, TX"
525,Humacao Municipio,Puerto Rico,41980,"San Juan-Carolina-Caguas, PR"
526,Hunt County,Texas,19100,"Dallas-Fort Worth-Arlington, TX"
527,Hunterdon County,New Jersey,35620,"New York-Newark-Jersey City, NY-NJ-PA"
528,Iberia Parish,Louisiana,29180,"Lafayette, LA"
529,Iberville Parish,Louisiana,12940,"Baton Rouge, LA"
530,Imperial County,California,20940,"El Centro, CA"
531,Indian River County,Florida,42680,"Sebastian-Vero Beach, FL"
532,Ingham County,Michigan,29620,"Lansing-East Lansing, MI"
533,Iowa County,Wisconsin,31540,"Madison, WI"
534,Iredell County,North Carolina,16740,"Charlotte-Concord-Gastonia, NC-SC"
535,Irion County,Texas,41660,"San Angelo, TX"
536,Isabela Municipio,Puerto Rico,10380,"Aguadilla-Isabela, PR"
537,Isanti County,Minnesota,33460,"Minneapolis-St. Paul-Bloomington, MN-WI"
538,Isle of Wight County,Virginia,47260,"Virginia Beach-Norfolk-Newport News, VA-NC"
539,Jackson County,Oregon,32780,"Medford, OR"
540,Jackson County,Mississippi,25060,"Gulfport-Biloxi-Pascagoula, MS"
541,Jackson County,Michigan,27100,"Jackson, MI"
542,Jackson County,Illinois,16060,"Carbondale-Marion, IL"
543,Jackson County,Kansas,45820,"Topeka, KS"
544,Jackson County,Missouri,28140,"Kansas City, MO-KS"
545,James City County,Virginia,47260,"Virginia Beach-Norfolk-Newport News, VA-NC"
546,Jasper County,South Carolina,25940,"Hilton Head Island-Bluffton-Beaufort, SC"
547,Jasper County,Indiana,16980,"Chicago-Naperville-Elgin, IL-IN-WI"
548,Jasper County,Missouri,27900,"Joplin, MO"
549,Jasper County,Georgia,12060,"Atlanta-Sandy Springs-Roswell, GA"
550,Jefferson County,West Virginia,47900,"Washington-Arlington-Alexandria, DC-VA-MD-WV"
551,Jefferson County,New York,48060,"Watertown-Fort Drum, NY"
552,Jefferson County,Idaho,26820,"Idaho Falls, ID"
553,Jefferson County,Colorado,19740,"Denver-Aurora-Lakewood, CO"
554,Jefferson County,Florida,45220,"Tallahassee, FL"
555,Jefferson County,Arkansas,38220,"Pine Bluff, AR"
556,Jefferson County,Alabama,13820,"Birmingham-Hoover, AL"
557,Jefferson County,Ohio,48260,"Weirton-Steubenville, WV-OH"
558,Jefferson County,Kansas,45820,"Topeka, KS"
559,Jefferson County,Tennessee,34100,"Morristown, TN"
560,Jefferson County,Missouri,41180,"St. Louis, MO-IL"
561,Jefferson County,Kentucky,31140,"Louisville/Jefferson County, KY-IN"
562,Jefferson County,Texas,13140,"Beaumont-Port Arthur, TX"
563,Jefferson Parish,Louisiana,35380,"New Orleans-Metairie, LA"
564,Jersey County,Illinois,41180,"St. Louis, MO-IL"
565,Jessamine County,Kentucky,30460,"Lexington-Fayette, KY"
566,Johnson County,Indiana,26900,"Indianapolis-Carmel-Anderson, IN"
567,Johnson County,Kansas,28140,"Kansas City, MO-KS"
568,Johnson County,Iowa,26980,"Iowa City, IA"
569,Johnson County,Texas,19100,"Dallas-Fort Worth-Arlington, TX"
570,Johnston County,North Carolina,39580,"Raleigh, NC"
571,Jones County,North Carolina,35100,"New Bern, NC"
572,Jones County,Iowa,16300,"Cedar Rapids, IA"
573,Jones County,Georgia,31420,"Macon-Bibb County, GA"
574,Jones County,Texas,10180,"Abilene, TX"
575,Josephine County,Oregon,24420,"Grants Pass, OR"
576,Juab County,Utah,39340,"Provo-Orem, UT"
577,Juana Díaz Municipio,Puerto Rico,38660,"Ponce, PR"
578,Juncos Municipio,Puerto Rico,41980,"San Juan-Carolina-Caguas, PR"
579,Kalamazoo County,Michigan,28020,"Kalamazoo-Portage, MI"
580,Kalawao County,Hawaii,27980,"Kahului-Wailuku-Lahaina, HI"
581,Kanawha County,West Virginia,16620,"Charleston, WV"
582,Kane County,Illinois,16980,"Chicago-Naperville-Elgin, IL-IN-WI"
583,Kankakee County,Illinois,28100,"Kankakee, IL"
584,Kaufman County,Texas,19100,"Dallas-Fort Worth-Arlington, TX"
585,Kendall County,Illinois,16980,"Chicago-Naperville-Elgin, IL-IN-WI"
586,Kendall County,Texas,41700,"San Antonio-New Braunfels, TX"
587,Kenosha County,Wisconsin,16980,"Chicago-Naperville-Elgin, IL-IN-WI"
588,Kent County,Delaware,20100,"Dover, DE"
589,Kent County,Rhode Island,39300,"Providence-Warwick, RI-MA"
590,Kent County,Michigan,24340,"Grand Rapids-Wyoming, MI"
591,Kenton County,Kentucky,17140,"Cincinnati, OH-KY-IN"
592,Kern County,California,12540,"Bakersfield, CA"
593,Kershaw County,South Carolina,17900,"Columbia, SC"
594,Kewaunee County,Wisconsin,24580,"Green Bay, WI"
595,King County,Washington,42660,"Seattle-Tacoma-Bellevue, WA"
596,King William County,Virginia,40060,"Richmond, VA"
597,Kingman County,Kansas,48620,"Wichita, KS"
598,Kings County,California,25260,"Hanford-Corcoran, CA"
599,Kings County,New York,35620,"New York-Newark-Jersey City, NY-NJ-PA"
600,Kitsap County,Washington,14740,"Bremerton-Silverdale, WA"
601,Knox County,Tennessee,28940,"Knoxville, TN"
602,Kootenai County,Idaho,17660,"Coeur d'Alene, ID"
603,La Crosse County,Wisconsin,29100,"La Crosse-Onalaska, WI-MN"
604,Lackawanna County,Pennsylvania,42540,"Scranton--Wilkes-Barre--Hazleton, PA"
605,Lafayette County,Missouri,28140,"Kansas City, MO-KS"
606,Lafayette Parish,Louisiana,29180,"Lafayette, LA"
607,Lafourche Parish,Louisiana,26380,"Houma-Thibodaux, LA"
608,Lajas Municipio,Puerto Rico,41900,"San Germán, PR"
609,Lake County,Florida,36740,"Orlando-Kissimmee-Sanford, FL"
610,Lake County,Ohio,17460,"Cleveland-Elyria, OH"
611,Lake County,Indiana,16980,"Chicago-Naperville-Elgin, IL-IN-WI"
612,Lake County,Illinois,16980,"Chicago-Naperville-Elgin, IL-IN-WI"
613,Lamar County,Mississippi,25620,"Hattiesburg, MS"
614,Lamar County,Georgia,12060,"Atlanta-Sandy Springs-Roswell, GA"
615,Lampasas County,Texas,28660,"Killeen-Temple, TX"
616,Lancaster County,South Carolina,16740,"Charlotte-Concord-Gastonia, NC-SC"
617,Lancaster County,Pennsylvania,29540,"Lancaster, PA"
618,Lancaster County,Nebraska,30700,"Lincoln, NE"
619,Lane County,Oregon,21660,"Eugene, OR"
620,Lanier County,Georgia,46660,"Valdosta, GA"
621,Lapeer County,Michigan,19820,"Detroit-Warren-Dearborn, MI"
622,LaPorte County,Indiana,33140,"Michigan City-La Porte, IN"
623,Laramie County,Wyoming,16940,"Cheyenne, WY"
624,Lares Municipio,Puerto Rico,10380,"Aguadilla-Isabela, PR"
625,Larimer County,Colorado,22660,"Fort Collins, CO"
626,Larue County,Kentucky,21060,"Elizabethtown-Fort Knox, KY"
627,Las Piedras Municipio,Puerto Rico,41980,"San Juan-Carolina-Caguas, PR"
628,Lauderdale County,Alabama,22520,"Florence-Muscle Shoals, AL"
629,Laurens County,South Carolina,24860,"Greenville-Anderson-Mauldin, SC"
630,Lawrence County,Alabama,19460,"Decatur, AL"
631,Lawrence County,Ohio,26580,"Huntington-Ashland, WV-KY-OH"
632,Le Flore County,Oklahoma,22900,"Fort Smith, AR-OK"
633,Le Sueur County,Minnesota,33460,"Minneapolis-St. Paul-Bloomington, MN-WI"
634,Leavenworth County,Kansas,28140,"Kansas City, MO-KS"
635,Lebanon County,Pennsylvania,30140,"Lebanon, PA"
636,Lee County,Florida,15980,"Cape Coral-Fort Myers, FL"
637,Lee County,Alabama,12220,"Auburn-Opelika, AL"
638,Lee County,Georgia,10500,"Albany, GA"
639,Lehigh County,Pennsylvania,10900,"Allentown-Bethlehem-Easton, PA-NJ"
640,Leon County,Florida,45220,"Tallahassee, FL"
641,Lexington County,South Carolina,17900,"Columbia, SC"
642,Liberty County,Georgia,25980,"Hinesville, GA"
643,Liberty County,Texas,26420,"Houston-The Woodlands-Sugar Land, TX"
644,Licking County,Ohio,18140,"Columbus, OH"
645,Limestone County,Alabama,26620,"Huntsville, AL"
646,Lincoln County,West Virginia,26580,"Huntington-Ashland, WV-KY-OH"
647,Lincoln County,Arkansas,38220,"Pine Bluff, AR"
648,Lincoln County,Oklahoma,36420,"Oklahoma City, OK"
649,Lincoln County,South Dakota,43620,"Sioux Falls, SD"
650,Lincoln County,North Carolina,16740,"Charlotte-Concord-Gastonia, NC-SC"
651,Lincoln County,Missouri,41180,"St. Louis, MO-IL"
652,Lincoln County,Georgia,12260,"Augusta-Richmond County, GA-SC"
653,Linn County,Oregon,10540,"Albany, OR"
654,Linn County,Kansas,28140,"Kansas City, MO-KS"
655,Linn County,Iowa,16300,"Cedar Rapids, IA"
656,Little River County,Arkansas,45500,"Texarkana, TX-AR"
657,Livingston County,New York,40380,"Rochester, NY"
658,Livingston County,Michigan,19820,"Detroit-Warren-Dearborn, MI"
659,Livingston Parish,Louisiana,12940,"Baton Rouge, LA"
660,Logan County,Oklahoma,36420,"Oklahoma City, OK"
661,Loíza Municipio,Puerto Rico,41980,"San Juan-Carolina-Caguas, PR"
662,Long County,Georgia,25980,"Hinesville, GA"
663,Lonoke County,Arkansas,30780,"Little Rock-North Little Rock-Conway, AR"
664,Lorain County,Ohio,17460,"Cleveland-Elyria, OH"
665,Los Angeles County,California,31080,"Los Angeles-Long Beach-Anaheim, CA"
666,Loudon County,Tennessee,28940,"Knoxville, TN"
667,Loudoun County,Virginia,47900,"Washington-Arlington-Alexandria, DC-VA-MD-WV"
668,Lowndes County,Alabama,33860,"Montgomery, AL"
669,Lowndes County,Georgia,46660,"Valdosta, GA"
670,Lubbock County,Texas,31180,"Lubbock, TX"
671,Lucas County,Ohio,45780,"Toledo, OH"
672,Luquillo Municipio,Puerto Rico,41980,"San Juan-Carolina-Caguas, PR"
673,Luzerne County,Pennsylvania,42540,"Scranton--Wilkes-Barre--Hazleton, PA"
674,Lycoming County,Pennsylvania,48700,"Williamsport, PA"
675,Lynchburg city,Virginia,31340,"Lynchburg, VA"
676,Lynn County,Texas,31180,"Lubbock, TX"
677,Macomb County,Michigan,19820,"Detroit-Warren-Dearborn, MI"
678,Macon County,Tennessee,34980,"Nashville-Davidson--Murfreesboro--Franklin, TN"
679,Macon County,Illinois,19500,"Decatur, IL"
680,Macoupin County,Illinois,41180,"St. Louis, MO-IL"
681,Madera County,California,31460,"Madera, CA"
682,Madison County,New York,45060,"Syracuse, NY"
683,Madison County,Arkansas,22220,"Fayetteville-Springdale-Rogers, AR-MO"
684,Madison County,Alabama,26620,"Huntsville, AL"
685,Madison County,Mississippi,27140,"Jackson, MS"
686,Madison County,Indiana,26900,"Indianapolis-Carmel-Anderson, IN"
687,Madison County,Ohio,18140,"Columbus, OH"
688,Madison County,Tennessee,27180,"Jackson, TN"
689,Madison County,North Carolina,11700,"Asheville, NC"
690,Madison County,Illinois,41180,"St. Louis, MO-IL"
691,Madison County,Iowa,19780,"Des Moines-West Des Moines, IA"
692,Madison County,Georgia,12020,"Athens-Clarke County, GA"
693,Mahoning County,Ohio,49660,"Youngstown-Warren-Boardman, OH-PA"
694,Manassas city,Virginia,47900,"Washington-Arlington-Alexandria, DC-VA-MD-WV"
695,Manassas Park city,Virginia,47900,"Washington-Arlington-Alexandria, DC-VA-MD-WV"
696,Manatee County,Florida,35840,"North Port-Sarasota-Bradenton, FL"
697,Manatí Municipio,Puerto Rico,41980,"San Juan-Carolina-Caguas, PR"
698,Marathon County,Wisconsin,48140,"Wausau, WI"
699,Maricopa County,Arizona,38060,"Phoenix-Mesa-Scottsdale, AZ"
700,Marin County,California,41860,"San Francisco-Oakland-Hayward, CA"
701,Marion County,Oregon,41420,"Salem, OR"
702,Marion County,Florida,36100,"Ocala, FL"
703,Marion County,Indiana,26900,"Indianapolis-Carmel-Anderson, IN"
704,Marion County,Tennessee,16860,"Chattanooga, TN-GA"
705,Marion County,Georgia,17980,"Columbus, GA-AL"
706,Marshall County,West Virginia,48540,"Wheeling, WV-OH"
707,Marshall County,Mississippi,32820,"Memphis, TN-MS-AR"
708,Marshall County,Illinois,37900,"Peoria, IL"
709,Martin County,Florida,38940,"Port St. Lucie, FL"
710,Martin County,Texas,33260,"Midland, TX"
711,Matanuska-Susitna Borough,Alaska,11260,"Anchorage, AK"
712,Mathews County,Virginia,47260,"Virginia Beach-Norfolk-Newport News, VA-NC"
713,Maui County,Hawaii,27980,"Kahului-Wailuku-Lahaina, HI"
714,Maunabo Municipio,Puerto Rico,41980,"San Juan-Carolina-Caguas, PR"
715,Maury County,Tennessee,34980,"Nashville-Davidson--Murfreesboro--Franklin, TN"
716,Mayagüez Municipio,Puerto Rico,32420,"Mayagüez, PR"
717,McClain County,Oklahoma,36420,"Oklahoma City, OK"
718,McCook County,South Dakota,43620,"Sioux Falls, SD"
719,McDonald County,Missouri,22220,"Fayetteville-Springdale-Rogers, AR-MO"
720,McDuffie County,Georgia,12260,"Augusta-Richmond County, GA-SC"
721,McHenry County,Illinois,16980,"Chicago-Naperville-Elgin, IL-IN-WI"
722,McIntosh County,Georgia,15260,"Brunswick, GA"
723,McLean County,Illinois,14010,"Bloomington, IL"
724,McLean County,Kentucky,36980,"Owensboro, KY"
725,McLennan County,Texas,47380,"Waco, TX"
726,Meade County,South Dakota,39660,"Rapid City, SD"
727,Meade County,Kentucky,21060,"Elizabethtown-Fort Knox, KY"
728,Mecklenburg County,North Carolina,16740,"Charlotte-Concord-Gastonia, NC-SC"
729,Medina County,Ohio,17460,"Cleveland-Elyria, OH"
730,Medina County,Texas,41700,"San Antonio-New Braunfels, TX"
731,Menard County,Illinois,44100,"Springfield, IL"
732,Merced County,California,32900,"Merced, CA"
733,Mercer County,New Jersey,45940,"Trenton, NJ"
734,Mercer County,Pennsylvania,49660,"Youngstown-Warren-Boardman, OH-PA"
735,Mercer County,Illinois,19340,"Davenport-Moline-Rock Island, IA-IL"
736,Meriwether County,Georgia,12060,"Atlanta-Sandy Springs-Roswell, GA"
737,Merrick County,Nebraska,24260,"Grand Island, NE"
738,Mesa County,Colorado,24300,"Grand Junction, CO"
739,Miami County,Ohio,19380,"Dayton, OH"
740,Miami County,Kansas,28140,"Kansas City, MO-KS"
741,Miami-Dade County,Florida,33100,"Miami-Fort Lauderdale-West Palm Beach, FL"
742,Middlesex County,Connecticut,25540,"Hartford-West Hartford-East Hartford, CT"
743,Middlesex County,Massachusetts,14460,"Boston-Cambridge-Newton, MA-NH"
744,Middlesex County,New Jersey,35620,"New York-Newark-Jersey City, NY-NJ-PA"
745,Midland County,Michigan,33220,"Midland, MI"
746,Midland County,Texas,33260,"Midland, TX"
747,Mille Lacs County,Minnesota,33460,"Minneapolis-St. Paul-Bloomington, MN-WI"
748,Miller County,Arkansas,45500,"Texarkana, TX-AR"
749,Mills County,Iowa,36540,"Omaha-Council Bluffs, NE-IA"
750,Milwaukee County,Wisconsin,33340,"Milwaukee-Waukesha-West Allis, WI"
751,Mineral County,West Virginia,19060,"Cumberland, MD-WV"
752,Minnehaha County,South Dakota,43620,"Sioux Falls, SD"
753,Missoula County,Montana,33540,"Missoula, MT"
754,Mobile County,Alabama,33660,"Mobile, AL"
755,Moca Municipio,Puerto Rico,10380,"Aguadilla-Isabela, PR"
756,Mohave County,Arizona,29420,"Lake Havasu City-Kingman, AZ"
757,Moniteau County,Missouri,27620,"Jefferson City, MO"
758,Monmouth County,New Jersey,35620,"New York-Newark-Jersey City, NY-NJ-PA"
759,Monongalia County,West Virginia,34060,"Morgantown, WV"
760,Monroe County,New York,40380,"Rochester, NY"
761,Monroe County,Pennsylvania,20700,"East Stroudsburg, PA"
762,Monroe County,Indiana,14020,"Bloomington, IN"
763,Monroe County,Michigan,33780,"Monroe, MI"
764,Monroe County,Illinois,41180,"St. Louis, MO-IL"
765,Monroe County,Georgia,31420,"Macon-Bibb County, GA"
766,Montcalm County,Michigan,24340,"Grand Rapids-Wyoming, MI"
767,Monterey County,California,41500,"Salinas, CA"
768,Montgomery County,Maryland,47900,"Washington-Arlington-Alexandria, DC-VA-MD-WV"
769,Montgomery County,Pennsylvania,37980,"Philadelphia-Camden-Wilmington, PA-NJ-DE-MD"
770,Montgomery County,Alabama,33860,"Montgomery, AL"
771,Montgomery County,Ohio,19380,"Dayton, OH"
772,Montgomery County,Virginia,13980,"Blacksburg-Christiansburg-Radford, VA"
773,Montgomery County,Tennessee,17300,"Clarksville, TN-KY"
774,Montgomery County,Texas,26420,"Houston-The Woodlands-Sugar Land, TX"
775,Montour County,Pennsylvania,14100,"Bloomsburg-Berwick, PA"
776,Morgan County,Utah,36260,"Ogden-Clearfield, UT"
777,Morgan County,Alabama,19460,"Decatur, AL"
778,Morgan County,Indiana,26900,"Indianapolis-Carmel-Anderson, IN"
779,Morgan County,Tennessee,28940,"Knoxville, TN"
780,Morgan County,Georgia,12060,"Atlanta-Sandy Springs-Roswell, GA"
781,Morovis Municipio,Puerto Rico,41980,"San Juan-Carolina-Caguas, PR"
782,Morris County,New Jersey,35620,"New York-Newark-Jersey City, NY-NJ-PA"
783,Morrow County,Ohio,18140,"Columbus, OH"
784,Morton County,North Dakota,13900,"Bismarck, ND"
785,Multnomah County,Oregon,38900,"Portland-Vancouver-Hillsboro, OR-WA"
786,Murray County,Georgia,19140,"Dalton, GA"
787,Muscogee County,Georgia,17980,"Columbus, GA-AL"
788,Muskegon County,Michigan,34740,"Muskegon, MI"
789,Naguabo Municipio,Puerto Rico,41980,"San Juan-Carolina-Caguas, PR"
790,Napa County,California,34900,"Napa, CA"
791,Naranjito Municipio,Puerto Rico,41980,"San Juan-Carolina-Caguas, PR"
792,Nash County,North Carolina,40580,"Rocky Mount, NC"
793,Nassau County,New York,35620,"New York-Newark-Jersey City, NY-NJ-PA"
794,Nassau County,Florida,27260,"Jacksonville, FL"
795,Natrona County,Wyoming,16220,"Casper, WY"
796,Nelson County,Virginia,16820,"Charlottesville, VA"
797,New Castle County,Delaware,37980,"Philadelphia-Camden-Wilmington, PA-NJ-DE-MD"
798,New Hanover County,North Carolina,48900,"Wilmington, NC"
799,New Haven County,Connecticut,35300,"New Haven-Milford, CT"
800,New Kent County,Virginia,40060,"Richmond, VA"
801,New London County,Connecticut,35980,"Norwich-New London, CT"
802,New York County,New York,35620,"New York-Newark-Jersey City, NY-NJ-PA"
803,Newport County,Rhode Island,39300,"Providence-Warwick, RI-MA"
804,Newport News city,Virginia,47260,"Virginia Beach-Norfolk-Newport News, VA-NC"
805,Newton County,Indiana,16980,"Chicago-Naperville-Elgin, IL-IN-WI"
806,Newton County,Missouri,27900,"Joplin, MO"
807,Newton County,Georgia,12060,"Atlanta-Sandy Springs-Roswell, GA"
808,Newton County,Texas,13140,"Beaumont-Port Arthur, TX"
809,Nez Perce County,Idaho,30300,"Lewiston, ID-WA"
810,Niagara County,New York,15380,"Buffalo-Cheektowaga-Niagara Falls, NY"
811,Nicollet County,Minnesota,31860,"Mankato-North Mankato, MN"
812,Norfolk city,Virginia,47260,"Virginia Beach-Norfolk-Newport News, VA-NC"
813,Norfolk County,Massachusetts,14460,"Boston-Cambridge-Newton, MA-NH"
814,Northampton County,Pennsylvania,10900,"Allentown-Bethlehem-Easton, PA-NJ"
815,Nueces County,Texas,18580,"Corpus Christi, TX"
816,Oakland County,Michigan,19820,"Detroit-Warren-Dearborn, MI"
817,Ocean County,New Jersey,35620,"New York-Newark-Jersey City, NY-NJ-PA"
818,Oconee County,Georgia,12020,"Athens-Clarke County, GA"
819,Oconto County,Wisconsin,24580,"Green Bay, WI"
820,Oglethorpe County,Georgia,12020,"Athens-Clarke County, GA"
821,Ohio County,West Virginia,48540,"Wheeling, WV-OH"
822,Ohio County,Indiana,17140,"Cincinnati, OH-KY-IN"
823,Okaloosa County,Florida,18880,"Crestview-Fort Walton Beach-Destin, FL"
824,Oklahoma County,Oklahoma,36420,"Oklahoma City, OK"
825,Okmulgee County,Oklahoma,46140,"Tulsa, OK"
826,Oldham County,Kentucky,31140,"Louisville/Jefferson County, KY-IN"
827,Oldham County,Texas,11100,"Amarillo, TX"
828,Oliver County,North Dakota,13900,"Bismarck, ND"
829,Olmsted County,Minnesota,40340,"Rochester, MN"
830,Oneida County,New York,46540,"Utica-Rome, NY"
831,Onondaga County,New York,45060,"Syracuse, NY"
832,Onslow County,North Carolina,27340,"Jacksonville, NC"
833,Ontario County,New York,40380,"Rochester, NY"
834,Orange County,California,31080,"Los Angeles-Long Beach-Anaheim, CA"
835,Orange County,New York,35620,"New York-Newark-Jersey City, NY-NJ-PA"
836,Orange County,Florida,36740,"Orlando-Kissimmee-Sanford, FL"
837,Orange County,North Carolina,20500,"Durham-Chapel Hill, NC"
838,Orange County,Texas,13140,"Beaumont-Port Arthur, TX"
839,Orleans County,New York,40380,"Rochester, NY"
840,Orleans Parish,Louisiana,35380,"New Orleans-Metairie, LA"
841,Orocovis Municipio,Puerto Rico,41980,"San Juan-Carolina-Caguas, PR"
842,Osage County,Oklahoma,46140,"Tulsa, OK"
843,Osage County,Kansas,45820,"Topeka, KS"
844,Osage County,Missouri,27620,"Jefferson City, MO"
845,Osceola County,Florida,36740,"Orlando-Kissimmee-Sanford, FL"
846,Oswego County,New York,45060,"Syracuse, NY"
847,Ottawa County,Michigan,24340,"Grand Rapids-Wyoming, MI"
848,Ouachita Parish,Louisiana,33740,"Monroe, LA"
849,Outagamie County,Wisconsin,11540,"Appleton, WI"
850,Owen County,Indiana,14020,"Bloomington, IN"
851,Owyhee County,Idaho,14260,"Boise City, ID"
852,Ozaukee County,Wisconsin,33340,"Milwaukee-Waukesha-West Allis, WI"
853,Palm Beach County,Florida,33100,"Miami-Fort Lauderdale-West Palm Beach, FL"
854,Pamlico County,North Carolina,35100,"New Bern, NC"
855,Park County,Colorado,19740,"Denver-Aurora-Lakewood, CO"
856,Parker County,Texas,19100,"Dallas-Fort Worth-Arlington, TX"
857,Pasco County,Florida,45300,"Tampa-St. Petersburg-Clearwater, FL"
858,Passaic County,New Jersey,35620,"New York-Newark-Jersey City, NY-NJ-PA"
859,Patillas Municipio,Puerto Rico,25020,"Guayama, PR"
860,Paulding County,Georgia,12060,"Atlanta-Sandy Springs-Roswell, GA"
861,Pawnee County,Oklahoma,46140,"Tulsa, OK"
862,Peach County,Georgia,47580,"Warner Robins, GA"
863,Pend Oreille County,Washington,44060,"Spokane-Spokane Valley, WA"
864,Pender County,North Carolina,48900,"Wilmington, NC"
865,Pendleton County,Kentucky,17140,"Cincinnati, OH-KY-IN"
866,Pennington County,South Dakota,39660,"Rapid City, SD"
867,Penobscot County,Maine,12620,"Bangor, ME"
868,Peñuelas Municipio,Puerto Rico,38660,"Ponce, PR"
869,Peoria County,Illinois,37900,"Peoria, IL"
870,Perry County,Pennsylvania,25420,"Harrisburg-Carlisle, PA"
871,Perry County,Arkansas,30780,"Little Rock-North Little Rock-Conway, AR"
872,Perry County,Mississippi,25620,"Hattiesburg, MS"
873,Perry County,Ohio,18140,"Columbus, OH"
874,Person County,North Carolina,20500,"Durham-Chapel Hill, NC"
875,Petersburg city,Virginia,40060,"Richmond, VA"
876,Philadelphia County,Pennsylvania,37980,"Philadelphia-Camden-Wilmington, PA-NJ-DE-MD"
877,Piatt County,Illinois,16580,"Champaign-Urbana, IL"
878,Pickaway County,Ohio,18140,"Columbus, OH"
879,Pickens County,South Carolina,24860,"Greenville-Anderson-Mauldin, SC"
880,Pickens County,Alabama,46220,"Tuscaloosa, AL"
881,Pickens County,Georgia,12060,"Atlanta-Sandy Springs-Roswell, GA"
882,Pierce County,Washington,42660,"Seattle-Tacoma-Bellevue, WA"
883,Pierce County,Wisconsin,33460,"Minneapolis-St. Paul-Bloomington, MN-WI"
884,Pike County,Pennsylvania,35620,"New York-Newark-Jersey City, NY-NJ-PA"
885,Pike County,Georgia,12060,"Atlanta-Sandy Springs-Roswell, GA"
886,Pima County,Arizona,46060,"Tucson, AZ"
887,Pinal County,Arizona,38060,"Phoenix-Mesa-Scottsdale, AZ"
888,Pinellas County,Florida,45300,"Tampa-St. Petersburg-Clearwater, FL"
889,Pitt County,North Carolina,24780,"Greenville, NC"
890,Placer County,California,40900,"Sacramento--Roseville--Arden-Arcade, CA"
891,Plaquemines Parish,Louisiana,35380,"New Orleans-Metairie, LA"
892,Platte County,Missouri,28140,"Kansas City, MO-KS"
893,Plymouth County,Massachusetts,14460,"Boston-Cambridge-Newton, MA-NH"
894,Plymouth County,Iowa,43580,"Sioux City, IA-NE-SD"
895,Poinsett County,Arkansas,27860,"Jonesboro, AR"
896,Pointe Coupee Parish,Louisiana,12940,"Baton Rouge, LA"
897,Polk County,Oregon,41420,"Salem, OR"
898,Polk County,Florida,29460,"Lakeland-Winter Haven, FL"
899,Polk County,Minnesota,24220,"Grand Forks, ND-MN"
900,Polk County,Tennessee,17420,"Cleveland, TN"
901,Polk County,Iowa,19780,"Des Moines-West Des Moines, IA"
902,Polk County,Missouri,44180,"Springfield, MO"
903,Ponce Municipio,Puerto Rico,38660,"Ponce, PR"
904,Poquoson city,Virginia,47260,"Virginia Beach-Norfolk-Newport News, VA-NC"
905,Portage County,Ohio,10420,"Akron, OH"
906,Porter County,Indiana,16980,"Chicago-Naperville-Elgin, IL-IN-WI"
907,Portsmouth city,Virginia,47260,"Virginia Beach-Norfolk-Newport News, VA-NC"
908,Posey County,Indiana,21780,"Evansville, IN-KY"
909,Pottawatomie County,Kansas,31740,"Manhattan, KS"
910,Pottawattamie County,Iowa,36540,"Omaha-Council Bluffs, NE-IA"
911,Potter County,Texas,11100,"Amarillo, TX"
912,Powhatan County,Virginia,40060,"Richmond, VA"
913,Preston County,West Virginia,34060,"Morgantown, WV"
914,Prince George County,Virginia,40060,"Richmond, VA"
915,Prince George's County,Maryland,47900,"Washington-Arlington-Alexandria, DC-VA-MD-WV"
916,Prince William County,Virginia,47900,"Washington-Arlington-Alexandria, DC-VA-MD-WV"
917,Providence County,Rhode Island,39300,"Providence-Warwick, RI-MA"
918,Pueblo County,Colorado,39380,"Pueblo, CO"
919,Pulaski County,Arkansas,30780,"Little Rock-North Little Rock-Conway, AR"
920,Pulaski County,Virginia,13980,"Blacksburg-Christiansburg-Radford, VA"
921,Pulaski County,Georgia,47580,"Warner Robins, GA"
922,Putnam County,New York,35620,"New York-Newark-Jersey City, NY-NJ-PA"
923,Putnam County,West Virginia,26580,"Huntington-Ashland, WV-KY-OH"
924,Putnam County,Indiana,26900,"Indianapolis-Carmel-Anderson, IN"
925,Quebradillas Municipio,Puerto Rico,11640,"Arecibo, PR"
926,Queen Anne's County,Maryland,12580,"Baltimore-Columbia-Towson, MD"
927,Queens County,New York,35620,"New York-Newark-Jersey City, NY-NJ-PA"
928,Racine County,Wisconsin,39540,"Racine, WI"
929,Radford city,Virginia,13980,"Blacksburg-Christiansburg-Radford, VA"
930,Raleigh County,West Virginia,13220,"Beckley, WV"
931,Ramsey County,Minnesota,33460,"Minneapolis-St. Paul-Bloomington, MN-WI"
932,Randall County,Texas,11100,"Amarillo, TX"
933,Randolph County,North Carolina,24660,"Greensboro-High Point, NC"
934,Rankin County,Mississippi,27140,"Jackson, MS"
935,Rapides Parish,Louisiana,10780,"Alexandria, LA"
936,Rappahannock County,Virginia,47900,"Washington-Arlington-Alexandria, DC-VA-MD-WV"
937,Ray County,Missouri,28140,"Kansas City, MO-KS"
938,Rensselaer County,New York,10580,"Albany-Schenectady-Troy, NY"
939,Richland County,South Carolina,17900,"Columbia, SC"
940,Richland County,Ohio,31900,"Mansfield, OH"
941,Richmond city,Virginia,40060,"Richmond, VA"
942,Richmond County,New York,35620,"New York-Newark-Jersey City, NY-NJ-PA"
943,Richmond County,Georgia,12260,"Augusta-Richmond County, GA-SC"
944,Riley County,Kansas,31740,"Manhattan, KS"
945,Rincón Municipio,Puerto Rico,10380,"Aguadilla-Isabela, PR"
946,Río Grande Municipio,Puerto Rico,41980,"San Juan-Carolina-Caguas, PR"
947,Riverside County,California,40140,"Riverside-San Bernardino-Ontario, CA"
948,Roane County,Tennessee,28940,"Knoxville, TN"
949,Roanoke city,Virginia,40220,"Roanoke, VA"
950,Roanoke County,Virginia,40220,"Roanoke, VA"
951,Robertson County,Tennessee,34980,"Nashville-Davidson--Murfreesboro--Franklin, TN"
952,Robertson County,Texas,17780,"College Station-Bryan, TX"
953,Rock County,Wisconsin,27500,"Janesville-Beloit, WI"
954,Rock Island County,Illinois,19340,"Davenport-Moline-Rock Island, IA-IL"
955,Rockdale County,Georgia,12060,"Atlanta-Sandy Springs-Roswell, GA"
956,Rockingham County,New Hampshire,14460,"Boston-Cambridge-Newton, MA-NH"
957,Rockingham County,North Carolina,24660,"Greensboro-High Point, NC"
958,Rockingham County,Virginia,25500,"Harrisonburg, VA"
959,Rockland County,New York,35620,"New York-Newark-Jersey City, NY-NJ-PA"
960,Rockwall County,Texas,19100,"Dallas-Fort Worth-Arlington, TX"
961,Rogers County,Oklahoma,46140,"Tulsa, OK"
962,Rowan County,North Carolina,16740,"Charlotte-Concord-Gastonia, NC-SC"
963,Rusk County,Texas,30980,"Longview, TX"
964,Russell County,Alabama,17980,"Columbus, GA-AL"
965,Rutherford County,Tennessee,34980,"Nashville-Davidson--Murfreesboro--Franklin, TN"
966,Sabana Grande Municipio,Puerto Rico,41900,"San Germán, PR"
967,Sacramento County,California,40900,"Sacramento--Roseville--Arden-Arcade, CA"
968,Sagadahoc County,Maine,38860,"Portland-South Portland, ME"
969,Saginaw County,Michigan,40980,"Saginaw, MI"
970,Salem city,Virginia,40220,"Roanoke, VA"
971,Salem County,New Jersey,37980,"Philadelphia-Camden-Wilmington, PA-NJ-DE-MD"
972,Saline County,Arkansas,30780,"Little Rock-North Little Rock-Conway, AR"
973,Salt Lake County,Utah,41620,"Salt Lake City, UT"
974,Saluda County,South Carolina,17900,"Columbia, SC"
975,San Benito County,California,41940,"San Jose-Sunnyvale-Santa Clara, CA"
976,San Bernardino County,California,40140,"Riverside-San Bernardino-Ontario, CA"
977,San Diego County,California,41740,"San Diego-Carlsbad, CA"
978,San Francisco County,California,41860,"San Francisco-Oakland-Hayward, CA"
979,San Germán Municipio,Puerto Rico,41900,"San Germán, PR"
980,San Joaquin County,California,44700,"Stockton-Lodi, CA"
981,San Juan County,New Mexico,22140,"Farmington, NM"
982,San Juan Municipio,Puerto Rico,41980,"San Juan-Carolina-Caguas, PR"
983,San Lorenzo Municipio,Puerto Rico,41980,"San Juan-Carolina-Caguas, PR"
984,San Luis Obispo County,California,42020,"San Luis Obispo-Paso Robles-Arroyo Grande, CA"
985,San Mateo County,California,41860,"San Francisco-Oakland-Hayward, CA"
986,San Patricio County,Texas,18580,"Corpus Christi, TX"
987,San Sebastián Municipio,Puerto Rico,10380,"Aguadilla-Isabela, PR"
988,Sandoval County,New Mexico,10740,"Albuquerque, NM"
989,Sangamon County,Illinois,44100,"Springfield, IL"
990,Santa Barbara County,California,42200,"Santa Maria-Santa Barbara, CA"
991,Santa Clara County,California,41940,"San Jose-Sunnyvale-Santa Clara, CA"
992,Santa Cruz County,California,42100,"Santa Cruz-Watsonville, CA"
993,Santa Fe County,New Mexico,42140,"Santa Fe, NM"
994,Santa Rosa County,Florida,37860,"Pensacola-Ferry Pass-Brent, FL"
995,Sarasota County,Florida,35840,"North Port-Sarasota-Bradenton, FL"
996,Saratoga County,New York,10580,"Albany-Schenectady-Troy, NY"
997,Sarpy County,Nebraska,36540,"Omaha-Council Bluffs, NE-IA"
998,Saunders County,Nebraska,36540,"Omaha-Council Bluffs, NE-IA"
999,Schenectady County,New York,10580,"Albany-Schenectady-Troy, NY"
1000,Schoharie County,New York,10580,"Albany-Schenectady-Troy, NY"
1001,Scott County,Minnesota,33460,"Minneapolis-St. Paul-Bloomington, MN-WI"
1002,Scott County,Indiana,31140,"Louisville/Jefferson County, KY-IN"
1003,Scott County,Iowa,19340,"Davenport-Moline-Rock Island, IA-IL"
1004,Scott County,Virginia,28700,"Kingsport-Bristol-Bristol, TN-VA"
1005,Scott County,Kentucky,30460,"Lexington-Fayette, KY"
1006,Sebastian County,Arkansas,22900,"Fort Smith, AR-OK"
1007,Sedgwick County,Kansas,48620,"Wichita, KS"
1008,Seminole County,Florida,36740,"Orlando-Kissimmee-Sanford, FL"
1009,Sequatchie County,Tennessee,16860,"Chattanooga, TN-GA"
1010,Sequoyah County,Oklahoma,22900,"Fort Smith, AR-OK"
1011,Seward County,Nebraska,30700,"Lincoln, NE"
1012,Shasta County,California,39820,"Redding, CA"
1013,Shawnee County,Kansas,45820,"Topeka, KS"
1014,Sheboygan County,Wisconsin,43100,"Sheboygan, WI"
1015,Shelby County,Alabama,13820,"Birmingham-Hoover, AL"
1016,Shelby County,Indiana,26900,"Indianapolis-Carmel-Anderson, IN"
1017,Shelby County,Tennessee,32820,"Memphis, TN-MS-AR"
1018,Shelby County,Kentucky,31140,"Louisville/Jefferson County, KY-IN"
1019,Sherburne County,Minnesota,33460,"Minneapolis-St. Paul-Bloomington, MN-WI"
1020,Sibley County,Minnesota,33460,"Minneapolis-St. Paul-Bloomington, MN-WI"
1021,Simpson County,Mississippi,27140,"Jackson, MS"
1022,Sioux County,North Dakota,13900,"Bismarck, ND"
1023,Skagit County,Washington,34580,"Mount Vernon-Anacortes, WA"
1024,Skamania County,Washington,38900,"Portland-Vancouver-Hillsboro, OR-WA"
1025,Smith County,Tennessee,34980,"Nashville-Davidson--Murfreesboro--Franklin, TN"
1026,Smith County,Texas,46340,"Tyler, TX"
1027,Snohomish County,Washington,42660,"Seattle-Tacoma-Bellevue, WA"
1028,Solano County,California,46700,"Vallejo-Fairfield, CA"
1029,Somerset County,New Jersey,35620,"New York-Newark-Jersey City, NY-NJ-PA"
1030,Somerset County,Maryland,41540,"Salisbury, MD-DE"
1031,Somervell County,Texas,19100,"Dallas-Fort Worth-Arlington, TX"
1032,Sonoma County,California,42220,"Santa Rosa, CA"
1033,Spalding County,Georgia,12060,"Atlanta-Sandy Springs-Roswell, GA"
1034,Spartanburg County,South Carolina,43900,"Spartanburg, SC"
1035,Spencer County,Kentucky,31140,"Louisville/Jefferson County, KY-IN"
1036,Spokane County,Washington,44060,"Spokane-Spokane Valley, WA"
1037,Spotsylvania County,Virginia,47900,"Washington-Arlington-Alexandria, DC-VA-MD-WV"
1038,St. Bernard Parish,Louisiana,35380,"New Orleans-Metairie, LA"
1039,St. Charles County,Missouri,41180,"St. Louis, MO-IL"
1040,St. Charles Parish,Louisiana,35380,"New Orleans-Metairie, LA"
1041,St. Clair County,Alabama,13820,"Birmingham-Hoover, AL"
1042,St. Clair County,Michigan,19820,"Detroit-Warren-Dearborn, MI"
1043,St. Clair County,Illinois,41180,"St. Louis, MO-IL"
1044,St. Croix County,Wisconsin,33460,"Minneapolis-St. Paul-Bloomington, MN-WI"
1045,St. Helena Parish,Louisiana,12940,"Baton Rouge, LA"
1046,St. James Parish,Louisiana,35380,"New Orleans-Metairie, LA"
1047,St. John the Baptist Parish,Louisiana,35380,"New Orleans-Metairie, LA"
1048,St. Johns County,Florida,27260,"Jacksonville, FL"
1049,St. Joseph County,Indiana,43780,"South Bend-Mishawaka, IN-MI"
1050,St. Louis city,Missouri,41180,"St. Louis, MO-IL"
1051,St. Louis County,Minnesota,20260,"Duluth, MN-WI"
1052,St. Louis County,Missouri,41180,"St. Louis, MO-IL"
1053,St. Lucie County,Florida,38940,"Port St. Lucie, FL"
1054,St. Martin Parish,Louisiana,29180,"Lafayette, LA"
1055,St. Mary's County,Maryland,15680,"California-Lexington Park, MD"
1056,St. Tammany Parish,Louisiana,35380,"New Orleans-Metairie, LA"
1057,Stafford County,Virginia,47900,"Washington-Arlington-Alexandria, DC-VA-MD-WV"
1058,Stanislaus County,California,33700,"Modesto, CA"
1059,Stark County,Ohio,15940,"Canton-Massillon, OH"
1060,Stark County,Illinois,37900,"Peoria, IL"
1061,Staunton city,Virginia,44420,"Staunton-Waynesboro, VA"
1062,Stearns County,Minnesota,41060,"St. Cloud, MN"
1063,Stevens County,Washington,44060,"Spokane-Spokane Valley, WA"
1064,Stokes County,North Carolina,49180,"Winston-Salem, NC"
1065,Storey County,Nevada,39900,"Reno, NV"
1066,Story County,Iowa,11180,"Ames, IA"
1067,Strafford County,New Hampshire,14460,"Boston-Cambridge-Newton, MA-NH"
1068,Suffolk city,Virginia,47260,"Virginia Beach-Norfolk-Newport News, VA-NC"
1069,Suffolk County,Massachusetts,14460,"Boston-Cambridge-Newton, MA-NH"
1070,Suffolk County,New York,35620,"New York-Newark-Jersey City, NY-NJ-PA"
1071,Sullivan County,Indiana,45460,"Terre Haute, IN"
1072,Sullivan County,Tennessee,28700,"Kingsport-Bristol-Bristol, TN-VA"
1073,Summit County,Ohio,10420,"Akron, OH"
1074,Sumner County,Tennessee,34980,"Nashville-Davidson--Murfreesboro--Franklin, TN"
1075,Sumner County,Kansas,48620,"Wichita, KS"
1076,Sumter County,South Carolina,44940,"Sumter, SC"
1077,Sumter County,Florida,45540,"The Villages, FL"
1078,Sussex County,Delaware,41540,"Salisbury, MD-DE"
1079,Sussex County,New Jersey,35620,"New York-Newark-Jersey City, NY-NJ-PA"
1080,Sussex County,Virginia,40060,"Richmond, VA"
1081,Sutter County,California,49700,"Yuba City, CA"
1082,Tangipahoa Parish,Louisiana,25220,"Hammond, LA"
1083,Tarrant County,Texas,19100,"Dallas-Fort Worth-Arlington, TX"
1084,Tate County,Mississippi,32820,"Memphis, TN-MS-AR"
1085,Taylor County,Texas,10180,"Abilene, TX"
1086,Tazewell County,Illinois,37900,"Peoria, IL"
1087,Teller County,Colorado,17820,"Colorado Springs, CO"
1088,Terrebonne Parish,Louisiana,26380,"Houma-Thibodaux, LA"
1089,Terrell County,Georgia,10500,"Albany, GA"
1090,Thurston County,Washington,36500,"Olympia-Tumwater, WA"
1091,Tioga County,New York,13780,"Binghamton, NY"
1092,Tippecanoe County,Indiana,29200,"Lafayette-West Lafayette, IN"
1093,Tipton County,Tennessee,32820,"Memphis, TN-MS-AR"
1094,Toa Alta Municipio,Puerto Rico,41980,"San Juan-Carolina-Caguas, PR"
1095,Toa Baja Municipio,Puerto Rico,41980,"San Juan-Carolina-Caguas, PR"
1096,Tolland County,Connecticut,25540,"Hartford-West Hartford-East Hartford, CT"
1097,Tom Green County,Texas,41660,"San Angelo, TX"
1098,Tompkins County,New York,27060,"Ithaca, NY"
1099,Tooele County,Utah,41620,"Salt Lake City, UT"
1100,Torrance County,New Mexico,10740,"Albuquerque, NM"
1101,Travis County,Texas,12420,"Austin-Round Rock, TX"
1102,Trigg County,Kentucky,17300,"Clarksville, TN-KY"
1103,Trimble County,Kentucky,31140,"Louisville/Jefferson County, KY-IN"
1104,Trousdale County,Tennessee,34980,"Nashville-Davidson--Murfreesboro--Franklin, TN"
1105,Trujillo Alto Municipio,Puerto Rico,41980,"San Juan-Carolina-Caguas, PR"
1106,Trumbull County,Ohio,49660,"Youngstown-Warren-Boardman, OH-PA"
1107,Tulare County,California,47300,"Visalia-Porterville, CA"
1108,Tulsa County,Oklahoma,46140,"Tulsa, OK"
1109,Tunica County,Mississippi,32820,"Memphis, TN-MS-AR"
1110,Turner County,South Dakota,43620,"Sioux Falls, SD"
1111,Tuscaloosa County,Alabama,46220,"Tuscaloosa, AL"
1112,Twiggs County,Georgia,31420,"Macon-Bibb County, GA"
1113,Ulster County,New York,28740,"Kingston, NY"
1114,Unicoi County,Tennessee,27740,"Johnson City, TN"
1115,Union County,New Jersey,35620,"New York-Newark-Jersey City, NY-NJ-PA"
1116,Union County,South Carolina,43900,"Spartanburg, SC"
1117,Union County,South Dakota,43580,"Sioux City, IA-NE-SD"
1118,Union County,Ohio,18140,"Columbus, OH"
1119,Union County,Indiana,17140,"Cincinnati, OH-KY-IN"
1120,Union County,Tennessee,28940,"Knoxville, TN"
1121,Union County,North Carolina,16740,"Charlotte-Concord-Gastonia, NC-SC"
1122,Union Parish,Louisiana,33740,"Monroe, LA"
1123,Upshur County,Texas,30980,"Longview, TX"
1124,Utah County,Utah,39340,"Provo-Orem, UT"
1125,Utuado Municipio,Puerto Rico,10380,"Aguadilla-Isabela, PR"
1126,Valencia County,New Mexico,10740,"Albuquerque, NM"
1127,Van Buren County,Michigan,28020,"Kalamazoo-Portage, MI"
1128,Vanderburgh County,Indiana,21780,"Evansville, IN-KY"
1129,Vega Alta Municipio,Puerto Rico,41980,"San Juan-Carolina-Caguas, PR"
1130,Vega Baja Municipio,Puerto Rico,41980,"San Juan-Carolina-Caguas, PR"
1131,Ventura County,California,37100,"Oxnard-Thousand Oaks-Ventura, CA"
1132,Vermilion County,Illinois,19180,"Danville, IL"
1133,Vermilion Parish,Louisiana,29180,"Lafayette, LA"
1134,Vermillion County,Indiana,45460,"Terre Haute, IN"
1135,Victoria County,Texas,47020,"Victoria, TX"
1136,Vigo County,Indiana,45460,"Terre Haute, IN"
1137,Villalba Municipio,Puerto Rico,38660,"Ponce, PR"
1138,Virginia Beach city,Virginia,47260,"Virginia Beach-Norfolk-Newport News, VA-NC"
1139,Volusia County,Florida,19660,"Deltona-Daytona Beach-Ormond Beach, FL"
1140,Wabasha County,Minnesota,40340,"Rochester, MN"
1141,Wabaunsee County,Kansas,45820,"Topeka, KS"
1142,Wagoner County,Oklahoma,46140,"Tulsa, OK"
1143,Wake County,North Carolina,39580,"Raleigh, NC"
1144,Wakulla County,Florida,45220,"Tallahassee, FL"
1145,Walker County,Alabama,13820,"Birmingham-Hoover, AL"
1146,Walker County,Georgia,16860,"Chattanooga, TN-GA"
1147,Walla Walla County,Washington,47460,"Walla Walla, WA"
1148,Waller County,Texas,26420,"Houston-The Woodlands-Sugar Land, TX"
1149,Walton County,Florida,18880,"Crestview-Fort Walton Beach-Destin, FL"
1150,Walton County,Georgia,12060,"Atlanta-Sandy Springs-Roswell, GA"
1151,Warren County,New Jersey,10900,"Allentown-Bethlehem-Easton, PA-NJ"
1152,Warren County,New York,24020,"Glens Falls, NY"
1153,Warren County,Ohio,17140,"Cincinnati, OH-KY-IN"
1154,Warren County,Iowa,19780,"Des Moines-West Des Moines, IA"
1155,Warren County,Virginia,47900,"Washington-Arlington-Alexandria, DC-VA-MD-WV"
1156,Warren County,Missouri,41180,"St. Louis, MO-IL"
1157,Warren County,Kentucky,14540,"Bowling Green, KY"
1158,Warrick County,Indiana,21780,"Evansville, IN-KY"
1159,Washington County,Rhode Island,39300,"Providence-Warwick, RI-MA"
1160,Washington County,Maryland,25180,"Hagerstown-Martinsburg, MD-WV"
1161,Washington County,Utah,41100,"St. George, UT"
1162,Washington County,Oregon,38900,"Portland-Vancouver-Hillsboro, OR-WA"
1163,Washington County,New York,24020,"Glens Falls, NY"
1164,Washington County,Pennsylvania,38300,"Pittsburgh, PA"
1165,Washington County,Wisconsin,33340,"Milwaukee-Waukesha-West Allis, WI"
1166,Washington County,Arkansas,22220,"Fayetteville-Springdale-Rogers, AR-MO"
1167,Washington County,Minnesota,33460,"Minneapolis-St. Paul-Bloomington, MN-WI"
1168,Washington County,Indiana,31140,"Louisville/Jefferson County, KY-IN"
1169,Washington County,Nebraska,36540,"Omaha-Council Bluffs, NE-IA"
1170,Washington County,Tennessee,27740,"Johnson City, TN"
1171,Washington County,Iowa,26980,"Iowa City, IA"
1172,Washington County,Virginia,28700,"Kingsport-Bristol-Bristol, TN-VA"
1173,Washoe County,Nevada,39900,"Reno, NV"
1174,Washtenaw County,Michigan,11460,"Ann Arbor, MI"
1175,Waukesha County,Wisconsin,33340,"Milwaukee-Waukesha-West Allis, WI"
1176,Wayne County,West Virginia,26580,"Huntington-Ashland, WV-KY-OH"
1177,Wayne County,New York,40380,"Rochester, NY"
1178,Wayne County,Michigan,19820,"Detroit-Warren-Dearborn, MI"
1179,Wayne County,North Carolina,24140,"Goldsboro, NC"
1180,Waynesboro city,Virginia,44420,"Staunton-Waynesboro, VA"
1181,Webb County,Texas,29700,"Laredo, TX"
1182,Weber County,Utah,36260,"Ogden-Clearfield, UT"
1183,Webster County,Missouri,44180,"Springfield, MO"
1184,Webster Parish,Louisiana,43340,"Shreveport-Bossier City, LA"
1185,Weld County,Colorado,24540,"Greeley, CO"
1186,Wells County,Indiana,23060,"Fort Wayne, IN"
1187,West Baton Rouge Parish,Louisiana,12940,"Baton Rouge, LA"
1188,West Feliciana Parish,Louisiana,12940,"Baton Rouge, LA"
1189,Westchester County,New York,35620,"New York-Newark-Jersey City, NY-NJ-PA"
1190,Westmoreland County,Pennsylvania,38300,"Pittsburgh, PA"
1191,Whatcom County,Washington,13380,"Bellingham, WA"
1192,Whitfield County,Georgia,19140,"Dalton, GA"
1193,Whitley County,Indiana,23060,"Fort Wayne, IN"
1194,Wichita County,Texas,48660,"Wichita Falls, TX"
1195,Wicomico County,Maryland,41540,"Salisbury, MD-DE"
1196,Will County,Illinois,16980,"Chicago-Naperville-Elgin, IL-IN-WI"
1197,Williamsburg city,Virginia,47260,"Virginia Beach-Norfolk-Newport News, VA-NC"
1198,Williamson County,Tennessee,34980,"Nashville-Davidson--Murfreesboro--Franklin, TN"
1199,Williamson County,Illinois,16060,"Carbondale-Marion, IL"
1200,Williamson County,Texas,12420,"Austin-Round Rock, TX"
1201,Wilson County,Tennessee,34980,"Nashville-Davidson--Murfreesboro--Franklin, TN"
1202,Wilson County,Texas,41700,"San Antonio-New Braunfels, TX"
1203,Winchester city,Virginia,49020,"Winchester, VA-WV"
1204,Windham County,Connecticut,49340,"Worcester, MA-CT"
1205,Winnebago County,Wisconsin,36780,"Oshkosh-Neenah, WI"
1206,Winnebago County,Illinois,40420,"Rockford, IL"
1207,Wirt County,West Virginia,37620,"Parkersburg-Vienna, WV"
1208,Wise County,Texas,19100,"Dallas-Fort Worth-Arlington, TX"
1209,Wood County,West Virginia,37620,"Parkersburg-Vienna, WV"
1210,Wood County,Ohio,45780,"Toledo, OH"
1211,Woodbury County,Iowa,43580,"Sioux City, IA-NE-SD"
1212,Woodford County,Illinois,37900,"Peoria, IL"
1213,Woodford County,Kentucky,30460,"Lexington-Fayette, KY"
1214,Worcester County,Massachusetts,49340,"Worcester, MA-CT"
1215,Worcester County,Maryland,41540,"Salisbury, MD-DE"
1216,Worth County,Georgia,10500,"Albany, GA"
1217,Wright County,Minnesota,33460,"Minneapolis-St. Paul-Bloomington, MN-WI"
1218,Wyandotte County,Kansas,28140,"Kansas City, MO-KS"
1219,Wyoming County,Pennsylvania,42540,"Scranton--Wilkes-Barre--Hazleton, PA"
1220,Yabucoa Municipio,Puerto Rico,41980,"San Juan-Carolina-Caguas, PR"
1221,Yadkin County,North Carolina,49180,"Winston-Salem, NC"
1222,Yakima County,Washington,49420,"Yakima, WA"
1223,Yamhill County,Oregon,38900,"Portland-Vancouver-Hillsboro, OR-WA"
1224,Yates County,New York,40380,"Rochester, NY"
1225,Yauco Municipio,Puerto Rico,38660,"Ponce, PR"
1226,Yavapai County,Arizona,39140,"Prescott, AZ"
1227,Yazoo County,Mississippi,27140,"Jackson, MS"
1228,Yellowstone County,Montana,13740,"Billings, MT"
1229,Yolo County,California,40900,"Sacramento--Roseville--Arden-Arcade, CA"
1230,York County,Maine,38860,"Portland-South Portland, ME"
1231,York County,South Carolina,16740,"Charlotte-Concord-Gastonia, NC-SC"
1232,York County,Pennsylvania,49620,"York-Hanover, PA"
1233,York County,Virginia,47260,"Virginia Beach-Norfolk-Newport News, VA-NC"
1234,Yuba County,California,49700,"Yuba City, CA"
1235,Yuma County,Arizona,49740,"Yuma, AZ"
