CBSA,City,County,State
10020,"Abbeville, LA",Vermilion Parish,Louisiana
10100,"Aberdeen, SD",Brown County,South Dakota
10100,"Aberdeen, SD",Edmunds County,South Dakota
10140,"Aberdeen, WA",Grays Harbor County,Washington
10180,"Abilene, TX",Callahan County,Texas
10180,"Abilene, TX",Jones County,Texas
10180,"Abilene, TX",Taylor County,Texas
10220,"Ada, OK",Pontotoc County,Oklahoma
10260,"Adjuntas, PR",Adjuntas Municipio,Puerto Rico
10300,"Adrian, MI",Lenawee County,Michigan
10380,"Aguadilla-Isabela-San Sebastián, PR",Aguada Municipio,Puerto Rico
10380,"Aguadilla-Isabela-San Sebastián, PR",Aguadilla Municipio,Puerto Rico
10380,"Aguadilla-Isabela-San Sebastián, PR",Añasco Municipio,Puerto Rico
10380,"Aguadilla-Isabela-San Sebastián, PR",Isabela Municipio,Puerto Rico
10380,"Aguadilla-Isabela-San Sebastián, PR",Lares Municipio,Puerto Rico
10380,"Aguadilla-Isabela-San Sebastián, PR",Moca Municipio,Puerto Rico
10380,"Aguadilla-Isabela-San Sebastián, PR",Rincón Municipio,Puerto Rico
10380,"Aguadilla-Isabela-San Sebastián, PR",San Sebastián Municipio,Puerto Rico
10420,"Akron, OH",Portage County,Ohio
10420,"Akron, OH",Summit County,Ohio
10460,"Alamogordo, NM",Otero County,New Mexico
10500,"Albany, GA",Baker County,Georgia
10500,"Albany, GA",Dougherty County,Georgia
10500,"Albany, GA",Lee County,Georgia
10500,"Albany, GA",Terrell County,Georgia
10500,"Albany, GA",Worth County,Georgia
10540,"Albany-Lebanon, OR",Linn County,Oregon
10580,"Albany-Schenectady-Troy, NY",Albany County,New York
10580,"Albany-Schenectady-Troy, NY",Rensselaer County,New York
10580,"Albany-Schenectady-Troy, NY",Saratoga County,New York
10580,"Albany-Schenectady-Troy, NY",Schenectady County,New York
10580,"Albany-Schenectady-Troy, NY",Schoharie County,New York
10620,"Albemarle, NC",Stanly County,North Carolina
10660,"Albert Lea, MN",Freeborn County,Minnesota
10700,"Albertville, AL",Marshall County,Alabama
10740,"Albuquerque, NM",Bernalillo County,New Mexico
10740,"Albuquerque, NM",Sandoval County,New Mexico
10740,"Albuquerque, NM",Torrance County,New Mexico
10740,"Albuquerque, NM",Valencia County,New Mexico
10760,"Alexander City, AL",Coosa County,Alabama
10760,"Alexander City, AL",Tallapoosa County,Alabama
10780,"Alexandria, LA",Grant Parish,Louisiana
10780,"Alexandria, LA",Rapides Parish,Louisiana
10820,"Alexandria, MN",Douglas County,Minnesota
10860,"Alice, TX",Jim Wells County,Texas
10880,"Allegan, MI",Allegan County,Michigan
10900,"Allentown-Bethlehem-Easton, PA-NJ",Warren County,New Jersey
10900,"Allentown-Bethlehem-Easton, PA-NJ",Carbon County,Pennsylvania
10900,"Allentown-Bethlehem-Easton, PA-NJ",Lehigh County,Pennsylvania
10900,"Allentown-Bethlehem-Easton, PA-NJ",Northampton County,Pennsylvania
10940,"Alma, MI",Gratiot County,Michigan
10980,"Alpena, MI",Alpena County,Michigan
11020,"Altoona, PA",Blair County,Pennsylvania
11060,"Altus, OK",Jackson County,Oklahoma
11100,"Amarillo, TX",Armstrong County,Texas
11100,"Amarillo, TX",Carson County,Texas
11100,"Amarillo, TX",Potter County,Texas
11100,"Amarillo, TX",Randall County,Texas
11140,"Americus, GA",Schley County,Georgia
11140,"Americus, GA",Sumter County,Georgia
11180,"Ames, IA",Story County,Iowa
11220,"Amsterdam, NY",Montgomery County,New York
11260,"Anchorage, AK",Anchorage Municipality,Alaska
11260,"Anchorage, AK",Matanuska-Susitna Borough,Alaska
11300,"Anderson, IN",Madison County,Indiana
11340,"Anderson, SC",Anderson County,South Carolina
11380,"Andrews, TX",Andrews County,Texas
11420,"Angola, IN",Steuben County,Indiana
11460,"Ann Arbor, MI",Washtenaw County,Michigan
11500,"Anniston-Oxford, AL",Calhoun County,Alabama
11540,"Appleton, WI",Calumet County,Wisconsin
11540,"Appleton, WI",Outagamie County,Wisconsin
11580,"Arcadia, FL",DeSoto County,Florida
11620,"Ardmore, OK",Carter County,Oklahoma
11620,"Ardmore, OK",Love County,Oklahoma
11660,"Arkadelphia, AR",Clark County,Arkansas
11700,"Asheville, NC",Buncombe County,North Carolina
11700,"Asheville, NC",Haywood County,North Carolina
11700,"Asheville, NC",Henderson County,North Carolina
11700,"Asheville, NC",Madison County,North Carolina
11740,"Ashland, OH",Ashland County,Ohio
11780,"Ashtabula, OH",Ashtabula County,Ohio
11820,"Astoria, OR",Clatsop County,Oregon
11860,"Atchison, KS",Atchison County,Kansas
11900,"Athens, OH",Athens County,Ohio
11940,"Athens, TN",McMinn County,Tennessee
11980,"Athens, TX",Henderson County,Texas
12020,"Athens-Clarke County, GA",Clarke County,Georgia
12020,"Athens-Clarke County, GA",Madison County,Georgia
12020,"Athens-Clarke County, GA",Oconee County,Georgia
12020,"Athens-Clarke County, GA",Oglethorpe County,Georgia
12060,"Atlanta-Sandy Springs-Marietta, GA",Barrow County,Georgia
12060,"Atlanta-Sandy Springs-Marietta, GA",Bartow County,Georgia
12060,"Atlanta-Sandy Springs-Marietta, GA",Butts County,Georgia
12060,"Atlanta-Sandy Springs-Marietta, GA",Carroll County,Georgia
12060,"Atlanta-Sandy Springs-Marietta, GA",Cherokee County,Georgia
12060,"Atlanta-Sandy Springs-Marietta, GA",Clayton County,Georgia
12060,"Atlanta-Sandy Springs-Marietta, GA",Cobb County,Georgia
12060,"Atlanta-Sandy Springs-Marietta, GA",Coweta County,Georgia
12060,"Atlanta-Sandy Springs-Marietta, GA",Dawson County,Georgia
12060,"Atlanta-Sandy Springs-Marietta, GA",DeKalb County,Georgia
12060,"Atlanta-Sandy Springs-Marietta, GA",Douglas County,Georgia
12060,"Atlanta-Sandy Springs-Marietta, GA",Fayette County,Georgia
12060,"Atlanta-Sandy Springs-Marietta, GA",Forsyth County,Georgia
12060,"Atlanta-Sandy Springs-Marietta, GA",Fulton County,Georgia
12060,"Atlanta-Sandy Springs-Marietta, GA",Gwinnett County,Georgia
12060,"Atlanta-Sandy Springs-Marietta, GA",Haralson County,Georgia
12060,"Atlanta-Sandy Springs-Marietta, GA",Heard County,Georgia
12060,"Atlanta-Sandy Springs-Marietta, GA",Henry County,Georgia
12060,"Atlanta-Sandy Springs-Marietta, GA",Jasper County,Georgia
12060,"Atlanta-Sandy Springs-Marietta, GA",Lamar County,Georgia
12060,"Atlanta-Sandy Springs-Marietta, GA",Meriwether County,Georgia
12060,"Atlanta-Sandy Springs-Marietta, GA",Newton County,Georgia
12060,"Atlanta-Sandy Springs-Marietta, GA",Paulding County,Georgia
12060,"Atlanta-Sandy Springs-Marietta, GA",Pickens County,Georgia
12060,"Atlanta-Sandy Springs-Marietta, GA",Pike County,Georgia
12060,"Atlanta-Sandy Springs-Marietta, GA",Rockdale County,Georgia
12060,"Atlanta-Sandy Springs-Marietta, GA",Spalding County,Georgia
12060,"Atlanta-Sandy Springs-Marietta, GA",Walton County,Georgia
12100,"Atlantic City-Hammonton, NJ",Atlantic County,New Jersey
12140,"Auburn, IN",DeKalb County,Indiana
12180,"Auburn, NY",Cayuga County,New York
12220,"Auburn-Opelika, AL",Lee County,Alabama
12260,"Augusta-Richmond County, GA-SC",Burke County,Georgia
12260,"Augusta-Richmond County, GA-SC",Columbia County,Georgia
12260,"Augusta-Richmond County, GA-SC",McDuffie County,Georgia
12260,"Augusta-Richmond County, GA-SC",Richmond County,Georgia
12260,"Augusta-Richmond County, GA-SC",Aiken County,South Carolina
12260,"Augusta-Richmond County, GA-SC",Edgefield County,South Carolina
12300,"Augusta-Waterville, ME",Kennebec County,Maine
12380,"Austin, MN",Mower County,Minnesota
12420,"Austin-Round Rock-San Marcos, TX",Bastrop County,Texas
12420,"Austin-Round Rock-San Marcos, TX",Caldwell County,Texas
12420,"Austin-Round Rock-San Marcos, TX",Hays County,Texas
12420,"Austin-Round Rock-San Marcos, TX",Travis County,Texas
12420,"Austin-Round Rock-San Marcos, TX",Williamson County,Texas
12460,"Bainbridge, GA",Decatur County,Georgia
12540,"Bakersfield-Delano, CA",Kern County,California
12580,"Baltimore-Towson, MD",Anne Arundel County,Maryland
12580,"Baltimore-Towson, MD",Baltimore County,Maryland
12580,"Baltimore-Towson, MD",Carroll County,Maryland
12580,"Baltimore-Towson, MD",Harford County,Maryland
12580,"Baltimore-Towson, MD",Howard County,Maryland
12580,"Baltimore-Towson, MD",Queen Anne's County,Maryland
12580,"Baltimore-Towson, MD",Baltimore city,Maryland
12620,"Bangor, ME",Penobscot County,Maine
12660,"Baraboo, WI",Sauk County,Wisconsin
12700,"Barnstable Town, MA",Barnstable County,Massachusetts
12740,"Barre, VT",Washington County,Vermont
12780,"Bartlesville, OK",Washington County,Oklahoma
12820,"Bastrop, LA",Morehouse Parish,Louisiana
12860,"Batavia, NY",Genesee County,New York
12900,"Batesville, AR",Independence County,Arkansas
12940,"Baton Rouge, LA",Ascension Parish,Louisiana
12940,"Baton Rouge, LA",East Baton Rouge Parish,Louisiana
12940,"Baton Rouge, LA",East Feliciana Parish,Louisiana
12940,"Baton Rouge, LA",Iberville Parish,Louisiana
12940,"Baton Rouge, LA",Livingston Parish,Louisiana
12940,"Baton Rouge, LA",Pointe Coupee Parish,Louisiana
12940,"Baton Rouge, LA",St. Helena Parish,Louisiana
12940,"Baton Rouge, LA",West Baton Rouge Parish,Louisiana
12940,"Baton Rouge, LA",West Feliciana Parish,Louisiana
12980,"Battle Creek, MI",Calhoun County,Michigan
13020,"Bay City, MI",Bay County,Michigan
13060,"Bay City, TX",Matagorda County,Texas
13100,"Beatrice, NE",Gage County,Nebraska
13140,"Beaumont-Port Arthur, TX",Hardin County,Texas
13140,"Beaumont-Port Arthur, TX",Jefferson County,Texas
13140,"Beaumont-Port Arthur, TX",Orange County,Texas
13180,"Beaver Dam, WI",Dodge County,Wisconsin
13220,"Beckley, WV",Raleigh County,West Virginia
13260,"Bedford, IN",Lawrence County,Indiana
13300,"Beeville, TX",Bee County,Texas
13340,"Bellefontaine, OH",Logan County,Ohio
13380,"Bellingham, WA",Whatcom County,Washington
13420,"Bemidji, MN",Beltrami County,Minnesota
13460,"Bend, OR",Deschutes County,Oregon
13500,"Bennettsville, SC",Marlboro County,South Carolina
13540,"Bennington, VT",Bennington County,Vermont
13620,"Berlin, NH-VT",Coos County,New Hampshire
13620,"Berlin, NH-VT",Essex County,Vermont
13660,"Big Rapids, MI",Mecosta County,Michigan
13700,"Big Spring, TX",Howard County,Texas
13740,"Billings, MT",Carbon County,Montana
13740,"Billings, MT",Yellowstone County,Montana
13780,"Binghamton, NY",Broome County,New York
13780,"Binghamton, NY",Tioga County,New York
13820,"Birmingham-Hoover, AL",Bibb County,Alabama
13820,"Birmingham-Hoover, AL",Blount County,Alabama
13820,"Birmingham-Hoover, AL",Chilton County,Alabama
13820,"Birmingham-Hoover, AL",Jefferson County,Alabama
13820,"Birmingham-Hoover, AL",St. Clair County,Alabama
13820,"Birmingham-Hoover, AL",Shelby County,Alabama
13820,"Birmingham-Hoover, AL",Walker County,Alabama
13860,"Bishop, CA",Inyo County,California
13900,"Bismarck, ND",Burleigh County,North Dakota
13900,"Bismarck, ND",Morton County,North Dakota
13940,"Blackfoot, ID",Bingham County,Idaho
13980,"Blacksburg-Christiansburg-Radford, VA",Giles County,Virginia
13980,"Blacksburg-Christiansburg-Radford, VA",Montgomery County,Virginia
13980,"Blacksburg-Christiansburg-Radford, VA",Pulaski County,Virginia
13980,"Blacksburg-Christiansburg-Radford, VA",Radford city,Virginia
14020,"Bloomington, IN",Greene County,Indiana
14020,"Bloomington, IN",Monroe County,Indiana
14020,"Bloomington, IN",Owen County,Indiana
14060,"Bloomington-Normal, IL",McLean County,Illinois
14100,"Bloomsburg-Berwick, PA",Columbia County,Pennsylvania
14100,"Bloomsburg-Berwick, PA",Montour County,Pennsylvania
14140,"Bluefield, WV-VA",Tazewell County,Virginia
14140,"Bluefield, WV-VA",Mercer County,West Virginia
14180,"Blytheville, AR",Mississippi County,Arkansas
14220,"Bogalusa, LA",Washington Parish,Louisiana
14260,"Boise City-Nampa, ID",Ada County,Idaho
14260,"Boise City-Nampa, ID",Boise County,Idaho
14260,"Boise City-Nampa, ID",Canyon County,Idaho
14260,"Boise City-Nampa, ID",Gem County,Idaho
14260,"Boise City-Nampa, ID",Owyhee County,Idaho
14300,"Bonham, TX",Fannin County,Texas
14340,"Boone, IA",Boone County,Iowa
14380,"Boone, NC",Watauga County,North Carolina
14420,"Borger, TX",Hutchinson County,Texas
14460,"Boston-Cambridge-Quincy, MA-NH",Essex County,Massachusetts
14460,"Boston-Cambridge-Quincy, MA-NH",Middlesex County,Massachusetts
14460,"Boston-Cambridge-Quincy, MA-NH",Norfolk County,Massachusetts
14460,"Boston-Cambridge-Quincy, MA-NH",Plymouth County,Massachusetts
14460,"Boston-Cambridge-Quincy, MA-NH",Suffolk County,Massachusetts
14460,"Boston-Cambridge-Quincy, MA-NH",Rockingham County,New Hampshire
14460,"Boston-Cambridge-Quincy, MA-NH",Strafford County,New Hampshire
14500,"Boulder, CO",Boulder County,Colorado
14540,"Bowling Green, KY",Edmonson County,Kentucky
14540,"Bowling Green, KY",Warren County,Kentucky
14580,"Bozeman, MT",Gallatin County,Montana
14620,"Bradford, PA",McKean County,Pennsylvania
14660,"Brainerd, MN",Cass County,Minnesota
14660,"Brainerd, MN",Crow Wing County,Minnesota
14700,"Branson, MO",Stone County,Missouri
14700,"Branson, MO",Taney County,Missouri
14740,"Bremerton-Silverdale, WA",Kitsap County,Washington
14780,"Brenham, TX",Washington County,Texas
14820,"Brevard, NC",Transylvania County,North Carolina
14860,"Bridgeport-Stamford-Norwalk, CT",Fairfield County,Connecticut
14940,"Brigham City, UT",Box Elder County,Utah
15020,"Brookhaven, MS",Lincoln County,Mississippi
15060,"Brookings, OR",Curry County,Oregon
15100,"Brookings, SD",Brookings County,South Dakota
15140,"Brownsville, TN",Haywood County,Tennessee
15180,"Brownsville-Harlingen, TX",Cameron County,Texas
15220,"Brownwood, TX",Brown County,Texas
15260,"Brunswick, GA",Brantley County,Georgia
15260,"Brunswick, GA",Glynn County,Georgia
15260,"Brunswick, GA",McIntosh County,Georgia
15340,"Bucyrus, OH",Crawford County,Ohio
15380,"Buffalo-Niagara Falls, NY",Erie County,New York
15380,"Buffalo-Niagara Falls, NY",Niagara County,New York
15420,"Burley, ID",Cassia County,Idaho
15420,"Burley, ID",Minidoka County,Idaho
15460,"Burlington, IA-IL",Henderson County,Illinois
15460,"Burlington, IA-IL",Des Moines County,Iowa
15500,"Burlington, NC",Alamance County,North Carolina
15540,"Burlington-South Burlington, VT",Chittenden County,Vermont
15540,"Burlington-South Burlington, VT",Franklin County,Vermont
15540,"Burlington-South Burlington, VT",Grand Isle County,Vermont
15580,"Butte-Silver Bow, MT",Silver Bow County,Montana
15620,"Cadillac, MI",Missaukee County,Michigan
15620,"Cadillac, MI",Wexford County,Michigan
15660,"Calhoun, GA",Gordon County,Georgia
15700,"Cambridge, MD",Dorchester County,Maryland
15740,"Cambridge, OH",Guernsey County,Ohio
15780,"Camden, AR",Calhoun County,Arkansas
15780,"Camden, AR",Ouachita County,Arkansas
15820,"Campbellsville, KY",Taylor County,Kentucky
15860,"Cañon City, CO",Fremont County,Colorado
15900,"Canton, IL",Fulton County,Illinois
15940,"Canton-Massillon, OH",Carroll County,Ohio
15940,"Canton-Massillon, OH",Stark County,Ohio
15980,"Cape Coral-Fort Myers, FL",Lee County,Florida
16020,"Cape Girardeau-Jackson, MO-IL",Alexander County,Illinois
16020,"Cape Girardeau-Jackson, MO-IL",Bollinger County,Missouri
16020,"Cape Girardeau-Jackson, MO-IL",Cape Girardeau County,Missouri
16060,"Carbondale, IL",Jackson County,Illinois
16100,"Carlsbad-Artesia, NM",Eddy County,New Mexico
16180,"Carson City, NV",Carson City,Nevada
16220,"Casper, WY",Natrona County,Wyoming
16260,"Cedar City, UT",Iron County,Utah
16300,"Cedar Rapids, IA",Benton County,Iowa
16300,"Cedar Rapids, IA",Jones County,Iowa
16300,"Cedar Rapids, IA",Linn County,Iowa
16340,"Cedartown, GA",Polk County,Georgia
16380,"Celina, OH",Mercer County,Ohio
16420,"Central City, KY",Muhlenberg County,Kentucky
16460,"Centralia, IL",Marion County,Illinois
16500,"Centralia, WA",Lewis County,Washington
16540,"Chambersburg, PA",Franklin County,Pennsylvania
16580,"Champaign-Urbana, IL",Champaign County,Illinois
16580,"Champaign-Urbana, IL",Ford County,Illinois
16580,"Champaign-Urbana, IL",Piatt County,Illinois
16620,"Charleston, WV",Boone County,West Virginia
16620,"Charleston, WV",Clay County,West Virginia
16620,"Charleston, WV",Kanawha County,West Virginia
16620,"Charleston, WV",Lincoln County,West Virginia
16620,"Charleston, WV",Putnam County,West Virginia
16660,"Charleston-Mattoon, IL",Coles County,Illinois
16660,"Charleston-Mattoon, IL",Cumberland County,Illinois
16700,"Charleston-North Charleston-Summerville, SC",Berkeley County,South Carolina
16700,"Charleston-North Charleston-Summerville, SC",Charleston County,South Carolina
16700,"Charleston-North Charleston-Summerville, SC",Dorchester County,South Carolina
16740,"Charlotte-Gastonia-Rock Hill, NC-SC",Anson County,North Carolina
16740,"Charlotte-Gastonia-Rock Hill, NC-SC",Cabarrus County,North Carolina
16740,"Charlotte-Gastonia-Rock Hill, NC-SC",Gaston County,North Carolina
16740,"Charlotte-Gastonia-Rock Hill, NC-SC",Mecklenburg County,North Carolina
16740,"Charlotte-Gastonia-Rock Hill, NC-SC",Union County,North Carolina
16740,"Charlotte-Gastonia-Rock Hill, NC-SC",York County,South Carolina
16820,"Charlottesville, VA",Albemarle County,Virginia
16820,"Charlottesville, VA",Fluvanna County,Virginia
16820,"Charlottesville, VA",Greene County,Virginia
16820,"Charlottesville, VA",Nelson County,Virginia
16820,"Charlottesville, VA",Charlottesville city,Virginia
16860,"Chattanooga, TN-GA",Catoosa County,Georgia
16860,"Chattanooga, TN-GA",Dade County,Georgia
16860,"Chattanooga, TN-GA",Walker County,Georgia
16860,"Chattanooga, TN-GA",Hamilton County,Tennessee
16860,"Chattanooga, TN-GA",Marion County,Tennessee
16860,"Chattanooga, TN-GA",Sequatchie County,Tennessee
16900,"Chester, SC",Chester County,South Carolina
16940,"Cheyenne, WY",Laramie County,Wyoming
16980,"Chicago-Joliet-Naperville, IL-IN-WI",Cook County,Illinois
16980,"Chicago-Joliet-Naperville, IL-IN-WI",DeKalb County,Illinois
16980,"Chicago-Joliet-Naperville, IL-IN-WI",DuPage County,Illinois
16980,"Chicago-Joliet-Naperville, IL-IN-WI",Grundy County,Illinois
16980,"Chicago-Joliet-Naperville, IL-IN-WI",Kane County,Illinois
16980,"Chicago-Joliet-Naperville, IL-IN-WI",Kendall County,Illinois
16980,"Chicago-Joliet-Naperville, IL-IN-WI",Lake County,Illinois
16980,"Chicago-Joliet-Naperville, IL-IN-WI",McHenry County,Illinois
16980,"Chicago-Joliet-Naperville, IL-IN-WI",Will County,Illinois
16980,"Chicago-Joliet-Naperville, IL-IN-WI",Jasper County,Indiana
16980,"Chicago-Joliet-Naperville, IL-IN-WI",Lake County,Indiana
16980,"Chicago-Joliet-Naperville, IL-IN-WI",Newton County,Indiana
16980,"Chicago-Joliet-Naperville, IL-IN-WI",Porter County,Indiana
16980,"Chicago-Joliet-Naperville, IL-IN-WI",Kenosha County,Wisconsin
17020,"Chico, CA",Butte County,California
17060,"Chillicothe, OH",Ross County,Ohio
17140,"Cincinnati-Middletown, OH-KY-IN",Dearborn County,Indiana
17140,"Cincinnati-Middletown, OH-KY-IN",Franklin County,Indiana
17140,"Cincinnati-Middletown, OH-KY-IN",Ohio County,Indiana
17140,"Cincinnati-Middletown, OH-KY-IN",Boone County,Kentucky
17140,"Cincinnati-Middletown, OH-KY-IN",Bracken County,Kentucky
17140,"Cincinnati-Middletown, OH-KY-IN",Campbell County,Kentucky
17140,"Cincinnati-Middletown, OH-KY-IN",Gallatin County,Kentucky
17140,"Cincinnati-Middletown, OH-KY-IN",Grant County,Kentucky
17140,"Cincinnati-Middletown, OH-KY-IN",Kenton County,Kentucky
17140,"Cincinnati-Middletown, OH-KY-IN",Pendleton County,Kentucky
17140,"Cincinnati-Middletown, OH-KY-IN",Brown County,Ohio
17140,"Cincinnati-Middletown, OH-KY-IN",Butler County,Ohio
17140,"Cincinnati-Middletown, OH-KY-IN",Clermont County,Ohio
17140,"Cincinnati-Middletown, OH-KY-IN",Hamilton County,Ohio
17140,"Cincinnati-Middletown, OH-KY-IN",Warren County,Ohio
17200,"Claremont, NH",Sullivan County,New Hampshire
17220,"Clarksburg, WV",Doddridge County,West Virginia
17220,"Clarksburg, WV",Harrison County,West Virginia
17220,"Clarksburg, WV",Taylor County,West Virginia
17260,"Clarksdale, MS",Coahoma County,Mississippi
17300,"Clarksville, TN-KY",Christian County,Kentucky
17300,"Clarksville, TN-KY",Trigg County,Kentucky
17300,"Clarksville, TN-KY",Montgomery County,Tennessee
17300,"Clarksville, TN-KY",Stewart County,Tennessee
17340,"Clearlake, CA",Lake County,California
17380,"Cleveland, MS",Bolivar County,Mississippi
17420,"Cleveland, TN",Bradley County,Tennessee
17420,"Cleveland, TN",Polk County,Tennessee
17460,"Cleveland-Elyria-Mentor, OH",Cuyahoga County,Ohio
17460,"Cleveland-Elyria-Mentor, OH",Geauga County,Ohio
17460,"Cleveland-Elyria-Mentor, OH",Lake County,Ohio
17460,"Cleveland-Elyria-Mentor, OH",Lorain County,Ohio
17460,"Cleveland-Elyria-Mentor, OH",Medina County,Ohio
17500,"Clewiston, FL",Hendry County,Florida
17540,"Clinton, IA",Clinton County,Iowa
17580,"Clovis, NM",Curry County,New Mexico
17620,"Coamo, PR",Coamo Municipio,Puerto Rico
17620,"Coamo, PR",Salinas Municipio,Puerto Rico
17660,"Coeur d'Alene, ID",Kootenai County,Idaho
17700,"Coffeyville, KS",Montgomery County,Kansas
17740,"Coldwater, MI",Branch County,Michigan
17780,"College Station-Bryan, TX",Brazos County,Texas
17780,"College Station-Bryan, TX",Burleson County,Texas
17780,"College Station-Bryan, TX",Robertson County,Texas
17820,"Colorado Springs, CO",El Paso County,Colorado
17820,"Colorado Springs, CO",Teller County,Colorado
17860,"Columbia, MO",Boone County,Missouri
17860,"Columbia, MO",Howard County,Missouri
17900,"Columbia, SC",Calhoun County,South Carolina
17900,"Columbia, SC",Fairfield County,South Carolina
17900,"Columbia, SC",Kershaw County,South Carolina
17900,"Columbia, SC",Lexington County,South Carolina
17900,"Columbia, SC",Richland County,South Carolina
17900,"Columbia, SC",Saluda County,South Carolina
17940,"Columbia, TN",Maury County,Tennessee
17980,"Columbus, GA-AL",Russell County,Alabama
17980,"Columbus, GA-AL",Chattahoochee County,Georgia
17980,"Columbus, GA-AL",Harris County,Georgia
17980,"Columbus, GA-AL",Marion County,Georgia
17980,"Columbus, GA-AL",Muscogee County,Georgia
18020,"Columbus, IN",Bartholomew County,Indiana
18060,"Columbus, MS",Lowndes County,Mississippi
18100,"Columbus, NE",Platte County,Nebraska
18140,"Columbus, OH",Delaware County,Ohio
18140,"Columbus, OH",Fairfield County,Ohio
18140,"Columbus, OH",Franklin County,Ohio
18140,"Columbus, OH",Licking County,Ohio
18140,"Columbus, OH",Madison County,Ohio
18140,"Columbus, OH",Morrow County,Ohio
18140,"Columbus, OH",Pickaway County,Ohio
18140,"Columbus, OH",Union County,Ohio
18180,"Concord, NH",Merrimack County,New Hampshire
18220,"Connersville, IN",Fayette County,Indiana
18260,"Cookeville, TN",Jackson County,Tennessee
18260,"Cookeville, TN",Overton County,Tennessee
18260,"Cookeville, TN",Putnam County,Tennessee
18300,"Coos Bay, OR",Coos County,Oregon
18340,"Corbin, KY",Whitley County,Kentucky
18380,"Cordele, GA",Crisp County,Georgia
18420,"Corinth, MS",Alcorn County,Mississippi
18460,"Cornelia, GA",Habersham County,Georgia
18500,"Corning, NY",Steuben County,New York
18580,"Corpus Christi, TX",Aransas County,Texas
18580,"Corpus Christi, TX",Nueces County,Texas
18580,"Corpus Christi, TX",San Patricio County,Texas
18620,"Corsicana, TX",Navarro County,Texas
18660,"Cortland, NY",Cortland County,New York
18700,"Corvallis, OR",Benton County,Oregon
18740,"Coshocton, OH",Coshocton County,Ohio
18820,"Crawfordsville, IN",Montgomery County,Indiana
18860,"Crescent City, CA",Del Norte County,California
18880,"Crestview-Fort Walton Beach-Destin, FL",Okaloosa County,Florida
18900,"Crossville, TN",Cumberland County,Tennessee
18940,"Crowley, LA",Acadia Parish,Louisiana
18980,"Cullman, AL",Cullman County,Alabama
19020,"Culpeper, VA",Culpeper County,Virginia
19060,"Cumberland, MD-WV",Allegany County,Maryland
19060,"Cumberland, MD-WV",Mineral County,West Virginia
19100,"Dallas-Fort Worth-Arlington, TX",Collin County,Texas
19100,"Dallas-Fort Worth-Arlington, TX",Dallas County,Texas
19100,"Dallas-Fort Worth-Arlington, TX",Delta County,Texas
19100,"Dallas-Fort Worth-Arlington, TX",Denton County,Texas
19100,"Dallas-Fort Worth-Arlington, TX",Ellis County,Texas
19100,"Dallas-Fort Worth-Arlington, TX",Hunt County,Texas
19100,"Dallas-Fort Worth-Arlington, TX",Johnson County,Texas
19100,"Dallas-Fort Worth-Arlington, TX",Kaufman County,Texas
19100,"Dallas-Fort Worth-Arlington, TX",Parker County,Texas
19100,"Dallas-Fort Worth-Arlington, TX",Rockwall County,Texas
19100,"Dallas-Fort Worth-Arlington, TX",Tarrant County,Texas
19100,"Dallas-Fort Worth-Arlington, TX",Wise County,Texas
19140,"Dalton, GA",Murray County,Georgia
19140,"Dalton, GA",Whitfield County,Georgia
19180,"Danville, IL",Vermilion County,Illinois
19220,"Danville, KY",Boyle County,Kentucky
19220,"Danville, KY",Lincoln County,Kentucky
19260,"Danville, VA",Pittsylvania County,Virginia
19260,"Danville, VA",Danville city,Virginia
19300,"Daphne-Fairhope-Foley, AL",Baldwin County,Alabama
19340,"Davenport-Moline-Rock Island, IA-IL",Henry County,Illinois
19340,"Davenport-Moline-Rock Island, IA-IL",Mercer County,Illinois
19340,"Davenport-Moline-Rock Island, IA-IL",Rock Island County,Illinois
19340,"Davenport-Moline-Rock Island, IA-IL",Scott County,Iowa
19380,"Dayton, OH",Greene County,Ohio
19380,"Dayton, OH",Miami County,Ohio
19380,"Dayton, OH",Montgomery County,Ohio
19380,"Dayton, OH",Preble County,Ohio
19460,"Decatur, AL",Lawrence County,Alabama
19460,"Decatur, AL",Morgan County,Alabama
19500,"Decatur, IL",Macon County,Illinois
19540,"Decatur, IN",Adams County,Indiana
19580,"Defiance, OH",Defiance County,Ohio
19620,"Del Rio, TX",Val Verde County,Texas
19660,"Deltona-Daytona Beach-Ormond Beach, FL",Volusia County,Florida
19700,"Deming, NM",Luna County,New Mexico
19740,"Denver-Aurora-Broomfield, CO",Adams County,Colorado
19740,"Denver-Aurora-Broomfield, CO",Arapahoe County,Colorado
19740,"Denver-Aurora-Broomfield, CO",Broomfield County,Colorado
19740,"Denver-Aurora-Broomfield, CO",Clear Creek County,Colorado
19740,"Denver-Aurora-Broomfield, CO",Denver County,Colorado
19740,"Denver-Aurora-Broomfield, CO",Douglas County,Colorado
19740,"Denver-Aurora-Broomfield, CO",Elbert County,Colorado
19740,"Denver-Aurora-Broomfield, CO",Gilpin County,Colorado
19740,"Denver-Aurora-Broomfield, CO",Jefferson County,Colorado
19740,"Denver-Aurora-Broomfield, CO",Park County,Colorado
19760,"DeRidder, LA",Beauregard Parish,Louisiana
19780,"Des Moines-West Des Moines, IA",Dallas County,Iowa
19780,"Des Moines-West Des Moines, IA",Guthrie County,Iowa
19780,"Des Moines-West Des Moines, IA",Madison County,Iowa
19780,"Des Moines-West Des Moines, IA",Polk County,Iowa
19780,"Des Moines-West Des Moines, IA",Warren County,Iowa
19820,"Detroit-Warren-Livonia, MI",Lapeer County,Michigan
19820,"Detroit-Warren-Livonia, MI",Livingston County,Michigan
19820,"Detroit-Warren-Livonia, MI",Macomb County,Michigan
19820,"Detroit-Warren-Livonia, MI",Oakland County,Michigan
19820,"Detroit-Warren-Livonia, MI",St. Clair County,Michigan
19820,"Detroit-Warren-Livonia, MI",Wayne County,Michigan
19860,"Dickinson, ND",Billings County,North Dakota
19860,"Dickinson, ND",Stark County,North Dakota
19900,"Dillon, SC",Dillon County,South Carolina
19940,"Dixon, IL",Lee County,Illinois
19980,"Dodge City, KS",Ford County,Kansas
20020,"Dothan, AL",Geneva County,Alabama
20020,"Dothan, AL",Henry County,Alabama
20020,"Dothan, AL",Houston County,Alabama
20060,"Douglas, GA",Atkinson County,Georgia
20060,"Douglas, GA",Coffee County,Georgia
20100,"Dover, DE",Kent County,Delaware
20140,"Dublin, GA",Johnson County,Georgia
20140,"Dublin, GA",Laurens County,Georgia
20180,"DuBois, PA",Clearfield County,Pennsylvania
20220,"Dubuque, IA",Dubuque County,Iowa
20260,"Duluth, MN-WI",Carlton County,Minnesota
20260,"Duluth, MN-WI",St. Louis County,Minnesota
20260,"Duluth, MN-WI",Douglas County,Wisconsin
20300,"Dumas, TX",Moore County,Texas
20340,"Duncan, OK",Stephens County,Oklahoma
20380,"Dunn, NC",Harnett County,North Carolina
20420,"Durango, CO",La Plata County,Colorado
20460,"Durant, OK",Bryan County,Oklahoma
20500,"Durham-Chapel Hill, NC",Chatham County,North Carolina
20500,"Durham-Chapel Hill, NC",Durham County,North Carolina
20500,"Durham-Chapel Hill, NC",Orange County,North Carolina
20500,"Durham-Chapel Hill, NC",Person County,North Carolina
20540,"Dyersburg, TN",Dyer County,Tennessee
20580,"Eagle Pass, TX",Maverick County,Texas
20620,"East Liverpool-Salem, OH",Columbiana County,Ohio
20660,"Easton, MD",Talbot County,Maryland
20700,"East Stroudsburg, PA",Monroe County,Pennsylvania
20740,"Eau Claire, WI",Chippewa County,Wisconsin
20740,"Eau Claire, WI",Eau Claire County,Wisconsin
20780,"Edwards, CO",Eagle County,Colorado
20780,"Edwards, CO",Lake County,Colorado
20820,"Effingham, IL",Effingham County,Illinois
20900,"El Campo, TX",Wharton County,Texas
20940,"El Centro, CA",Imperial County,California
20980,"El Dorado, AR",Union County,Arkansas
21020,"Elizabeth City, NC",Camden County,North Carolina
21020,"Elizabeth City, NC",Pasquotank County,North Carolina
21020,"Elizabeth City, NC",Perquimans County,North Carolina
21060,"Elizabethtown, KY",Hardin County,Kentucky
21060,"Elizabethtown, KY",Larue County,Kentucky
21120,"Elk City, OK",Beckham County,Oklahoma
21140,"Elkhart-Goshen, IN",Elkhart County,Indiana
21220,"Elko, NV",Elko County,Nevada
21220,"Elko, NV",Eureka County,Nevada
21260,"Ellensburg, WA",Kittitas County,Washington
21300,"Elmira, NY",Chemung County,New York
21340,"El Paso, TX",El Paso County,Texas
21380,"Emporia, KS",Chase County,Kansas
21380,"Emporia, KS",Lyon County,Kansas
21420,"Enid, OK",Garfield County,Oklahoma
21460,"Enterprise-Ozark, AL",Coffee County,Alabama
21460,"Enterprise-Ozark, AL",Dale County,Alabama
21500,"Erie, PA",Erie County,Pennsylvania
21540,"Escanaba, MI",Delta County,Michigan
21580,"Espanola, NM",Rio Arriba County,New Mexico
21640,"Eufaula, AL-GA",Barbour County,Alabama
21640,"Eufaula, AL-GA",Quitman County,Georgia
21660,"Eugene-Springfield, OR",Lane County,Oregon
21700,"Eureka-Arcata-Fortuna, CA",Humboldt County,California
21740,"Evanston, WY",Uinta County,Wyoming
21780,"Evansville, IN-KY",Gibson County,Indiana
21780,"Evansville, IN-KY",Posey County,Indiana
21780,"Evansville, IN-KY",Vanderburgh County,Indiana
21780,"Evansville, IN-KY",Warrick County,Indiana
21780,"Evansville, IN-KY",Henderson County,Kentucky
21780,"Evansville, IN-KY",Webster County,Kentucky
21820,"Fairbanks, AK",Fairbanks North Star Borough,Alaska
21860,"Fairmont, MN",Martin County,Minnesota
21900,"Fairmont, WV",Marion County,West Virginia
21940,"Fajardo, PR",Ceiba Municipio,Puerto Rico
21940,"Fajardo, PR",Fajardo Municipio,Puerto Rico
21940,"Fajardo, PR",Luquillo Municipio,Puerto Rico
21980,"Fallon, NV",Churchill County,Nevada
22020,"Fargo, ND-MN",Clay County,Minnesota
22020,"Fargo, ND-MN",Cass County,North Dakota
22060,"Faribault-Northfield, MN",Rice County,Minnesota
22100,"Farmington, MO",St. Francois County,Missouri
22140,"Farmington, NM",San Juan County,New Mexico
22180,"Fayetteville, NC",Cumberland County,North Carolina
22180,"Fayetteville, NC",Hoke County,North Carolina
22220,"Fayetteville-Springdale-Rogers, AR-MO",Benton County,Arkansas
22220,"Fayetteville-Springdale-Rogers, AR-MO",Madison County,Arkansas
22220,"Fayetteville-Springdale-Rogers, AR-MO",Washington County,Arkansas
22220,"Fayetteville-Springdale-Rogers, AR-MO",McDonald County,Missouri
22260,"Fergus Falls, MN",Otter Tail County,Minnesota
22280,"Fernley, NV",Lyon County,Nevada
22300,"Findlay, OH",Hancock County,Ohio
22340,"Fitzgerald, GA",Ben Hill County,Georgia
22340,"Fitzgerald, GA",Irwin County,Georgia
22380,"Flagstaff, AZ",Coconino County,Arizona
22420,"Flint, MI",Genesee County,Michigan
22500,"Florence, SC",Darlington County,South Carolina
22500,"Florence, SC",Florence County,South Carolina
22520,"Florence-Muscle Shoals, AL",Colbert County,Alabama
22520,"Florence-Muscle Shoals, AL",Lauderdale County,Alabama
22540,"Fond du Lac, WI",Fond du Lac County,Wisconsin
22580,"Forest City, NC",Rutherford County,North Carolina
22620,"Forrest City, AR",St. Francis County,Arkansas
22660,"Fort Collins-Loveland, CO",Larimer County,Colorado
22700,"Fort Dodge, IA",Webster County,Iowa
22780,"Fort Leonard Wood, MO",Pulaski County,Missouri
22800,"Fort Madison-Keokuk, IA-MO",Lee County,Iowa
22800,"Fort Madison-Keokuk, IA-MO",Clark County,Missouri
22820,"Fort Morgan, CO",Morgan County,Colorado
22840,"Fort Payne, AL",DeKalb County,Alabama
22860,"Fort Polk South, LA",Vernon Parish,Louisiana
22900,"Fort Smith, AR-OK",Crawford County,Arkansas
22900,"Fort Smith, AR-OK",Franklin County,Arkansas
22900,"Fort Smith, AR-OK",Sebastian County,Arkansas
22900,"Fort Smith, AR-OK",Le Flore County,Oklahoma
22900,"Fort Smith, AR-OK",Sequoyah County,Oklahoma
22980,"Fort Valley, GA",Peach County,Georgia
23060,"Fort Wayne, IN",Allen County,Indiana
23060,"Fort Wayne, IN",Wells County,Indiana
23060,"Fort Wayne, IN",Whitley County,Indiana
23140,"Frankfort, IN",Clinton County,Indiana
23180,"Frankfort, KY",Anderson County,Kentucky
23180,"Frankfort, KY",Franklin County,Kentucky
23240,"Fredericksburg, TX",Gillespie County,Texas
23300,"Freeport, IL",Stephenson County,Illinois
23340,"Fremont, NE",Dodge County,Nebraska
23380,"Fremont, OH",Sandusky County,Ohio
23420,"Fresno, CA",Fresno County,California
23460,"Gadsden, AL",Etowah County,Alabama
23500,"Gaffney, SC",Cherokee County,South Carolina
23540,"Gainesville, FL",Alachua County,Florida
23540,"Gainesville, FL",Gilchrist County,Florida
23580,"Gainesville, GA",Hall County,Georgia
23620,"Gainesville, TX",Cooke County,Texas
23660,"Galesburg, IL",Knox County,Illinois
23660,"Galesburg, IL",Warren County,Illinois
23700,"Gallup, NM",McKinley County,New Mexico
23780,"Garden City, KS",Finney County,Kansas
23820,"Gardnerville Ranchos, NV",Douglas County,Nevada
23860,"Georgetown, SC",Georgetown County,South Carolina
23900,"Gettysburg, PA",Adams County,Pennsylvania
23940,"Gillette, WY",Campbell County,Wyoming
23980,"Glasgow, KY",Barren County,Kentucky
23980,"Glasgow, KY",Metcalfe County,Kentucky
24020,"Glens Falls, NY",Warren County,New York
24020,"Glens Falls, NY",Washington County,New York
24100,"Gloversville, NY",Fulton County,New York
24140,"Goldsboro, NC",Wayne County,North Carolina
24180,"Granbury, TX",Hood County,Texas
24180,"Granbury, TX",Somervell County,Texas
24220,"Grand Forks, ND-MN",Polk County,Minnesota
24220,"Grand Forks, ND-MN",Grand Forks County,North Dakota
24260,"Grand Island, NE",Hall County,Nebraska
24260,"Grand Island, NE",Howard County,Nebraska
24260,"Grand Island, NE",Merrick County,Nebraska
24300,"Grand Junction, CO",Mesa County,Colorado
24340,"Grand Rapids-Wyoming, MI",Barry County,Michigan
24340,"Grand Rapids-Wyoming, MI",Ionia County,Michigan
24340,"Grand Rapids-Wyoming, MI",Kent County,Michigan
24340,"Grand Rapids-Wyoming, MI",Newaygo County,Michigan
24380,"Grants, NM",Cibola County,New Mexico
24420,"Grants Pass, OR",Josephine County,Oregon
24460,"Great Bend, KS",Barton County,Kansas
24500,"Great Falls, MT",Cascade County,Montana
24540,"Greeley, CO",Weld County,Colorado
24580,"Green Bay, WI",Brown County,Wisconsin
24580,"Green Bay, WI",Kewaunee County,Wisconsin
24580,"Green Bay, WI",Oconto County,Wisconsin
24620,"Greeneville, TN",Greene County,Tennessee
24660,"Greensboro-High Point, NC",Guilford County,North Carolina
24660,"Greensboro-High Point, NC",Randolph County,North Carolina
24660,"Greensboro-High Point, NC",Rockingham County,North Carolina
24700,"Greensburg, IN",Decatur County,Indiana
24740,"Greenville, MS",Washington County,Mississippi
24780,"Greenville, NC",Greene County,North Carolina
24780,"Greenville, NC",Pitt County,North Carolina
24820,"Greenville, OH",Darke County,Ohio
24860,"Greenville-Mauldin-Easley, SC",Greenville County,South Carolina
24860,"Greenville-Mauldin-Easley, SC",Laurens County,South Carolina
24860,"Greenville-Mauldin-Easley, SC",Pickens County,South Carolina
24900,"Greenwood, MS",Carroll County,Mississippi
24900,"Greenwood, MS",Leflore County,Mississippi
24940,"Greenwood, SC",Greenwood County,South Carolina
24980,"Grenada, MS",Grenada County,Mississippi
25020,"Guayama, PR",Arroyo Municipio,Puerto Rico
25020,"Guayama, PR",Guayama Municipio,Puerto Rico
25020,"Guayama, PR",Patillas Municipio,Puerto Rico
25060,"Gulfport-Biloxi, MS",Hancock County,Mississippi
25060,"Gulfport-Biloxi, MS",Harrison County,Mississippi
25060,"Gulfport-Biloxi, MS",Stone County,Mississippi
25100,"Guymon, OK",Texas County,Oklahoma
25180,"Hagerstown-Martinsburg, MD-WV",Washington County,Maryland
25180,"Hagerstown-Martinsburg, MD-WV",Berkeley County,West Virginia
25180,"Hagerstown-Martinsburg, MD-WV",Morgan County,West Virginia
25220,"Hammond, LA",Tangipahoa Parish,Louisiana
25260,"Hanford-Corcoran, CA",Kings County,California
25300,"Hannibal, MO",Marion County,Missouri
25300,"Hannibal, MO",Ralls County,Missouri
25340,"Harriman, TN",Roane County,Tennessee
25380,"Harrisburg, IL",Saline County,Illinois
25420,"Harrisburg-Carlisle, PA",Cumberland County,Pennsylvania
25420,"Harrisburg-Carlisle, PA",Dauphin County,Pennsylvania
25420,"Harrisburg-Carlisle, PA",Perry County,Pennsylvania
25460,"Harrison, AR",Boone County,Arkansas
25460,"Harrison, AR",Newton County,Arkansas
25500,"Harrisonburg, VA",Rockingham County,Virginia
25500,"Harrisonburg, VA",Harrisonburg city,Virginia
25540,"Hartford-West Hartford-East Hartford, CT",Hartford County,Connecticut
25540,"Hartford-West Hartford-East Hartford, CT",Middlesex County,Connecticut
25540,"Hartford-West Hartford-East Hartford, CT",Tolland County,Connecticut
25580,"Hastings, NE",Adams County,Nebraska
25580,"Hastings, NE",Clay County,Nebraska
25620,"Hattiesburg, MS",Forrest County,Mississippi
25620,"Hattiesburg, MS",Lamar County,Mississippi
25620,"Hattiesburg, MS",Perry County,Mississippi
25660,"Havre, MT",Hill County,Montana
25700,"Hays, KS",Ellis County,Kansas
25720,"Heber, UT",Wasatch County,Utah
25740,"Helena, MT",Jefferson County,Montana
25740,"Helena, MT",Lewis and Clark County,Montana
25760,"Helena-West Helena, AR",Phillips County,Arkansas
25780,"Henderson, NC",Vance County,North Carolina
25820,"Hereford, TX",Deaf Smith County,Texas
25860,"Hickory-Lenoir-Morganton, NC",Alexander County,North Carolina
25860,"Hickory-Lenoir-Morganton, NC",Burke County,North Carolina
25860,"Hickory-Lenoir-Morganton, NC",Caldwell County,North Carolina
25860,"Hickory-Lenoir-Morganton, NC",Catawba County,North Carolina
25900,"Hilo, HI",Hawaii County,Hawaii
25940,"Hilton Head Island-Beaufort, SC",Beaufort County,South Carolina
25940,"Hilton Head Island-Beaufort, SC",Jasper County,South Carolina
25980,"Hinesville-Fort Stewart, GA",Liberty County,Georgia
25980,"Hinesville-Fort Stewart, GA",Long County,Georgia
26020,"Hobbs, NM",Lea County,New Mexico
26100,"Holland-Grand Haven, MI",Ottawa County,Michigan
26140,"Homosassa Springs, FL",Citrus County,Florida
26180,"Honolulu, HI",Honolulu County,Hawaii
26220,"Hood River, OR",Hood River County,Oregon
26260,"Hope, AR",Hempstead County,Arkansas
26260,"Hope, AR",Nevada County,Arkansas
26300,"Hot Springs, AR",Garland County,Arkansas
26340,"Houghton, MI",Houghton County,Michigan
26340,"Houghton, MI",Keweenaw County,Michigan
26380,"Houma-Bayou Cane-Thibodaux, LA",Lafourche Parish,Louisiana
26380,"Houma-Bayou Cane-Thibodaux, LA",Terrebonne Parish,Louisiana
26420,"Houston-Sugar Land-Baytown, TX",Austin County,Texas
26420,"Houston-Sugar Land-Baytown, TX",Brazoria County,Texas
26420,"Houston-Sugar Land-Baytown, TX",Chambers County,Texas
26420,"Houston-Sugar Land-Baytown, TX",Fort Bend County,Texas
26420,"Houston-Sugar Land-Baytown, TX",Galveston County,Texas
26420,"Houston-Sugar Land-Baytown, TX",Harris County,Texas
26420,"Houston-Sugar Land-Baytown, TX",Liberty County,Texas
26420,"Houston-Sugar Land-Baytown, TX",Montgomery County,Texas
26420,"Houston-Sugar Land-Baytown, TX",San Jacinto County,Texas
26420,"Houston-Sugar Land-Baytown, TX",Waller County,Texas
26460,"Hudson, NY",Columbia County,New York
26480,"Humboldt, TN",Gibson County,Tennessee
26500,"Huntingdon, PA",Huntingdon County,Pennsylvania
26540,"Huntington, IN",Huntington County,Indiana
26580,"Huntington-Ashland, WV-KY-OH",Boyd County,Kentucky
26580,"Huntington-Ashland, WV-KY-OH",Greenup County,Kentucky
26580,"Huntington-Ashland, WV-KY-OH",Lawrence County,Ohio
26580,"Huntington-Ashland, WV-KY-OH",Cabell County,West Virginia
26580,"Huntington-Ashland, WV-KY-OH",Wayne County,West Virginia
26620,"Huntsville, AL",Limestone County,Alabama
26620,"Huntsville, AL",Madison County,Alabama
26660,"Huntsville, TX",Walker County,Texas
26700,"Huron, SD",Beadle County,South Dakota
26740,"Hutchinson, KS",Reno County,Kansas
26780,"Hutchinson, MN",McLeod County,Minnesota
26820,"Idaho Falls, ID",Bonneville County,Idaho
26820,"Idaho Falls, ID",Jefferson County,Idaho
26860,"Indiana, PA",Indiana County,Pennsylvania
26900,"Indianapolis-Carmel, IN",Boone County,Indiana
26900,"Indianapolis-Carmel, IN",Brown County,Indiana
26900,"Indianapolis-Carmel, IN",Hamilton County,Indiana
26900,"Indianapolis-Carmel, IN",Hancock County,Indiana
26900,"Indianapolis-Carmel, IN",Hendricks County,Indiana
26900,"Indianapolis-Carmel, IN",Johnson County,Indiana
26900,"Indianapolis-Carmel, IN",Marion County,Indiana
26900,"Indianapolis-Carmel, IN",Morgan County,Indiana
26900,"Indianapolis-Carmel, IN",Putnam County,Indiana
26900,"Indianapolis-Carmel, IN",Shelby County,Indiana
26940,"Indianola, MS",Sunflower County,Mississippi
26980,"Iowa City, IA",Johnson County,Iowa
26980,"Iowa City, IA",Washington County,Iowa
27020,"Iron Mountain, MI-WI",Dickinson County,Michigan
27020,"Iron Mountain, MI-WI",Florence County,Wisconsin
27060,"Ithaca, NY",Tompkins County,New York
27100,"Jackson, MI",Jackson County,Michigan
27140,"Jackson, MS",Copiah County,Mississippi
27140,"Jackson, MS",Hinds County,Mississippi
27140,"Jackson, MS",Madison County,Mississippi
27140,"Jackson, MS",Rankin County,Mississippi
27140,"Jackson, MS",Simpson County,Mississippi
27180,"Jackson, TN",Chester County,Tennessee
27180,"Jackson, TN",Madison County,Tennessee
27220,"Jackson, WY-ID",Teton County,Idaho
27220,"Jackson, WY-ID",Teton County,Wyoming
27260,"Jacksonville, FL",Baker County,Florida
27260,"Jacksonville, FL",Clay County,Florida
27260,"Jacksonville, FL",Duval County,Florida
27260,"Jacksonville, FL",Nassau County,Florida
27260,"Jacksonville, FL",St. Johns County,Florida
27300,"Jacksonville, IL",Morgan County,Illinois
27300,"Jacksonville, IL",Scott County,Illinois
27340,"Jacksonville, NC",Onslow County,North Carolina
27380,"Jacksonville, TX",Cherokee County,Texas
27420,"Jamestown, ND",Stutsman County,North Dakota
27460,"Jamestown-Dunkirk-Fredonia, NY",Chautauqua County,New York
27500,"Janesville, WI",Rock County,Wisconsin
27540,"Jasper, IN",Dubois County,Indiana
27540,"Jasper, IN",Pike County,Indiana
27580,"Jayuya, PR",Jayuya Municipio,Puerto Rico
27620,"Jefferson City, MO",Callaway County,Missouri
27620,"Jefferson City, MO",Cole County,Missouri
27620,"Jefferson City, MO",Moniteau County,Missouri
27620,"Jefferson City, MO",Osage County,Missouri
27660,"Jennings, LA",Jefferson Davis Parish,Louisiana
27700,"Jesup, GA",Wayne County,Georgia
27740,"Johnson City, TN",Carter County,Tennessee
27740,"Johnson City, TN",Unicoi County,Tennessee
27740,"Johnson City, TN",Washington County,Tennessee
27780,"Johnstown, PA",Cambria County,Pennsylvania
27860,"Jonesboro, AR",Craighead County,Arkansas
27860,"Jonesboro, AR",Poinsett County,Arkansas
27900,"Joplin, MO",Jasper County,Missouri
27900,"Joplin, MO",Newton County,Missouri
27940,"Juneau, AK",Juneau City and Borough,Alaska
27980,"Kahului-Wailuku, HI",Maui County,Hawaii
28020,"Kalamazoo-Portage, MI",Kalamazoo County,Michigan
28020,"Kalamazoo-Portage, MI",Van Buren County,Michigan
28060,"Kalispell, MT",Flathead County,Montana
28100,"Kankakee-Bradley, IL",Kankakee County,Illinois
28140,"Kansas City, MO-KS",Franklin County,Kansas
28140,"Kansas City, MO-KS",Johnson County,Kansas
28140,"Kansas City, MO-KS",Leavenworth County,Kansas
28140,"Kansas City, MO-KS",Linn County,Kansas
28140,"Kansas City, MO-KS",Miami County,Kansas
28140,"Kansas City, MO-KS",Wyandotte County,Kansas
28140,"Kansas City, MO-KS",Bates County,Missouri
28140,"Kansas City, MO-KS",Caldwell County,Missouri
28140,"Kansas City, MO-KS",Cass County,Missouri
28140,"Kansas City, MO-KS",Clay County,Missouri
28140,"Kansas City, MO-KS",Clinton County,Missouri
28140,"Kansas City, MO-KS",Jackson County,Missouri
28140,"Kansas City, MO-KS",Lafayette County,Missouri
28140,"Kansas City, MO-KS",Platte County,Missouri
28140,"Kansas City, MO-KS",Ray County,Missouri
28180,"Kapaa, HI",Kauai County,Hawaii
28260,"Kearney, NE",Buffalo County,Nebraska
28260,"Kearney, NE",Kearney County,Nebraska
28300,"Keene, NH",Cheshire County,New Hampshire
28340,"Kendallville, IN",Noble County,Indiana
28380,"Kennett, MO",Dunklin County,Missouri
28420,"Kennewick-Pasco-Richland, WA",Benton County,Washington
28420,"Kennewick-Pasco-Richland, WA",Franklin County,Washington
28500,"Kerrville, TX",Kerr County,Texas
28540,"Ketchikan, AK",Ketchikan Gateway Borough,Alaska
28580,"Key West, FL",Monroe County,Florida
28620,"Kill Devil Hills, NC",Dare County,North Carolina
28660,"Killeen-Temple-Fort Hood, TX",Bell County,Texas
28660,"Killeen-Temple-Fort Hood, TX",Coryell County,Texas
28660,"Killeen-Temple-Fort Hood, TX",Lampasas County,Texas
28700,"Kingsport-Bristol-Bristol, TN-VA",Hawkins County,Tennessee
28700,"Kingsport-Bristol-Bristol, TN-VA",Sullivan County,Tennessee
28700,"Kingsport-Bristol-Bristol, TN-VA",Scott County,Virginia
28700,"Kingsport-Bristol-Bristol, TN-VA",Washington County,Virginia
28700,"Kingsport-Bristol-Bristol, TN-VA",Bristol city,Virginia
28740,"Kingston, NY",Ulster County,New York
28780,"Kingsville, TX",Kenedy County,Texas
28780,"Kingsville, TX",Kleberg County,Texas
28820,"Kinston, NC",Lenoir County,North Carolina
28860,"Kirksville, MO",Adair County,Missouri
28860,"Kirksville, MO",Schuyler County,Missouri
28900,"Klamath Falls, OR",Klamath County,Oregon
28940,"Knoxville, TN",Anderson County,Tennessee
28940,"Knoxville, TN",Blount County,Tennessee
28940,"Knoxville, TN",Knox County,Tennessee
28940,"Knoxville, TN",Loudon County,Tennessee
28940,"Knoxville, TN",Union County,Tennessee
28980,"Kodiak, AK",Kodiak Island Borough,Alaska
29020,"Kokomo, IN",Howard County,Indiana
29020,"Kokomo, IN",Tipton County,Indiana
29060,"Laconia, NH",Belknap County,New Hampshire
29100,"La Crosse, WI-MN",Houston County,Minnesota
29100,"La Crosse, WI-MN",La Crosse County,Wisconsin
29140,"Lafayette, IN",Benton County,Indiana
29140,"Lafayette, IN",Carroll County,Indiana
29140,"Lafayette, IN",Tippecanoe County,Indiana
29180,"Lafayette, LA",Lafayette Parish,Louisiana
29180,"Lafayette, LA",St. Martin Parish,Louisiana
29220,"La Follette, TN",Campbell County,Tennessee
29260,"La Grande, OR",Union County,Oregon
29300,"LaGrange, GA",Troup County,Georgia
29340,"Lake Charles, LA",Calcasieu Parish,Louisiana
29340,"Lake Charles, LA",Cameron Parish,Louisiana
29380,"Lake City, FL",Columbia County,Florida
29420,"Lake Havasu City-Kingman, AZ",Mohave County,Arizona
29460,"Lakeland-Winter Haven, FL",Polk County,Florida
29500,"Lamesa, TX",Dawson County,Texas
29540,"Lancaster, PA",Lancaster County,Pennsylvania
29580,"Lancaster, SC",Lancaster County,South Carolina
29620,"Lansing-East Lansing, MI",Clinton County,Michigan
29620,"Lansing-East Lansing, MI",Eaton County,Michigan
29620,"Lansing-East Lansing, MI",Ingham County,Michigan
29660,"Laramie, WY",Albany County,Wyoming
29700,"Laredo, TX",Webb County,Texas
29740,"Las Cruces, NM",Dona Ana County,New Mexico
29780,"Las Vegas, NM",San Miguel County,New Mexico
29820,"Las Vegas-Paradise, NV",Clark County,Nevada
29860,"Laurel, MS",Jasper County,Mississippi
29860,"Laurel, MS",Jones County,Mississippi
29900,"Laurinburg, NC",Scotland County,North Carolina
29940,"Lawrence, KS",Douglas County,Kansas
29980,"Lawrenceburg, TN",Lawrence County,Tennessee
30020,"Lawton, OK",Comanche County,Oklahoma
30060,"Lebanon, MO",Laclede County,Missouri
30100,"Lebanon, NH-VT",Grafton County,New Hampshire
30100,"Lebanon, NH-VT",Orange County,Vermont
30100,"Lebanon, NH-VT",Windsor County,Vermont
30140,"Lebanon, PA",Lebanon County,Pennsylvania
30220,"Levelland, TX",Hockley County,Texas
30260,"Lewisburg, PA",Union County,Pennsylvania
30280,"Lewisburg, TN",Marshall County,Tennessee
30300,"Lewiston, ID-WA",Nez Perce County,Idaho
30300,"Lewiston, ID-WA",Asotin County,Washington
30340,"Lewiston-Auburn, ME",Androscoggin County,Maine
30380,"Lewistown, PA",Mifflin County,Pennsylvania
30420,"Lexington, NE",Dawson County,Nebraska
30420,"Lexington, NE",Gosper County,Nebraska
30460,"Lexington-Fayette, KY",Bourbon County,Kentucky
30460,"Lexington-Fayette, KY",Clark County,Kentucky
30460,"Lexington-Fayette, KY",Fayette County,Kentucky
30460,"Lexington-Fayette, KY",Jessamine County,Kentucky
30460,"Lexington-Fayette, KY",Scott County,Kentucky
30460,"Lexington-Fayette, KY",Woodford County,Kentucky
30500,"Lexington Park, MD",St. Mary's County,Maryland
30580,"Liberal, KS",Seward County,Kansas
30620,"Lima, OH",Allen County,Ohio
30660,"Lincoln, IL",Logan County,Illinois
30700,"Lincoln, NE",Lancaster County,Nebraska
30700,"Lincoln, NE",Seward County,Nebraska
30740,"Lincolnton, NC",Lincoln County,North Carolina
30780,"Little Rock-North Little Rock-Conway, AR",Faulkner County,Arkansas
30780,"Little Rock-North Little Rock-Conway, AR",Grant County,Arkansas
30780,"Little Rock-North Little Rock-Conway, AR",Lonoke County,Arkansas
30780,"Little Rock-North Little Rock-Conway, AR",Perry County,Arkansas
30780,"Little Rock-North Little Rock-Conway, AR",Pulaski County,Arkansas
30780,"Little Rock-North Little Rock-Conway, AR",Saline County,Arkansas
30820,"Lock Haven, PA",Clinton County,Pennsylvania
30860,"Logan, UT-ID",Franklin County,Idaho
30860,"Logan, UT-ID",Cache County,Utah
30900,"Logansport, IN",Cass County,Indiana
30940,"London, KY",Laurel County,Kentucky
30980,"Longview, TX",Gregg County,Texas
30980,"Longview, TX",Rusk County,Texas
30980,"Longview, TX",Upshur County,Texas
31020,"Longview, WA",Cowlitz County,Washington
31060,"Los Alamos, NM",Los Alamos County,New Mexico
31100,"Los Angeles-Long Beach-Santa Ana, CA",Los Angeles County,California
31100,"Los Angeles-Long Beach-Santa Ana, CA",Orange County,California
31140,"Louisville/Jefferson County, KY-IN",Clark County,Indiana
31140,"Louisville/Jefferson County, KY-IN",Floyd County,Indiana
31140,"Louisville/Jefferson County, KY-IN",Harrison County,Indiana
31140,"Louisville/Jefferson County, KY-IN",Washington County,Indiana
31140,"Louisville/Jefferson County, KY-IN",Bullitt County,Kentucky
31140,"Louisville/Jefferson County, KY-IN",Henry County,Kentucky
31140,"Louisville/Jefferson County, KY-IN",Jefferson County,Kentucky
31140,"Louisville/Jefferson County, KY-IN",Meade County,Kentucky
31140,"Louisville/Jefferson County, KY-IN",Nelson County,Kentucky
31140,"Louisville/Jefferson County, KY-IN",Oldham County,Kentucky
31140,"Louisville/Jefferson County, KY-IN",Shelby County,Kentucky
31140,"Louisville/Jefferson County, KY-IN",Spencer County,Kentucky
31140,"Louisville/Jefferson County, KY-IN",Trimble County,Kentucky
31180,"Lubbock, TX",Crosby County,Texas
31180,"Lubbock, TX",Lubbock County,Texas
31260,"Lufkin, TX",Angelina County,Texas
31300,"Lumberton, NC",Robeson County,North Carolina
31340,"Lynchburg, VA",Amherst County,Virginia
31340,"Lynchburg, VA",Appomattox County,Virginia
31340,"Lynchburg, VA",Bedford County,Virginia
31340,"Lynchburg, VA",Campbell County,Virginia
31340,"Lynchburg, VA",Bedford city,Virginia
31340,"Lynchburg, VA",Lynchburg city,Virginia
31380,"Macomb, IL",McDonough County,Illinois
31420,"Macon, GA",Bibb County,Georgia
31420,"Macon, GA",Crawford County,Georgia
31420,"Macon, GA",Jones County,Georgia
31420,"Macon, GA",Monroe County,Georgia
31420,"Macon, GA",Twiggs County,Georgia
31460,"Madera-Chowchilla, CA",Madera County,California
31500,"Madison, IN",Jefferson County,Indiana
31540,"Madison, WI",Columbia County,Wisconsin
31540,"Madison, WI",Dane County,Wisconsin
31540,"Madison, WI",Iowa County,Wisconsin
31580,"Madisonville, KY",Hopkins County,Kentucky
31620,"Magnolia, AR",Columbia County,Arkansas
31660,"Malone, NY",Franklin County,New York
31700,"Manchester-Nashua, NH",Hillsborough County,New Hampshire
31740,"Manhattan, KS",Geary County,Kansas
31740,"Manhattan, KS",Pottawatomie County,Kansas
31740,"Manhattan, KS",Riley County,Kansas
31820,"Manitowoc, WI",Manitowoc County,Wisconsin
31860,"Mankato-North Mankato, MN",Blue Earth County,Minnesota
31860,"Mankato-North Mankato, MN",Nicollet County,Minnesota
31900,"Mansfield, OH",Richland County,Ohio
31920,"Marble Falls, TX",Burnet County,Texas
31940,"Marinette, WI-MI",Menominee County,Michigan
31940,"Marinette, WI-MI",Marinette County,Wisconsin
31980,"Marion, IN",Grant County,Indiana
32020,"Marion, OH",Marion County,Ohio
32060,"Marion-Herrin, IL",Williamson County,Illinois
32100,"Marquette, MI",Marquette County,Michigan
32140,"Marshall, MN",Lyon County,Minnesota
32180,"Marshall, MO",Saline County,Missouri
32220,"Marshall, TX",Harrison County,Texas
32260,"Marshalltown, IA",Marshall County,Iowa
32270,"Marshfield-Wisconsin Rapids, WI",Wood County,Wisconsin
32280,"Martin, TN",Weakley County,Tennessee
32300,"Martinsville, VA",Henry County,Virginia
32300,"Martinsville, VA",Martinsville city,Virginia
32340,"Maryville, MO",Nodaway County,Missouri
32380,"Mason City, IA",Cerro Gordo County,Iowa
32380,"Mason City, IA",Worth County,Iowa
32420,"Mayagüez, PR",Hormigueros Municipio,Puerto Rico
32420,"Mayagüez, PR",Mayagüez Municipio,Puerto Rico
32460,"Mayfield, KY",Graves County,Kentucky
32500,"Maysville, KY",Lewis County,Kentucky
32500,"Maysville, KY",Mason County,Kentucky
32540,"McAlester, OK",Pittsburg County,Oklahoma
32580,"McAllen-Edinburg-Mission, TX",Hidalgo County,Texas
32620,"McComb, MS",Amite County,Mississippi
32620,"McComb, MS",Pike County,Mississippi
32660,"McMinnville, TN",Warren County,Tennessee
32700,"McPherson, KS",McPherson County,Kansas
32740,"Meadville, PA",Crawford County,Pennsylvania
32780,"Medford, OR",Jackson County,Oregon
32820,"Memphis, TN-MS-AR",Crittenden County,Arkansas
32820,"Memphis, TN-MS-AR",DeSoto County,Mississippi
32820,"Memphis, TN-MS-AR",Marshall County,Mississippi
32820,"Memphis, TN-MS-AR",Tate County,Mississippi
32820,"Memphis, TN-MS-AR",Tunica County,Mississippi
32820,"Memphis, TN-MS-AR",Fayette County,Tennessee
32820,"Memphis, TN-MS-AR",Shelby County,Tennessee
32820,"Memphis, TN-MS-AR",Tipton County,Tennessee
32860,"Menomonie, WI",Dunn County,Wisconsin
32900,"Merced, CA",Merced County,California
32940,"Meridian, MS",Clarke County,Mississippi
32940,"Meridian, MS",Kemper County,Mississippi
32940,"Meridian, MS",Lauderdale County,Mississippi
32980,"Merrill, WI",Lincoln County,Wisconsin
33020,"Mexico, MO",Audrain County,Missouri
33060,"Miami, OK",Ottawa County,Oklahoma
33100,"Miami-Fort Lauderdale-Pompano Beach, FL",Broward County,Florida
33100,"Miami-Fort Lauderdale-Pompano Beach, FL",Miami-Dade County,Florida
33100,"Miami-Fort Lauderdale-Pompano Beach, FL",Palm Beach County,Florida
33140,"Michigan City-La Porte, IN",LaPorte County,Indiana
33180,"Middlesborough, KY",Bell County,Kentucky
33220,"Midland, MI",Midland County,Michigan
33260,"Midland, TX",Midland County,Texas
33300,"Milledgeville, GA",Baldwin County,Georgia
33300,"Milledgeville, GA",Hancock County,Georgia
33340,"Milwaukee-Waukesha-West Allis, WI",Milwaukee County,Wisconsin
33340,"Milwaukee-Waukesha-West Allis, WI",Ozaukee County,Wisconsin
33340,"Milwaukee-Waukesha-West Allis, WI",Washington County,Wisconsin
33340,"Milwaukee-Waukesha-West Allis, WI",Waukesha County,Wisconsin
33380,"Minden, LA",Webster Parish,Louisiana
33420,"Mineral Wells, TX",Palo Pinto County,Texas
33460,"Minneapolis-St. Paul-Bloomington, MN-WI",Anoka County,Minnesota
33460,"Minneapolis-St. Paul-Bloomington, MN-WI",Carver County,Minnesota
33460,"Minneapolis-St. Paul-Bloomington, MN-WI",Chisago County,Minnesota
33460,"Minneapolis-St. Paul-Bloomington, MN-WI",Dakota County,Minnesota
33460,"Minneapolis-St. Paul-Bloomington, MN-WI",Hennepin County,Minnesota
33460,"Minneapolis-St. Paul-Bloomington, MN-WI",Isanti County,Minnesota
33460,"Minneapolis-St. Paul-Bloomington, MN-WI",Ramsey County,Minnesota
33460,"Minneapolis-St. Paul-Bloomington, MN-WI",Scott County,Minnesota
33460,"Minneapolis-St. Paul-Bloomington, MN-WI",Sherburne County,Minnesota
33460,"Minneapolis-St. Paul-Bloomington, MN-WI",Washington County,Minnesota
33460,"Minneapolis-St. Paul-Bloomington, MN-WI",Wright County,Minnesota
33460,"Minneapolis-St. Paul-Bloomington, MN-WI",Pierce County,Wisconsin
33460,"Minneapolis-St. Paul-Bloomington, MN-WI",St. Croix County,Wisconsin
33500,"Minot, ND",McHenry County,North Dakota
33500,"Minot, ND",Renville County,North Dakota
33500,"Minot, ND",Ward County,North Dakota
33540,"Missoula, MT",Missoula County,Montana
33580,"Mitchell, SD",Davison County,South Dakota
33580,"Mitchell, SD",Hanson County,South Dakota
33620,"Moberly, MO",Randolph County,Missouri
33660,"Mobile, AL",Mobile County,Alabama
33700,"Modesto, CA",Stanislaus County,California
33740,"Monroe, LA",Ouachita Parish,Louisiana
33740,"Monroe, LA",Union Parish,Louisiana
33780,"Monroe, MI",Monroe County,Michigan
33820,"Monroe, WI",Green County,Wisconsin
33860,"Montgomery, AL",Autauga County,Alabama
33860,"Montgomery, AL",Elmore County,Alabama
33860,"Montgomery, AL",Lowndes County,Alabama
33860,"Montgomery, AL",Montgomery County,Alabama
33940,"Montrose, CO",Montrose County,Colorado
33980,"Morehead City, NC",Carteret County,North Carolina
34020,"Morgan City, LA",St. Mary Parish,Louisiana
34060,"Morgantown, WV",Monongalia County,West Virginia
34060,"Morgantown, WV",Preston County,West Virginia
34100,"Morristown, TN",Grainger County,Tennessee
34100,"Morristown, TN",Hamblen County,Tennessee
34100,"Morristown, TN",Jefferson County,Tennessee
34140,"Moscow, ID",Latah County,Idaho
34180,"Moses Lake, WA",Grant County,Washington
34220,"Moultrie, GA",Colquitt County,Georgia
34260,"Mountain Home, AR",Baxter County,Arkansas
34300,"Mountain Home, ID",Elmore County,Idaho
34340,"Mount Airy, NC",Surry County,North Carolina
34380,"Mount Pleasant, MI",Isabella County,Michigan
34420,"Mount Pleasant, TX",Titus County,Texas
34460,"Mount Sterling, KY",Bath County,Kentucky
34460,"Mount Sterling, KY",Menifee County,Kentucky
34460,"Mount Sterling, KY",Montgomery County,Kentucky
34500,"Mount Vernon, IL",Hamilton County,Illinois
34500,"Mount Vernon, IL",Jefferson County,Illinois
34540,"Mount Vernon, OH",Knox County,Ohio
34580,"Mount Vernon-Anacortes, WA",Skagit County,Washington
34620,"Muncie, IN",Delaware County,Indiana
34660,"Murray, KY",Calloway County,Kentucky
34700,"Muscatine, IA",Louisa County,Iowa
34700,"Muscatine, IA",Muscatine County,Iowa
34740,"Muskegon-Norton Shores, MI",Muskegon County,Michigan
34780,"Muskogee, OK",Muskogee County,Oklahoma
34820,"Myrtle Beach-North Myrtle Beach-Conway, SC",Horry County,South Carolina
34860,"Nacogdoches, TX",Nacogdoches County,Texas
34900,"Napa, CA",Napa County,California
34940,"Naples-Marco Island, FL",Collier County,Florida
34980,"Nashville-Davidson--Murfreesboro--Franklin, TN",Cannon County,Tennessee
34980,"Nashville-Davidson--Murfreesboro--Franklin, TN",Cheatham County,Tennessee
34980,"Nashville-Davidson--Murfreesboro--Franklin, TN",Davidson County,Tennessee
34980,"Nashville-Davidson--Murfreesboro--Franklin, TN",Dickson County,Tennessee
34980,"Nashville-Davidson--Murfreesboro--Franklin, TN",Hickman County,Tennessee
34980,"Nashville-Davidson--Murfreesboro--Franklin, TN",Macon County,Tennessee
34980,"Nashville-Davidson--Murfreesboro--Franklin, TN",Robertson County,Tennessee
34980,"Nashville-Davidson--Murfreesboro--Franklin, TN",Rutherford County,Tennessee
34980,"Nashville-Davidson--Murfreesboro--Franklin, TN",Smith County,Tennessee
34980,"Nashville-Davidson--Murfreesboro--Franklin, TN",Sumner County,Tennessee
34980,"Nashville-Davidson--Murfreesboro--Franklin, TN",Trousdale County,Tennessee
34980,"Nashville-Davidson--Murfreesboro--Franklin, TN",Williamson County,Tennessee
34980,"Nashville-Davidson--Murfreesboro--Franklin, TN",Wilson County,Tennessee
35020,"Natchez, MS-LA",Concordia Parish,Louisiana
35020,"Natchez, MS-LA",Adams County,Mississippi
35060,"Natchitoches, LA",Natchitoches Parish,Louisiana
35100,"New Bern, NC",Craven County,North Carolina
35100,"New Bern, NC",Jones County,North Carolina
35100,"New Bern, NC",Pamlico County,North Carolina
35140,"Newberry, SC",Newberry County,South Carolina
35220,"New Castle, IN",Henry County,Indiana
35260,"New Castle, PA",Lawrence County,Pennsylvania
35300,"New Haven-Milford, CT",New Haven County,Connecticut
35340,"New Iberia, LA",Iberia Parish,Louisiana
35380,"New Orleans-Metairie-Kenner, LA",Jefferson Parish,Louisiana
35380,"New Orleans-Metairie-Kenner, LA",Orleans Parish,Louisiana
35380,"New Orleans-Metairie-Kenner, LA",Plaquemines Parish,Louisiana
35380,"New Orleans-Metairie-Kenner, LA",St. Bernard Parish,Louisiana
35380,"New Orleans-Metairie-Kenner, LA",St. Charles Parish,Louisiana
35380,"New Orleans-Metairie-Kenner, LA",St. John the Baptist Parish,Louisiana
35380,"New Orleans-Metairie-Kenner, LA",St. Tammany Parish,Louisiana
35420,"New Philadelphia-Dover, OH",Tuscarawas County,Ohio
35460,"Newport, TN",Cocke County,Tennessee
35500,"Newton, IA",Jasper County,Iowa
35580,"New Ulm, MN",Brown County,Minnesota
35620,"New York-Northern New Jersey-Long Island, NY-NJ-PA",Bergen County,New Jersey
35620,"New York-Northern New Jersey-Long Island, NY-NJ-PA",Essex County,New Jersey
35620,"New York-Northern New Jersey-Long Island, NY-NJ-PA",Hudson County,New Jersey
35620,"New York-Northern New Jersey-Long Island, NY-NJ-PA",Hunterdon County,New Jersey
35620,"New York-Northern New Jersey-Long Island, NY-NJ-PA",Middlesex County,New Jersey
35620,"New York-Northern New Jersey-Long Island, NY-NJ-PA",Monmouth County,New Jersey
35620,"New York-Northern New Jersey-Long Island, NY-NJ-PA",Morris County,New Jersey
35620,"New York-Northern New Jersey-Long Island, NY-NJ-PA",Ocean County,New Jersey
35620,"New York-Northern New Jersey-Long Island, NY-NJ-PA",Passaic County,New Jersey
35620,"New York-Northern New Jersey-Long Island, NY-NJ-PA",Somerset County,New Jersey
35620,"New York-Northern New Jersey-Long Island, NY-NJ-PA",Sussex County,New Jersey
35620,"New York-Northern New Jersey-Long Island, NY-NJ-PA",Union County,New Jersey
35620,"New York-Northern New Jersey-Long Island, NY-NJ-PA",Bronx County,New York
35620,"New York-Northern New Jersey-Long Island, NY-NJ-PA",Kings County,New York
35620,"New York-Northern New Jersey-Long Island, NY-NJ-PA",Nassau County,New York
35620,"New York-Northern New Jersey-Long Island, NY-NJ-PA",New York County,New York
35620,"New York-Northern New Jersey-Long Island, NY-NJ-PA",Putnam County,New York
35620,"New York-Northern New Jersey-Long Island, NY-NJ-PA",Queens County,New York
35620,"New York-Northern New Jersey-Long Island, NY-NJ-PA",Richmond County,New York
35620,"New York-Northern New Jersey-Long Island, NY-NJ-PA",Rockland County,New York
35620,"New York-Northern New Jersey-Long Island, NY-NJ-PA",Suffolk County,New York
35620,"New York-Northern New Jersey-Long Island, NY-NJ-PA",Westchester County,New York
35620,"New York-Northern New Jersey-Long Island, NY-NJ-PA",Pike County,Pennsylvania
35660,"Niles-Benton Harbor, MI",Berrien County,Michigan
35700,"Nogales, AZ",Santa Cruz County,Arizona
35740,"Norfolk, NE",Madison County,Nebraska
35740,"Norfolk, NE",Pierce County,Nebraska
35740,"Norfolk, NE",Stanton County,Nebraska
35820,"North Platte, NE",Lincoln County,Nebraska
35820,"North Platte, NE",Logan County,Nebraska
35820,"North Platte, NE",McPherson County,Nebraska
35840,"North Port-Bradenton-Sarasota, FL",Manatee County,Florida
35840,"North Port-Bradenton-Sarasota, FL",Sarasota County,Florida
35860,"North Vernon, IN",Jennings County,Indiana
35900,"North Wilkesboro, NC",Wilkes County,North Carolina
35940,"Norwalk, OH",Huron County,Ohio
35980,"Norwich-New London, CT",New London County,Connecticut
36020,"Oak Harbor, WA",Island County,Washington
36060,"Oak Hill, WV",Fayette County,West Virginia
36100,"Ocala, FL",Marion County,Florida
36140,"Ocean City, NJ",Cape May County,New Jersey
36180,"Ocean Pines, MD",Worcester County,Maryland
36220,"Odessa, TX",Ector County,Texas
36260,"Ogden-Clearfield, UT",Davis County,Utah
36260,"Ogden-Clearfield, UT",Morgan County,Utah
36260,"Ogden-Clearfield, UT",Weber County,Utah
36300,"Ogdensburg-Massena, NY",St. Lawrence County,New York
36340,"Oil City, PA",Venango County,Pennsylvania
36380,"Okeechobee, FL",Okeechobee County,Florida
36420,"Oklahoma City, OK",Canadian County,Oklahoma
36420,"Oklahoma City, OK",Cleveland County,Oklahoma
36420,"Oklahoma City, OK",Grady County,Oklahoma
36420,"Oklahoma City, OK",Lincoln County,Oklahoma
36420,"Oklahoma City, OK",Logan County,Oklahoma
36420,"Oklahoma City, OK",McClain County,Oklahoma
36420,"Oklahoma City, OK",Oklahoma County,Oklahoma
36460,"Olean, NY",Cattaraugus County,New York
36500,"Olympia, WA",Thurston County,Washington
36540,"Omaha-Council Bluffs, NE-IA",Harrison County,Iowa
36540,"Omaha-Council Bluffs, NE-IA",Mills County,Iowa
36540,"Omaha-Council Bluffs, NE-IA",Pottawattamie County,Iowa
36540,"Omaha-Council Bluffs, NE-IA",Cass County,Nebraska
36540,"Omaha-Council Bluffs, NE-IA",Douglas County,Nebraska
36540,"Omaha-Council Bluffs, NE-IA",Sarpy County,Nebraska
36540,"Omaha-Council Bluffs, NE-IA",Saunders County,Nebraska
36540,"Omaha-Council Bluffs, NE-IA",Washington County,Nebraska
36580,"Oneonta, NY",Otsego County,New York
36620,"Ontario, OR-ID",Payette County,Idaho
36620,"Ontario, OR-ID",Malheur County,Oregon
36660,"Opelousas-Eunice, LA",St. Landry Parish,Louisiana
36700,"Orangeburg, SC",Orangeburg County,South Carolina
36740,"Orlando-Kissimmee-Sanford, FL",Lake County,Florida
36740,"Orlando-Kissimmee-Sanford, FL",Orange County,Florida
36740,"Orlando-Kissimmee-Sanford, FL",Osceola County,Florida
36740,"Orlando-Kissimmee-Sanford, FL",Seminole County,Florida
36780,"Oshkosh-Neenah, WI",Winnebago County,Wisconsin
36820,"Oskaloosa, IA",Mahaska County,Iowa
36860,"Ottawa-Streator, IL",Bureau County,Illinois
36860,"Ottawa-Streator, IL",LaSalle County,Illinois
36860,"Ottawa-Streator, IL",Putnam County,Illinois
36900,"Ottumwa, IA",Wapello County,Iowa
36940,"Owatonna, MN",Steele County,Minnesota
36980,"Owensboro, KY",Daviess County,Kentucky
36980,"Owensboro, KY",Hancock County,Kentucky
36980,"Owensboro, KY",McLean County,Kentucky
37020,"Owosso, MI",Shiawassee County,Michigan
37060,"Oxford, MS",Lafayette County,Mississippi
37100,"Oxnard-Thousand Oaks-Ventura, CA",Ventura County,California
37140,"Paducah, KY-IL",Massac County,Illinois
37140,"Paducah, KY-IL",Ballard County,Kentucky
37140,"Paducah, KY-IL",Livingston County,Kentucky
37140,"Paducah, KY-IL",McCracken County,Kentucky
37220,"Pahrump, NV",Nye County,Nevada
37260,"Palatka, FL",Putnam County,Florida
37300,"Palestine, TX",Anderson County,Texas
37340,"Palm Bay-Melbourne-Titusville, FL",Brevard County,Florida
37380,"Palm Coast, FL",Flagler County,Florida
37420,"Pampa, TX",Gray County,Texas
37420,"Pampa, TX",Roberts County,Texas
37460,"Panama City-Lynn Haven-Panama City Beach, FL",Bay County,Florida
37500,"Paragould, AR",Greene County,Arkansas
37540,"Paris, TN",Henry County,Tennessee
37580,"Paris, TX",Lamar County,Texas
37620,"Parkersburg-Marietta-Vienna, WV-OH",Washington County,Ohio
37620,"Parkersburg-Marietta-Vienna, WV-OH",Pleasants County,West Virginia
37620,"Parkersburg-Marietta-Vienna, WV-OH",Wirt County,West Virginia
37620,"Parkersburg-Marietta-Vienna, WV-OH",Wood County,West Virginia
37660,"Parsons, KS",Labette County,Kansas
37700,"Pascagoula, MS",George County,Mississippi
37700,"Pascagoula, MS",Jackson County,Mississippi
37740,"Payson, AZ",Gila County,Arizona
37780,"Pecos, TX",Reeves County,Texas
37800,"Pella, IA",Marion County,Iowa
37820,"Pendleton-Hermiston, OR",Morrow County,Oregon
37820,"Pendleton-Hermiston, OR",Umatilla County,Oregon
37860,"Pensacola-Ferry Pass-Brent, FL",Escambia County,Florida
37860,"Pensacola-Ferry Pass-Brent, FL",Santa Rosa County,Florida
37900,"Peoria, IL",Marshall County,Illinois
37900,"Peoria, IL",Peoria County,Illinois
37900,"Peoria, IL",Stark County,Illinois
37900,"Peoria, IL",Tazewell County,Illinois
37900,"Peoria, IL",Woodford County,Illinois
37940,"Peru, IN",Miami County,Indiana
37980,"Philadelphia-Camden-Wilmington, PA-NJ-DE-MD",New Castle County,Delaware
37980,"Philadelphia-Camden-Wilmington, PA-NJ-DE-MD",Cecil County,Maryland
37980,"Philadelphia-Camden-Wilmington, PA-NJ-DE-MD",Burlington County,New Jersey
37980,"Philadelphia-Camden-Wilmington, PA-NJ-DE-MD",Camden County,New Jersey
37980,"Philadelphia-Camden-Wilmington, PA-NJ-DE-MD",Gloucester County,New Jersey
37980,"Philadelphia-Camden-Wilmington, PA-NJ-DE-MD",Salem County,New Jersey
37980,"Philadelphia-Camden-Wilmington, PA-NJ-DE-MD",Bucks County,Pennsylvania
37980,"Philadelphia-Camden-Wilmington, PA-NJ-DE-MD",Chester County,Pennsylvania
37980,"Philadelphia-Camden-Wilmington, PA-NJ-DE-MD",Delaware County,Pennsylvania
37980,"Philadelphia-Camden-Wilmington, PA-NJ-DE-MD",Montgomery County,Pennsylvania
37980,"Philadelphia-Camden-Wilmington, PA-NJ-DE-MD",Philadelphia County,Pennsylvania
38020,"Phoenix Lake-Cedar Ridge, CA",Tuolumne County,California
38060,"Phoenix-Mesa-Glendale, AZ",Maricopa County,Arizona
38060,"Phoenix-Mesa-Glendale, AZ",Pinal County,Arizona
38100,"Picayune, MS",Pearl River County,Mississippi
38180,"Pierre, SD",Hughes County,South Dakota
38180,"Pierre, SD",Stanley County,South Dakota
38200,"Pierre Part, LA",Assumption Parish,Louisiana
38220,"Pine Bluff, AR",Cleveland County,Arkansas
38220,"Pine Bluff, AR",Jefferson County,Arkansas
38220,"Pine Bluff, AR",Lincoln County,Arkansas
38260,"Pittsburg, KS",Crawford County,Kansas
38300,"Pittsburgh, PA",Allegheny County,Pennsylvania
38300,"Pittsburgh, PA",Armstrong County,Pennsylvania
38300,"Pittsburgh, PA",Beaver County,Pennsylvania
38300,"Pittsburgh, PA",Butler County,Pennsylvania
38300,"Pittsburgh, PA",Fayette County,Pennsylvania
38300,"Pittsburgh, PA",Washington County,Pennsylvania
38300,"Pittsburgh, PA",Westmoreland County,Pennsylvania
38340,"Pittsfield, MA",Berkshire County,Massachusetts
38380,"Plainview, TX",Hale County,Texas
38420,"Platteville, WI",Grant County,Wisconsin
38460,"Plattsburgh, NY",Clinton County,New York
38500,"Plymouth, IN",Marshall County,Indiana
38540,"Pocatello, ID",Bannock County,Idaho
38540,"Pocatello, ID",Power County,Idaho
38580,"Point Pleasant, WV-OH",Gallia County,Ohio
38580,"Point Pleasant, WV-OH",Mason County,West Virginia
38620,"Ponca City, OK",Kay County,Oklahoma
38660,"Ponce, PR",Juana Díaz Municipio,Puerto Rico
38660,"Ponce, PR",Ponce Municipio,Puerto Rico
38660,"Ponce, PR",Villalba Municipio,Puerto Rico
38700,"Pontiac, IL",Livingston County,Illinois
38740,"Poplar Bluff, MO",Butler County,Missouri
38780,"Portales, NM",Roosevelt County,New Mexico
38820,"Port Angeles, WA",Clallam County,Washington
38860,"Portland-South Portland-Biddeford, ME",Cumberland County,Maine
38860,"Portland-South Portland-Biddeford, ME",Sagadahoc County,Maine
38860,"Portland-South Portland-Biddeford, ME",York County,Maine
38900,"Portland-Vancouver-Hillsboro, OR-WA",Clackamas County,Oregon
38900,"Portland-Vancouver-Hillsboro, OR-WA",Columbia County,Oregon
38900,"Portland-Vancouver-Hillsboro, OR-WA",Multnomah County,Oregon
38900,"Portland-Vancouver-Hillsboro, OR-WA",Washington County,Oregon
38900,"Portland-Vancouver-Hillsboro, OR-WA",Yamhill County,Oregon
38900,"Portland-Vancouver-Hillsboro, OR-WA",Clark County,Washington
38900,"Portland-Vancouver-Hillsboro, OR-WA",Skamania County,Washington
38940,"Port St. Lucie, FL",Martin County,Florida
38940,"Port St. Lucie, FL",St. Lucie County,Florida
39020,"Portsmouth, OH",Scioto County,Ohio
39060,"Pottsville, PA",Schuylkill County,Pennsylvania
39100,"Poughkeepsie-Newburgh-Middletown, NY",Dutchess County,New York
39100,"Poughkeepsie-Newburgh-Middletown, NY",Orange County,New York
39140,"Prescott, AZ",Yavapai County,Arizona
39220,"Price, UT",Carbon County,Utah
39260,"Prineville, OR",Crook County,Oregon
39300,"Providence-New Bedford-Fall River, RI-MA",Bristol County,Massachusetts
39300,"Providence-New Bedford-Fall River, RI-MA",Bristol County,Rhode Island
39300,"Providence-New Bedford-Fall River, RI-MA",Kent County,Rhode Island
39300,"Providence-New Bedford-Fall River, RI-MA",Newport County,Rhode Island
39300,"Providence-New Bedford-Fall River, RI-MA",Providence County,Rhode Island
39300,"Providence-New Bedford-Fall River, RI-MA",Washington County,Rhode Island
39340,"Provo-Orem, UT",Juab County,Utah
39340,"Provo-Orem, UT",Utah County,Utah
39380,"Pueblo, CO",Pueblo County,Colorado
39420,"Pullman, WA",Whitman County,Washington
39460,"Punta Gorda, FL",Charlotte County,Florida
39500,"Quincy, IL-MO",Adams County,Illinois
39500,"Quincy, IL-MO",Lewis County,Missouri
39540,"Racine, WI",Racine County,Wisconsin
39580,"Raleigh-Cary, NC",Franklin County,North Carolina
39580,"Raleigh-Cary, NC",Johnston County,North Carolina
39580,"Raleigh-Cary, NC",Wake County,North Carolina
39660,"Rapid City, SD",Meade County,South Dakota
39660,"Rapid City, SD",Pennington County,South Dakota
39700,"Raymondville, TX",Willacy County,Texas
39740,"Reading, PA",Berks County,Pennsylvania
39780,"Red Bluff, CA",Tehama County,California
39820,"Redding, CA",Shasta County,California
39860,"Red Wing, MN",Goodhue County,Minnesota
39900,"Reno-Sparks, NV",Storey County,Nevada
39900,"Reno-Sparks, NV",Washoe County,Nevada
39940,"Rexburg, ID",Fremont County,Idaho
39940,"Rexburg, ID",Madison County,Idaho
39980,"Richmond, IN",Wayne County,Indiana
40060,"Richmond, VA",Amelia County,Virginia
40060,"Richmond, VA",Caroline County,Virginia
40060,"Richmond, VA",Charles City County,Virginia
40060,"Richmond, VA",Chesterfield County,Virginia
40060,"Richmond, VA",Cumberland County,Virginia
40060,"Richmond, VA",Dinwiddie County,Virginia
40060,"Richmond, VA",Goochland County,Virginia
40060,"Richmond, VA",Hanover County,Virginia
40060,"Richmond, VA",Henrico County,Virginia
40060,"Richmond, VA",King and Queen County,Virginia
40060,"Richmond, VA",King William County,Virginia
40060,"Richmond, VA",Louisa County,Virginia
40060,"Richmond, VA",New Kent County,Virginia
40060,"Richmond, VA",Powhatan County,Virginia
40060,"Richmond, VA",Prince George County,Virginia
40060,"Richmond, VA",Sussex County,Virginia
40060,"Richmond, VA",Colonial Heights city,Virginia
40060,"Richmond, VA",Hopewell city,Virginia
40060,"Richmond, VA",Petersburg city,Virginia
40060,"Richmond, VA",Richmond city,Virginia
40080,"Richmond-Berea, KY",Madison County,Kentucky
40080,"Richmond-Berea, KY",Rockcastle County,Kentucky
40100,"Rio Grande City-Roma, TX",Starr County,Texas
40140,"Riverside-San Bernardino-Ontario, CA",Riverside County,California
40140,"Riverside-San Bernardino-Ontario, CA",San Bernardino County,California
40180,"Riverton, WY",Fremont County,Wyoming
40220,"Roanoke, VA",Botetourt County,Virginia
40220,"Roanoke, VA",Craig County,Virginia
40220,"Roanoke, VA",Franklin County,Virginia
40220,"Roanoke, VA",Roanoke County,Virginia
40220,"Roanoke, VA",Roanoke city,Virginia
40220,"Roanoke, VA",Salem city,Virginia
40260,"Roanoke Rapids, NC",Halifax County,North Carolina
40260,"Roanoke Rapids, NC",Northampton County,North Carolina
40300,"Rochelle, IL",Ogle County,Illinois
40340,"Rochester, MN",Dodge County,Minnesota
40340,"Rochester, MN",Olmsted County,Minnesota
40340,"Rochester, MN",Wabasha County,Minnesota
40380,"Rochester, NY",Livingston County,New York
40380,"Rochester, NY",Monroe County,New York
40380,"Rochester, NY",Ontario County,New York
40380,"Rochester, NY",Orleans County,New York
40380,"Rochester, NY",Wayne County,New York
40420,"Rockford, IL",Boone County,Illinois
40420,"Rockford, IL",Winnebago County,Illinois
40460,"Rockingham, NC",Richmond County,North Carolina
40500,"Rockland, ME",Knox County,Maine
40540,"Rock Springs, WY",Sweetwater County,Wyoming
40580,"Rocky Mount, NC",Edgecombe County,North Carolina
40580,"Rocky Mount, NC",Nash County,North Carolina
40620,"Rolla, MO",Phelps County,Missouri
40660,"Rome, GA",Floyd County,Georgia
40700,"Roseburg, OR",Douglas County,Oregon
40740,"Roswell, NM",Chaves County,New Mexico
40760,"Ruidoso, NM",Lincoln County,New Mexico
40780,"Russellville, AR",Pope County,Arkansas
40780,"Russellville, AR",Yell County,Arkansas
40820,"Ruston, LA",Jackson Parish,Louisiana
40820,"Ruston, LA",Lincoln Parish,Louisiana
40860,"Rutland, VT",Rutland County,Vermont
40900,"Sacramento--Arden-Arcade--Roseville, CA",El Dorado County,California
40900,"Sacramento--Arden-Arcade--Roseville, CA",Placer County,California
40900,"Sacramento--Arden-Arcade--Roseville, CA",Sacramento County,California
40900,"Sacramento--Arden-Arcade--Roseville, CA",Yolo County,California
40940,"Safford, AZ",Graham County,Arizona
40940,"Safford, AZ",Greenlee County,Arizona
40980,"Saginaw-Saginaw Township North, MI",Saginaw County,Michigan
41060,"St. Cloud, MN",Benton County,Minnesota
41060,"St. Cloud, MN",Stearns County,Minnesota
41100,"St. George, UT",Washington County,Utah
41140,"St. Joseph, MO-KS",Doniphan County,Kansas
41140,"St. Joseph, MO-KS",Andrew County,Missouri
41140,"St. Joseph, MO-KS",Buchanan County,Missouri
41140,"St. Joseph, MO-KS",DeKalb County,Missouri
41180,"St. Louis, MO-IL",Bond County,Illinois
41180,"St. Louis, MO-IL",Calhoun County,Illinois
41180,"St. Louis, MO-IL",Clinton County,Illinois
41180,"St. Louis, MO-IL",Jersey County,Illinois
41180,"St. Louis, MO-IL",Macoupin County,Illinois
41180,"St. Louis, MO-IL",Madison County,Illinois
41180,"St. Louis, MO-IL",Monroe County,Illinois
41180,"St. Louis, MO-IL",St. Clair County,Illinois
41180,"St. Louis, MO-IL",Franklin County,Missouri
41180,"St. Louis, MO-IL",Jefferson County,Missouri
41180,"St. Louis, MO-IL",Lincoln County,Missouri
41180,"St. Louis, MO-IL",St. Charles County,Missouri
41180,"St. Louis, MO-IL",St. Louis County,Missouri
41180,"St. Louis, MO-IL",Warren County,Missouri
41180,"St. Louis, MO-IL",Washington County,Missouri
41180,"St. Louis, MO-IL",St. Louis city,Missouri
41220,"St. Marys, GA",Camden County,Georgia
41260,"St. Marys, PA",Elk County,Pennsylvania
41420,"Salem, OR",Marion County,Oregon
41420,"Salem, OR",Polk County,Oregon
41460,"Salina, KS",Ottawa County,Kansas
41460,"Salina, KS",Saline County,Kansas
41500,"Salinas, CA",Monterey County,California
41540,"Salisbury, MD",Somerset County,Maryland
41540,"Salisbury, MD",Wicomico County,Maryland
41580,"Salisbury, NC",Rowan County,North Carolina
41620,"Salt Lake City, UT",Salt Lake County,Utah
41620,"Salt Lake City, UT",Summit County,Utah
41620,"Salt Lake City, UT",Tooele County,Utah
41660,"San Angelo, TX",Irion County,Texas
41660,"San Angelo, TX",Tom Green County,Texas
41700,"San Antonio-New Braunfels, TX",Atascosa County,Texas
41700,"San Antonio-New Braunfels, TX",Bandera County,Texas
41700,"San Antonio-New Braunfels, TX",Bexar County,Texas
41700,"San Antonio-New Braunfels, TX",Comal County,Texas
41700,"San Antonio-New Braunfels, TX",Guadalupe County,Texas
41700,"San Antonio-New Braunfels, TX",Kendall County,Texas
41700,"San Antonio-New Braunfels, TX",Medina County,Texas
41700,"San Antonio-New Braunfels, TX",Wilson County,Texas
41740,"San Diego-Carlsbad-San Marcos, CA",San Diego County,California
41780,"Sandusky, OH",Erie County,Ohio
41820,"Sanford, NC",Lee County,North Carolina
41860,"San Francisco-Oakland-Fremont, CA",Alameda County,California
41860,"San Francisco-Oakland-Fremont, CA",Contra Costa County,California
41860,"San Francisco-Oakland-Fremont, CA",Marin County,California
41860,"San Francisco-Oakland-Fremont, CA",San Francisco County,California
41860,"San Francisco-Oakland-Fremont, CA",San Mateo County,California
41900,"San Germán-Cabo Rojo, PR",Cabo Rojo Municipio,Puerto Rico
41900,"San Germán-Cabo Rojo, PR",Lajas Municipio,Puerto Rico
41900,"San Germán-Cabo Rojo, PR",Sabana Grande Municipio,Puerto Rico
41900,"San Germán-Cabo Rojo, PR",San Germán Municipio,Puerto Rico
41940,"San Jose-Sunnyvale-Santa Clara, CA",San Benito County,California
41940,"San Jose-Sunnyvale-Santa Clara, CA",Santa Clara County,California
41980,"San Juan-Caguas-Guaynabo, PR",Aguas Buenas Municipio,Puerto Rico
41980,"San Juan-Caguas-Guaynabo, PR",Aibonito Municipio,Puerto Rico
41980,"San Juan-Caguas-Guaynabo, PR",Arecibo Municipio,Puerto Rico
41980,"San Juan-Caguas-Guaynabo, PR",Barceloneta Municipio,Puerto Rico
41980,"San Juan-Caguas-Guaynabo, PR",Barranquitas Municipio,Puerto Rico
41980,"San Juan-Caguas-Guaynabo, PR",Bayamón Municipio,Puerto Rico
41980,"San Juan-Caguas-Guaynabo, PR",Caguas Municipio,Puerto Rico
41980,"San Juan-Caguas-Guaynabo, PR",Camuy Municipio,Puerto Rico
41980,"San Juan-Caguas-Guaynabo, PR",Canóvanas Municipio,Puerto Rico
41980,"San Juan-Caguas-Guaynabo, PR",Carolina Municipio,Puerto Rico
41980,"San Juan-Caguas-Guaynabo, PR",Cataño Municipio,Puerto Rico
41980,"San Juan-Caguas-Guaynabo, PR",Cayey Municipio,Puerto Rico
41980,"San Juan-Caguas-Guaynabo, PR",Ciales Municipio,Puerto Rico
41980,"San Juan-Caguas-Guaynabo, PR",Cidra Municipio,Puerto Rico
41980,"San Juan-Caguas-Guaynabo, PR",Comerío Municipio,Puerto Rico
41980,"San Juan-Caguas-Guaynabo, PR",Corozal Municipio,Puerto Rico
41980,"San Juan-Caguas-Guaynabo, PR",Dorado Municipio,Puerto Rico
41980,"San Juan-Caguas-Guaynabo, PR",Florida Municipio,Puerto Rico
41980,"San Juan-Caguas-Guaynabo, PR",Guaynabo Municipio,Puerto Rico
41980,"San Juan-Caguas-Guaynabo, PR",Gurabo Municipio,Puerto Rico
41980,"San Juan-Caguas-Guaynabo, PR",Hatillo Municipio,Puerto Rico
41980,"San Juan-Caguas-Guaynabo, PR",Humacao Municipio,Puerto Rico
41980,"San Juan-Caguas-Guaynabo, PR",Juncos Municipio,Puerto Rico
41980,"San Juan-Caguas-Guaynabo, PR",Las Piedras Municipio,Puerto Rico
41980,"San Juan-Caguas-Guaynabo, PR",Loíza Municipio,Puerto Rico
41980,"San Juan-Caguas-Guaynabo, PR",Manatí Municipio,Puerto Rico
41980,"San Juan-Caguas-Guaynabo, PR",Maunabo Municipio,Puerto Rico
41980,"San Juan-Caguas-Guaynabo, PR",Morovis Municipio,Puerto Rico
41980,"San Juan-Caguas-Guaynabo, PR",Naguabo Municipio,Puerto Rico
41980,"San Juan-Caguas-Guaynabo, PR",Naranjito Municipio,Puerto Rico
41980,"San Juan-Caguas-Guaynabo, PR",Orocovis Municipio,Puerto Rico
41980,"San Juan-Caguas-Guaynabo, PR",Quebradillas Municipio,Puerto Rico
41980,"San Juan-Caguas-Guaynabo, PR",Río Grande Municipio,Puerto Rico
41980,"San Juan-Caguas-Guaynabo, PR",San Juan Municipio,Puerto Rico
41980,"San Juan-Caguas-Guaynabo, PR",San Lorenzo Municipio,Puerto Rico
41980,"San Juan-Caguas-Guaynabo, PR",Toa Alta Municipio,Puerto Rico
41980,"San Juan-Caguas-Guaynabo, PR",Toa Baja Municipio,Puerto Rico
41980,"San Juan-Caguas-Guaynabo, PR",Trujillo Alto Municipio,Puerto Rico
41980,"San Juan-Caguas-Guaynabo, PR",Vega Alta Municipio,Puerto Rico
41980,"San Juan-Caguas-Guaynabo, PR",Vega Baja Municipio,Puerto Rico
41980,"San Juan-Caguas-Guaynabo, PR",Yabucoa Municipio,Puerto Rico
42020,"San Luis Obispo-Paso Robles, CA",San Luis Obispo County,California
42060,"Santa Barbara-Santa Maria-Goleta, CA",Santa Barbara County,California
42100,"Santa Cruz-Watsonville, CA",Santa Cruz County,California
42140,"Santa Fe, NM",Santa Fe County,New Mexico
42180,"Santa Isabel, PR",Santa Isabel Municipio,Puerto Rico
42220,"Santa Rosa-Petaluma, CA",Sonoma County,California
42300,"Sault Ste. Marie, MI",Chippewa County,Michigan
42340,"Savannah, GA",Bryan County,Georgia
42340,"Savannah, GA",Chatham County,Georgia
42340,"Savannah, GA",Effingham County,Georgia
42380,"Sayre, PA",Bradford County,Pennsylvania
42420,"Scottsbluff, NE",Banner County,Nebraska
42420,"Scottsbluff, NE",Scotts Bluff County,Nebraska
42460,"Scottsboro, AL",Jackson County,Alabama
42500,"Scottsburg, IN",Scott County,Indiana
42540,"Scranton--Wilkes-Barre, PA",Lackawanna County,Pennsylvania
42540,"Scranton--Wilkes-Barre, PA",Luzerne County,Pennsylvania
42540,"Scranton--Wilkes-Barre, PA",Wyoming County,Pennsylvania
42580,"Seaford, DE",Sussex County,Delaware
42620,"Searcy, AR",White County,Arkansas
42660,"Seattle-Tacoma-Bellevue, WA",King County,Washington
42660,"Seattle-Tacoma-Bellevue, WA",Pierce County,Washington
42660,"Seattle-Tacoma-Bellevue, WA",Snohomish County,Washington
42680,"Sebastian-Vero Beach, FL",Indian River County,Florida
42700,"Sebring, FL",Highlands County,Florida
42740,"Sedalia, MO",Pettis County,Missouri
42780,"Selinsgrove, PA",Snyder County,Pennsylvania
42820,"Selma, AL",Dallas County,Alabama
42860,"Seneca, SC",Oconee County,South Carolina
42900,"Seneca Falls, NY",Seneca County,New York
42940,"Sevierville, TN",Sevier County,Tennessee
42980,"Seymour, IN",Jackson County,Indiana
43060,"Shawnee, OK",Pottawatomie County,Oklahoma
43100,"Sheboygan, WI",Sheboygan County,Wisconsin
43140,"Shelby, NC",Cleveland County,North Carolina
43180,"Shelbyville, TN",Bedford County,Tennessee
43220,"Shelton, WA",Mason County,Washington
43260,"Sheridan, WY",Sheridan County,Wyoming
43300,"Sherman-Denison, TX",Grayson County,Texas
43320,"Show Low, AZ",Navajo County,Arizona
43340,"Shreveport-Bossier City, LA",Bossier Parish,Louisiana
43340,"Shreveport-Bossier City, LA",Caddo Parish,Louisiana
43340,"Shreveport-Bossier City, LA",De Soto Parish,Louisiana
43380,"Sidney, OH",Shelby County,Ohio
43420,"Sierra Vista-Douglas, AZ",Cochise County,Arizona
43460,"Sikeston, MO",Scott County,Missouri
43500,"Silver City, NM",Grant County,New Mexico
43540,"Silverthorne, CO",Summit County,Colorado
43580,"Sioux City, IA-NE-SD",Woodbury County,Iowa
43580,"Sioux City, IA-NE-SD",Dakota County,Nebraska
43580,"Sioux City, IA-NE-SD",Dixon County,Nebraska
43580,"Sioux City, IA-NE-SD",Union County,South Dakota
43620,"Sioux Falls, SD",Lincoln County,South Dakota
43620,"Sioux Falls, SD",McCook County,South Dakota
43620,"Sioux Falls, SD",Minnehaha County,South Dakota
43620,"Sioux Falls, SD",Turner County,South Dakota
43660,"Snyder, TX",Scurry County,Texas
43700,"Somerset, KY",Pulaski County,Kentucky
43740,"Somerset, PA",Somerset County,Pennsylvania
43780,"South Bend-Mishawaka, IN-MI",St. Joseph County,Indiana
43780,"South Bend-Mishawaka, IN-MI",Cass County,Michigan
43860,"Southern Pines-Pinehurst, NC",Moore County,North Carolina
43900,"Spartanburg, SC",Spartanburg County,South Carolina
43940,"Spearfish, SD",Lawrence County,South Dakota
43980,"Spencer, IA",Clay County,Iowa
44020,"Spirit Lake, IA",Dickinson County,Iowa
44060,"Spokane, WA",Spokane County,Washington
44100,"Springfield, IL",Menard County,Illinois
44100,"Springfield, IL",Sangamon County,Illinois
44140,"Springfield, MA",Franklin County,Massachusetts
44140,"Springfield, MA",Hampden County,Massachusetts
44140,"Springfield, MA",Hampshire County,Massachusetts
44180,"Springfield, MO",Christian County,Missouri
44180,"Springfield, MO",Dallas County,Missouri
44180,"Springfield, MO",Greene County,Missouri
44180,"Springfield, MO",Polk County,Missouri
44180,"Springfield, MO",Webster County,Missouri
44220,"Springfield, OH",Clark County,Ohio
44260,"Starkville, MS",Oktibbeha County,Mississippi
44300,"State College, PA",Centre County,Pennsylvania
44340,"Statesboro, GA",Bulloch County,Georgia
44380,"Statesville-Mooresville, NC",Iredell County,North Carolina
44420,"Staunton-Waynesboro, VA",Augusta County,Virginia
44420,"Staunton-Waynesboro, VA",Staunton city,Virginia
44420,"Staunton-Waynesboro, VA",Waynesboro city,Virginia
44500,"Stephenville, TX",Erath County,Texas
44540,"Sterling, CO",Logan County,Colorado
44580,"Sterling, IL",Whiteside County,Illinois
44600,"Steubenville-Weirton, OH-WV",Jefferson County,Ohio
44600,"Steubenville-Weirton, OH-WV",Brooke County,West Virginia
44600,"Steubenville-Weirton, OH-WV",Hancock County,West Virginia
44620,"Stevens Point, WI",Portage County,Wisconsin
44660,"Stillwater, OK",Payne County,Oklahoma
44700,"Stockton, CA",San Joaquin County,California
44740,"Storm Lake, IA",Buena Vista County,Iowa
44780,"Sturgis, MI",St. Joseph County,Michigan
44860,"Sulphur Springs, TX",Hopkins County,Texas
44900,"Summerville, GA",Chattooga County,Georgia
44940,"Sumter, SC",Sumter County,South Carolina
44980,"Sunbury, PA",Northumberland County,Pennsylvania
45000,"Susanville, CA",Lassen County,California
45020,"Sweetwater, TX",Nolan County,Texas
45060,"Syracuse, NY",Madison County,New York
45060,"Syracuse, NY",Onondaga County,New York
45060,"Syracuse, NY",Oswego County,New York
45140,"Tahlequah, OK",Cherokee County,Oklahoma
45180,"Talladega-Sylacauga, AL",Talladega County,Alabama
45220,"Tallahassee, FL",Gadsden County,Florida
45220,"Tallahassee, FL",Jefferson County,Florida
45220,"Tallahassee, FL",Leon County,Florida
45220,"Tallahassee, FL",Wakulla County,Florida
45260,"Tallulah, LA",Madison Parish,Louisiana
45300,"Tampa-St. Petersburg-Clearwater, FL",Hernando County,Florida
45300,"Tampa-St. Petersburg-Clearwater, FL",Hillsborough County,Florida
45300,"Tampa-St. Petersburg-Clearwater, FL",Pasco County,Florida
45300,"Tampa-St. Petersburg-Clearwater, FL",Pinellas County,Florida
45340,"Taos, NM",Taos County,New Mexico
45380,"Taylorville, IL",Christian County,Illinois
45460,"Terre Haute, IN",Clay County,Indiana
45460,"Terre Haute, IN",Sullivan County,Indiana
45460,"Terre Haute, IN",Vermillion County,Indiana
45460,"Terre Haute, IN",Vigo County,Indiana
45500,"Texarkana, TX-Texarkana, AR",Miller County,Arkansas
45500,"Texarkana, TX-Texarkana, AR",Bowie County,Texas
45520,"The Dalles, OR",Wasco County,Oregon
45540,"The Villages, FL",Sumter County,Florida
45580,"Thomaston, GA",Upson County,Georgia
45620,"Thomasville, GA",Thomas County,Georgia
45640,"Thomasville-Lexington, NC",Davidson County,North Carolina
45660,"Tiffin, OH",Seneca County,Ohio
45700,"Tifton, GA",Tift County,Georgia
45740,"Toccoa, GA",Stephens County,Georgia
45780,"Toledo, OH",Fulton County,Ohio
45780,"Toledo, OH",Lucas County,Ohio
45780,"Toledo, OH",Ottawa County,Ohio
45780,"Toledo, OH",Wood County,Ohio
45820,"Topeka, KS",Jackson County,Kansas
45820,"Topeka, KS",Jefferson County,Kansas
45820,"Topeka, KS",Osage County,Kansas
45820,"Topeka, KS",Shawnee County,Kansas
45820,"Topeka, KS",Wabaunsee County,Kansas
45860,"Torrington, CT",Litchfield County,Connecticut
45900,"Traverse City, MI",Benzie County,Michigan
45900,"Traverse City, MI",Grand Traverse County,Michigan
45900,"Traverse City, MI",Kalkaska County,Michigan
45900,"Traverse City, MI",Leelanau County,Michigan
45940,"Trenton-Ewing, NJ",Mercer County,New Jersey
45980,"Troy, AL",Pike County,Alabama
46020,"Truckee-Grass Valley, CA",Nevada County,California
46060,"Tucson, AZ",Pima County,Arizona
46100,"Tullahoma, TN",Coffee County,Tennessee
46100,"Tullahoma, TN",Franklin County,Tennessee
46100,"Tullahoma, TN",Moore County,Tennessee
46140,"Tulsa, OK",Creek County,Oklahoma
46140,"Tulsa, OK",Okmulgee County,Oklahoma
46140,"Tulsa, OK",Osage County,Oklahoma
46140,"Tulsa, OK",Pawnee County,Oklahoma
46140,"Tulsa, OK",Rogers County,Oklahoma
46140,"Tulsa, OK",Tulsa County,Oklahoma
46140,"Tulsa, OK",Wagoner County,Oklahoma
46180,"Tupelo, MS",Itawamba County,Mississippi
46180,"Tupelo, MS",Lee County,Mississippi
46180,"Tupelo, MS",Pontotoc County,Mississippi
46220,"Tuscaloosa, AL",Greene County,Alabama
46220,"Tuscaloosa, AL",Hale County,Alabama
46220,"Tuscaloosa, AL",Tuscaloosa County,Alabama
46260,"Tuskegee, AL",Macon County,Alabama
46300,"Twin Falls, ID",Jerome County,Idaho
46300,"Twin Falls, ID",Twin Falls County,Idaho
46340,"Tyler, TX",Smith County,Texas
46380,"Ukiah, CA",Mendocino County,California
46420,"Union, SC",Union County,South Carolina
46460,"Union City, TN-KY",Fulton County,Kentucky
46460,"Union City, TN-KY",Obion County,Tennessee
46500,"Urbana, OH",Champaign County,Ohio
46540,"Utica-Rome, NY",Herkimer County,New York
46540,"Utica-Rome, NY",Oneida County,New York
46580,"Utuado, PR",Utuado Municipio,Puerto Rico
46620,"Uvalde, TX",Uvalde County,Texas
46660,"Valdosta, GA",Brooks County,Georgia
46660,"Valdosta, GA",Echols County,Georgia
46660,"Valdosta, GA",Lanier County,Georgia
46660,"Valdosta, GA",Lowndes County,Georgia
46700,"Vallejo-Fairfield, CA",Solano County,California
46740,"Valley, AL",Chambers County,Alabama
46780,"Van Wert, OH",Van Wert County,Ohio
46820,"Vermillion, SD",Clay County,South Dakota
46860,"Vernal, UT",Uintah County,Utah
46900,"Vernon, TX",Wilbarger County,Texas
46980,"Vicksburg, MS",Warren County,Mississippi
47020,"Victoria, TX",Calhoun County,Texas
47020,"Victoria, TX",Goliad County,Texas
47020,"Victoria, TX",Victoria County,Texas
47080,"Vidalia, GA",Montgomery County,Georgia
47080,"Vidalia, GA",Toombs County,Georgia
47180,"Vincennes, IN",Knox County,Indiana
47220,"Vineland-Millville-Bridgeton, NJ",Cumberland County,New Jersey
47260,"Virginia Beach-Norfolk-Newport News, VA-NC",Currituck County,North Carolina
47260,"Virginia Beach-Norfolk-Newport News, VA-NC",Gloucester County,Virginia
47260,"Virginia Beach-Norfolk-Newport News, VA-NC",Isle of Wight County,Virginia
47260,"Virginia Beach-Norfolk-Newport News, VA-NC",James City County,Virginia
47260,"Virginia Beach-Norfolk-Newport News, VA-NC",Mathews County,Virginia
47260,"Virginia Beach-Norfolk-Newport News, VA-NC",Surry County,Virginia
47260,"Virginia Beach-Norfolk-Newport News, VA-NC",York County,Virginia
47260,"Virginia Beach-Norfolk-Newport News, VA-NC",Chesapeake city,Virginia
47260,"Virginia Beach-Norfolk-Newport News, VA-NC",Hampton city,Virginia
47260,"Virginia Beach-Norfolk-Newport News, VA-NC",Newport News city,Virginia
47260,"Virginia Beach-Norfolk-Newport News, VA-NC",Norfolk city,Virginia
47260,"Virginia Beach-Norfolk-Newport News, VA-NC",Poquoson city,Virginia
47260,"Virginia Beach-Norfolk-Newport News, VA-NC",Portsmouth city,Virginia
47260,"Virginia Beach-Norfolk-Newport News, VA-NC",Suffolk city,Virginia
47260,"Virginia Beach-Norfolk-Newport News, VA-NC",Virginia Beach city,Virginia
47260,"Virginia Beach-Norfolk-Newport News, VA-NC",Williamsburg city,Virginia
47300,"Visalia-Porterville, CA",Tulare County,California
47340,"Wabash, IN",Wabash County,Indiana
47380,"Waco, TX",McLennan County,Texas
47420,"Wahpeton, ND-MN",Wilkin County,Minnesota
47420,"Wahpeton, ND-MN",Richland County,North Dakota
47460,"Walla Walla, WA",Walla Walla County,Washington
47500,"Walterboro, SC",Colleton County,South Carolina
47540,"Wapakoneta, OH",Auglaize County,Ohio
47580,"Warner Robins, GA",Houston County,Georgia
47620,"Warren, PA",Warren County,Pennsylvania
47660,"Warrensburg, MO",Johnson County,Missouri
47700,"Warsaw, IN",Kosciusko County,Indiana
47780,"Washington, IN",Daviess County,Indiana
47820,"Washington, NC",Beaufort County,North Carolina
47900,"Washington-Arlington-Alexandria, DC-VA-MD-WV",District of Columbia,District of Columbia
47900,"Washington-Arlington-Alexandria, DC-VA-MD-WV",Calvert County,Maryland
47900,"Washington-Arlington-Alexandria, DC-VA-MD-WV",Charles County,Maryland
47900,"Washington-Arlington-Alexandria, DC-VA-MD-WV",Frederick County,Maryland
47900,"Washington-Arlington-Alexandria, DC-VA-MD-WV",Montgomery County,Maryland
47900,"Washington-Arlington-Alexandria, DC-VA-MD-WV",Prince George's County,Maryland
47900,"Washington-Arlington-Alexandria, DC-VA-MD-WV",Arlington County,Virginia
47900,"Washington-Arlington-Alexandria, DC-VA-MD-WV",Clarke County,Virginia
47900,"Washington-Arlington-Alexandria, DC-VA-MD-WV",Fairfax County,Virginia
47900,"Washington-Arlington-Alexandria, DC-VA-MD-WV",Fauquier County,Virginia
47900,"Washington-Arlington-Alexandria, DC-VA-MD-WV",Loudoun County,Virginia
47900,"Washington-Arlington-Alexandria, DC-VA-MD-WV",Prince William County,Virginia
47900,"Washington-Arlington-Alexandria, DC-VA-MD-WV",Spotsylvania County,Virginia
47900,"Washington-Arlington-Alexandria, DC-VA-MD-WV",Stafford County,Virginia
47900,"Washington-Arlington-Alexandria, DC-VA-MD-WV",Warren County,Virginia
47900,"Washington-Arlington-Alexandria, DC-VA-MD-WV",Alexandria city,Virginia
47900,"Washington-Arlington-Alexandria, DC-VA-MD-WV",Fairfax city,Virginia
47900,"Washington-Arlington-Alexandria, DC-VA-MD-WV",Falls Church city,Virginia
47900,"Washington-Arlington-Alexandria, DC-VA-MD-WV",Fredericksburg city,Virginia
47900,"Washington-Arlington-Alexandria, DC-VA-MD-WV",Manassas city,Virginia
47900,"Washington-Arlington-Alexandria, DC-VA-MD-WV",Manassas Park city,Virginia
47900,"Washington-Arlington-Alexandria, DC-VA-MD-WV",Jefferson County,West Virginia
47920,"Washington Court House, OH",Fayette County,Ohio
47940,"Waterloo-Cedar Falls, IA",Black Hawk County,Iowa
47940,"Waterloo-Cedar Falls, IA",Bremer County,Iowa
47940,"Waterloo-Cedar Falls, IA",Grundy County,Iowa
47980,"Watertown, SD",Codington County,South Dakota
47980,"Watertown, SD",Hamlin County,South Dakota
48020,"Watertown-Fort Atkinson, WI",Jefferson County,Wisconsin
48060,"Watertown-Fort Drum, NY",Jefferson County,New York
48100,"Wauchula, FL",Hardee County,Florida
48140,"Wausau, WI",Marathon County,Wisconsin
48180,"Waycross, GA",Pierce County,Georgia
48180,"Waycross, GA",Ware County,Georgia
48220,"Weatherford, OK",Custer County,Oklahoma
48300,"Wenatchee-East Wenatchee, WA",Chelan County,Washington
48300,"Wenatchee-East Wenatchee, WA",Douglas County,Washington
48460,"West Plains, MO",Howell County,Missouri
48500,"West Point, MS",Clay County,Mississippi
48540,"Wheeling, WV-OH",Belmont County,Ohio
48540,"Wheeling, WV-OH",Marshall County,West Virginia
48540,"Wheeling, WV-OH",Ohio County,West Virginia
48580,"Whitewater, WI",Walworth County,Wisconsin
48620,"Wichita, KS",Butler County,Kansas
48620,"Wichita, KS",Harvey County,Kansas
48620,"Wichita, KS",Sedgwick County,Kansas
48620,"Wichita, KS",Sumner County,Kansas
48660,"Wichita Falls, TX",Archer County,Texas
48660,"Wichita Falls, TX",Clay County,Texas
48660,"Wichita Falls, TX",Wichita County,Texas
48700,"Williamsport, PA",Lycoming County,Pennsylvania
48740,"Willimantic, CT",Windham County,Connecticut
48780,"Williston, ND",Williams County,North Dakota
48820,"Willmar, MN",Kandiyohi County,Minnesota
48900,"Wilmington, NC",Brunswick County,North Carolina
48900,"Wilmington, NC",New Hanover County,North Carolina
48900,"Wilmington, NC",Pender County,North Carolina
48940,"Wilmington, OH",Clinton County,Ohio
48980,"Wilson, NC",Wilson County,North Carolina
49020,"Winchester, VA-WV",Frederick County,Virginia
49020,"Winchester, VA-WV",Winchester city,Virginia
49020,"Winchester, VA-WV",Hampshire County,West Virginia
49060,"Winfield, KS",Cowley County,Kansas
49100,"Winona, MN",Winona County,Minnesota
49180,"Winston-Salem, NC",Davie County,North Carolina
49180,"Winston-Salem, NC",Forsyth County,North Carolina
49180,"Winston-Salem, NC",Stokes County,North Carolina
49180,"Winston-Salem, NC",Yadkin County,North Carolina
49260,"Woodward, OK",Woodward County,Oklahoma
49300,"Wooster, OH",Wayne County,Ohio
49340,"Worcester, MA",Worcester County,Massachusetts
49380,"Worthington, MN",Nobles County,Minnesota
49420,"Yakima, WA",Yakima County,Washington
49460,"Yankton, SD",Yankton County,South Dakota
49500,"Yauco, PR",Guánica Municipio,Puerto Rico
49500,"Yauco, PR",Guayanilla Municipio,Puerto Rico
49500,"Yauco, PR",Peñuelas Municipio,Puerto Rico
49500,"Yauco, PR",Yauco Municipio,Puerto Rico
49540,"Yazoo City, MS",Yazoo County,Mississippi
49620,"York-Hanover, PA",York County,Pennsylvania
49660,"Youngstown-Warren-Boardman, OH-PA",Mahoning County,Ohio
49660,"Youngstown-Warren-Boardman, OH-PA",Trumbull County,Ohio
49660,"Youngstown-Warren-Boardman, OH-PA",Mercer County,Pennsylvania
49700,"Yuba City, CA",Sutter County,California
49700,"Yuba City, CA",Yuba County,California
49740,"Yuma, AZ",Yuma County,Arizona
49780,"Zanesville, OH",Muskingum County,Ohio
