,City,State,CBSA Code,CBSA Title
0,Aberdeen,South Dakota,10100,"Aberdeen, SD"
1,Aberdeen,Washington,10140,"Aberdeen, WA"
2,Abilene,Texas,10180,"Abilene, TX"
3,Ada,Oklahoma,10220,"Ada, OK"
4,Adjuntas,Puerto Rico,10260,"Adjuntas, PR"
5,Adrian,Michigan,10300,"Adrian, MI"
6,Aguadilla,Puerto Rico,10380,"Aguadilla-Isabela, PR"
7,Isabela,Puerto Rico,10380,"Aguadilla-Isabela, PR"
8,Akron,Ohio,10420,"Akron, OH"
9,Alamogordo,New Mexico,10460,"Alamogordo, NM"
10,Albany,Georgia,10500,"Albany, GA"
11,Albany,Oregon,10540,"Albany, OR"
12,Albany,New York,10580,"Albany-Schenectady-Troy, NY"
13,Schenectady,New York,10580,"Albany-Schenectady-Troy, NY"
14,Troy,New York,10580,"Albany-Schenectady-Troy, NY"
15,Albemarle,North Carolina,10620,"Albemarle, NC"
16,Albert Lea,Minnesota,10660,"Albert Lea, MN"
17,Albertville,Alabama,10700,"Albertville, AL"
18,Albuquerque,New Mexico,10740,"Albuquerque, NM"
19,Alexander City,Alabama,10760,"Alexander City, AL"
20,Alexandria,Louisiana,10780,"Alexandria, LA"
21,Alexandria,Minnesota,10820,"Alexandria, MN"
22,Alice,Texas,10860,"Alice, TX"
23,Allentown,Pennsylvania,10900,"Allentown-Bethlehem-Easton, PA-NJ"
24,Bethlehem,Pennsylvania,10900,"Allentown-Bethlehem-Easton, PA-NJ"
25,Alma,Michigan,10940,"Alma, MI"
26,Alpena,Michigan,10980,"Alpena, MI"
27,Altoona,Pennsylvania,11020,"Altoona, PA"
28,Altus,Oklahoma,11060,"Altus, OK"
29,Amarillo,Texas,11100,"Amarillo, TX"
30,Americus,Georgia,11140,"Americus, GA"
31,Ames,Iowa,11180,"Ames, IA"
32,Amsterdam,New York,11220,"Amsterdam, NY"
33,Anchorage,Alaska,11260,"Anchorage, AK"
34,Andrews,Texas,11380,"Andrews, TX"
35,Angola,Indiana,11420,"Angola, IN"
36,Ann Arbor,Michigan,11460,"Ann Arbor, MI"
37,Anniston,Alabama,11500,"Anniston-Oxford-Jacksonville, AL"
38,Jacksonville,Alabama,11500,"Anniston-Oxford-Jacksonville, AL"
39,Oxford,Alabama,11500,"Anniston-Oxford-Jacksonville, AL"
40,Appleton,Wisconsin,11540,"Appleton, WI"
41,Arcadia,Florida,11580,"Arcadia, FL"
42,Ardmore,Oklahoma,11620,"Ardmore, OK"
43,Arecibo,Puerto Rico,11640,"Arecibo, PR"
44,Arkadelphia,Arkansas,11660,"Arkadelphia, AR"
45,Arkansas City,Kansas,11680,"Arkansas City-Winfield, KS"
46,Winfield,Kansas,11680,"Arkansas City-Winfield, KS"
47,Asheville,North Carolina,11700,"Asheville, NC"
48,Ashland,Ohio,11740,"Ashland, OH"
49,Ashtabula,Ohio,11780,"Ashtabula, OH"
50,Astoria,Oregon,11820,"Astoria, OR"
51,Atchison,Kansas,11860,"Atchison, KS"
52,Athens,Ohio,11900,"Athens, OH"
53,Athens,Tennessee,11940,"Athens, TN"
54,Athens,Texas,11980,"Athens, TX"
55,Athens-Clarke County unified government (balance),Georgia,12020,"Athens-Clarke County, GA"
56,Alpharetta,Georgia,12060,"Atlanta-Sandy Springs-Roswell, GA"
57,Atlanta,Georgia,12060,"Atlanta-Sandy Springs-Roswell, GA"
58,Marietta,Georgia,12060,"Atlanta-Sandy Springs-Roswell, GA"
59,Roswell,Georgia,12060,"Atlanta-Sandy Springs-Roswell, GA"
60,Sandy Springs,Georgia,12060,"Atlanta-Sandy Springs-Roswell, GA"
61,Atlantic City,New Jersey,12100,"Atlantic City-Hammonton, NJ"
62,Hammonton,New Jersey,12100,"Atlantic City-Hammonton, NJ"
63,Atmore,Alabama,12120,"Atmore, AL"
64,Auburn,Indiana,12140,"Auburn, IN"
65,Auburn,New York,12180,"Auburn, NY"
66,Auburn,Alabama,12220,"Auburn-Opelika, AL"
67,Opelika,Alabama,12220,"Auburn-Opelika, AL"
68,Augusta-Richmond County consolidated government (balance),Georgia,12260,"Augusta-Richmond County, GA-SC"
69,Augusta,Maine,12300,"Augusta-Waterville, ME"
70,Waterville,Maine,12300,"Augusta-Waterville, ME"
71,Austin,Minnesota,12380,"Austin, MN"
72,Austin,Texas,12420,"Austin-Round Rock, TX"
73,Round Rock,Texas,12420,"Austin-Round Rock, TX"
74,Bainbridge,Georgia,12460,"Bainbridge, GA"
75,Bakersfield,California,12540,"Bakersfield, CA"
76,Baltimore,Maryland,12580,"Baltimore-Columbia-Towson, MD"
77,Columbia,Maryland,12580,"Baltimore-Columbia-Towson, MD"
78,Towson,Maryland,12580,"Baltimore-Columbia-Towson, MD"
79,Bangor,Maine,12620,"Bangor, ME"
80,Baraboo,Wisconsin,12660,"Baraboo, WI"
81,Bardstown,Kentucky,12680,"Bardstown, KY"
82,Barnstable Town,Massachusetts,12700,"Barnstable Town, MA"
83,Barre,Vermont,12740,"Barre, VT"
84,Bartlesville,Oklahoma,12780,"Bartlesville, OK"
85,Bastrop,Louisiana,12820,"Bastrop, LA"
86,Batavia,New York,12860,"Batavia, NY"
87,Batesville,Arkansas,12900,"Batesville, AR"
88,Baton Rouge,Louisiana,12940,"Baton Rouge, LA"
89,Battle Creek,Michigan,12980,"Battle Creek, MI"
90,Bay City,Michigan,13020,"Bay City, MI"
91,Bay City,Texas,13060,"Bay City, TX"
92,Beatrice,Nebraska,13100,"Beatrice, NE"
93,Beaumont,Texas,13140,"Beaumont-Port Arthur, TX"
94,Port Arthur,Texas,13140,"Beaumont-Port Arthur, TX"
95,Beaver Dam,Wisconsin,13180,"Beaver Dam, WI"
96,Beckley,West Virginia,13220,"Beckley, WV"
97,Bedford,Indiana,13260,"Bedford, IN"
98,Beeville,Texas,13300,"Beeville, TX"
99,Bellefontaine,Ohio,13340,"Bellefontaine, OH"
100,Bellingham,Washington,13380,"Bellingham, WA"
101,Bemidji,Minnesota,13420,"Bemidji, MN"
102,Bend,Oregon,13460,"Bend-Redmond, OR"
103,Redmond,Oregon,13460,"Bend-Redmond, OR"
104,Bennettsville,South Carolina,13500,"Bennettsville, SC"
105,Bennington,Vermont,13540,"Bennington, VT"
106,Berlin,New Hampshire,13620,"Berlin, NH-VT"
107,Big Rapids,Michigan,13660,"Big Rapids, MI"
108,Big Spring,Texas,13700,"Big Spring, TX"
109,Big Stone Gap,Virginia,13720,"Big Stone Gap, VA"
110,Billings,Montana,13740,"Billings, MT"
111,Binghamton,New York,13780,"Binghamton, NY"
112,Birmingham,Alabama,13820,"Birmingham-Hoover, AL"
113,Hoover,Alabama,13820,"Birmingham-Hoover, AL"
114,Bismarck,North Dakota,13900,"Bismarck, ND"
115,Blackfoot,Idaho,13940,"Blackfoot, ID"
116,Blacksburg,Virginia,13980,"Blacksburg-Christiansburg-Radford, VA"
117,Christiansburg,Virginia,13980,"Blacksburg-Christiansburg-Radford, VA"
118,Radford,Virginia,13980,"Blacksburg-Christiansburg-Radford, VA"
119,Bloomington,Illinois,14010,"Bloomington, IL"
120,Bloomington,Indiana,14020,"Bloomington, IN"
121,Berwick,Pennsylvania,14100,"Bloomsburg-Berwick, PA"
122,Bloomsburg,Pennsylvania,14100,"Bloomsburg-Berwick, PA"
123,Bluefield,Virginia,14140,"Bluefield, WV-VA"
124,Blytheville,Arkansas,14180,"Blytheville, AR"
125,Bogalusa,Louisiana,14220,"Bogalusa, LA"
126,Boise City,Idaho,14260,"Boise City, ID"
127,Bonham,Texas,14300,"Bonham, TX"
128,Boone,Iowa,14340,"Boone, IA"
129,Boone,North Carolina,14380,"Boone, NC"
130,Borger,Texas,14420,"Borger, TX"
131,Boston,Massachusetts,14460,"Boston-Cambridge-Newton, MA-NH"
132,Cambridge,Massachusetts,14460,"Boston-Cambridge-Newton, MA-NH"
133,Framingham,Massachusetts,14460,"Boston-Cambridge-Newton, MA-NH"
134,Newton,Massachusetts,14460,"Boston-Cambridge-Newton, MA-NH"
135,Waltham,Massachusetts,14460,"Boston-Cambridge-Newton, MA-NH"
136,Boulder,Colorado,14500,"Boulder, CO"
137,Bowling Green,Kentucky,14540,"Bowling Green, KY"
138,Bozeman,Montana,14580,"Bozeman, MT"
139,Bradford,Pennsylvania,14620,"Bradford, PA"
140,Brainerd,Minnesota,14660,"Brainerd, MN"
141,Branson,Missouri,14700,"Branson, MO"
142,Breckenridge,Colorado,14720,"Breckenridge, CO"
143,Bremerton,Washington,14740,"Bremerton-Silverdale, WA"
144,Silverdale,Washington,14740,"Bremerton-Silverdale, WA"
145,Brenham,Texas,14780,"Brenham, TX"
146,Brevard,North Carolina,14820,"Brevard, NC"
147,Bridgeport,Connecticut,14860,"Bridgeport-Stamford-Norwalk, CT"
148,Danbury,Connecticut,14860,"Bridgeport-Stamford-Norwalk, CT"
149,Norwalk,Connecticut,14860,"Bridgeport-Stamford-Norwalk, CT"
150,Stamford,Connecticut,14860,"Bridgeport-Stamford-Norwalk, CT"
151,Stratford,Connecticut,14860,"Bridgeport-Stamford-Norwalk, CT"
152,Brookhaven,Mississippi,15020,"Brookhaven, MS"
153,Brookings,Oregon,15060,"Brookings, OR"
154,Brookings,South Dakota,15100,"Brookings, SD"
155,Brownsville,Tennessee,15140,"Brownsville, TN"
156,Brownsville,Texas,15180,"Brownsville-Harlingen, TX"
157,Harlingen,Texas,15180,"Brownsville-Harlingen, TX"
158,Brownwood,Texas,15220,"Brownwood, TX"
159,Brunswick,Georgia,15260,"Brunswick, GA"
160,Bucyrus,Ohio,15340,"Bucyrus, OH"
161,Buffalo,New York,15380,"Buffalo-Cheektowaga-Niagara Falls, NY"
162,Cheektowaga,New York,15380,"Buffalo-Cheektowaga-Niagara Falls, NY"
163,Niagara Falls,New York,15380,"Buffalo-Cheektowaga-Niagara Falls, NY"
164,Burley,Idaho,15420,"Burley, ID"
165,Burlington,Iowa,15460,"Burlington, IA-IL"
166,Burlington,North Carolina,15500,"Burlington, NC"
167,Burlington,Vermont,15540,"Burlington-South Burlington, VT"
168,South Burlington,Vermont,15540,"Burlington-South Burlington, VT"
169,Butte-Silver Bow (balance),Montana,15580,"Butte-Silver Bow, MT"
170,Cadillac,Michigan,15620,"Cadillac, MI"
171,Calhoun,Georgia,15660,"Calhoun, GA"
172,California,Maryland,15680,"California-Lexington Park, MD"
173,Lexington Park,Maryland,15680,"California-Lexington Park, MD"
174,Cambridge,Maryland,15700,"Cambridge, MD"
175,Cambridge,Ohio,15740,"Cambridge, OH"
176,Camden,Arkansas,15780,"Camden, AR"
177,Campbellsville,Kentucky,15820,"Campbellsville, KY"
178,Cañon City,Colorado,15860,"Cañon City, CO"
179,Canton,Illinois,15900,"Canton, IL"
180,Canton,Ohio,15940,"Canton-Massillon, OH"
181,Massillon,Ohio,15940,"Canton-Massillon, OH"
182,Cape Coral,Florida,15980,"Cape Coral-Fort Myers, FL"
183,Fort Myers,Florida,15980,"Cape Coral-Fort Myers, FL"
184,Cape Girardeau,Illinois,16020,"Cape Girardeau, MO-IL"
185,Carbondale,Illinois,16060,"Carbondale-Marion, IL"
186,Marion,Illinois,16060,"Carbondale-Marion, IL"
187,Artesia,New Mexico,16100,"Carlsbad-Artesia, NM"
188,Carlsbad,New Mexico,16100,"Carlsbad-Artesia, NM"
189,Carroll,Iowa,16140,"Carroll, IA"
190,Carson City,Nevada,16180,"Carson City, NV"
191,Casper,Wyoming,16220,"Casper, WY"
192,Cedar City,Utah,16260,"Cedar City, UT"
193,Cedar Rapids,Iowa,16300,"Cedar Rapids, IA"
194,Cedartown,Georgia,16340,"Cedartown, GA"
195,Celina,Ohio,16380,"Celina, OH"
196,Central City,Kentucky,16420,"Central City, KY"
197,Centralia,Illinois,16460,"Centralia, IL"
198,Centralia,Washington,16500,"Centralia, WA"
199,Chambersburg,Pennsylvania,16540,"Chambersburg-Waynesboro, PA"
200,Waynesboro,Pennsylvania,16540,"Chambersburg-Waynesboro, PA"
201,Champaign,Illinois,16580,"Champaign-Urbana, IL"
202,Urbana,Illinois,16580,"Champaign-Urbana, IL"
203,Charleston,West Virginia,16620,"Charleston, WV"
204,Charleston,Illinois,16660,"Charleston-Mattoon, IL"
205,Mattoon,Illinois,16660,"Charleston-Mattoon, IL"
206,Charleston,South Carolina,16700,"Charleston-North Charleston, SC"
207,North Charleston,South Carolina,16700,"Charleston-North Charleston, SC"
208,Charlotte,,16740,"Charlotte-Concord-Gastonia, NC-SC"
209,Concord,,16740,"Charlotte-Concord-Gastonia, NC-SC"
210,Gastonia,,16740,"Charlotte-Concord-Gastonia, NC-SC"
211,Rock Hill,South Carolina,16740,"Charlotte-Concord-Gastonia, NC-SC"
212,Charlottesville,Virginia,16820,"Charlottesville, VA"
213,Chattanooga,Tennessee,16860,"Chattanooga, TN-GA"
214,Cheyenne,Wyoming,16940,"Cheyenne, WY"
215,Arlington Heights,Illinois,16980,"Chicago-Naperville-Elgin, IL-IN-WI"
216,Chicago,,16980,"Chicago-Naperville-Elgin, IL-IN-WI"
217,Des Plaines,Illinois,16980,"Chicago-Naperville-Elgin, IL-IN-WI"
218,Elgin,,16980,"Chicago-Naperville-Elgin, IL-IN-WI"
219,Evanston,Illinois,16980,"Chicago-Naperville-Elgin, IL-IN-WI"
220,Hoffman Estates,Illinois,16980,"Chicago-Naperville-Elgin, IL-IN-WI"
221,Naperville,Illinois,16980,"Chicago-Naperville-Elgin, IL-IN-WI"
222,Schaumburg,Illinois,16980,"Chicago-Naperville-Elgin, IL-IN-WI"
223,Skokie,Illinois,16980,"Chicago-Naperville-Elgin, IL-IN-WI"
224,Gary,Indiana,16980,"Chicago-Naperville-Elgin, IL-IN-WI"
225,Chico,California,17020,"Chico, CA"
226,Chillicothe,Ohio,17060,"Chillicothe, OH"
227,Cincinnati,Ohio,17140,"Cincinnati, OH-KY-IN"
228,Claremont,New Hampshire,17200,"Claremont-Lebanon, NH-VT"
229,Lebanon,New Hampshire,17200,"Claremont-Lebanon, NH-VT"
230,Clarksburg,West Virginia,17220,"Clarksburg, WV"
231,Clarksdale,Mississippi,17260,"Clarksdale, MS"
232,Clarksville,Tennessee,17300,"Clarksville, TN-KY"
233,Clearlake,California,17340,"Clearlake, CA"
234,Cleveland,Mississippi,17380,"Cleveland, MS"
235,Cleveland,Tennessee,17420,"Cleveland, TN"
236,Cleveland,Ohio,17460,"Cleveland-Elyria, OH"
237,Elyria,Ohio,17460,"Cleveland-Elyria, OH"
238,Clewiston,Florida,17500,"Clewiston, FL"
239,Clinton,Iowa,17540,"Clinton, IA"
240,Clovis,New Mexico,17580,"Clovis, NM"
241,Coamo,Puerto Rico,17620,"Coamo, PR"
242,Coco,Puerto Rico,17640,"Coco, PR"
243,Coeur d'Alene,Idaho,17660,"Coeur d'Alene, ID"
244,Coffeyville,Kansas,17700,"Coffeyville, KS"
245,Coldwater,Michigan,17740,"Coldwater, MI"
246,Bryan,Texas,17780,"College Station-Bryan, TX"
247,College Station,Texas,17780,"College Station-Bryan, TX"
248,Colorado Springs,Colorado,17820,"Colorado Springs, CO"
249,Columbia,Missouri,17860,"Columbia, MO"
250,Columbia,South Carolina,17900,"Columbia, SC"
251,Columbus,Georgia,17980,"Columbus, GA-AL"
252,Columbus,Indiana,18020,"Columbus, IN"
253,Columbus,Mississippi,18060,"Columbus, MS"
254,Columbus,Nebraska,18100,"Columbus, NE"
255,Columbus,Ohio,18140,"Columbus, OH"
256,Concord,New Hampshire,18180,"Concord, NH"
257,Connersville,Indiana,18220,"Connersville, IN"
258,Cookeville,Tennessee,18260,"Cookeville, TN"
259,Coos Bay,Oregon,18300,"Coos Bay, OR"
260,Cordele,Georgia,18380,"Cordele, GA"
261,Corinth,Mississippi,18420,"Corinth, MS"
262,Cornelia,Georgia,18460,"Cornelia, GA"
263,Corning,New York,18500,"Corning, NY"
264,Corpus Christi,Texas,18580,"Corpus Christi, TX"
265,Corsicana,Texas,18620,"Corsicana, TX"
266,Cortland,New York,18660,"Cortland, NY"
267,Corvallis,Oregon,18700,"Corvallis, OR"
268,Coshocton,Ohio,18740,"Coshocton, OH"
269,Craig,Colorado,18780,"Craig, CO"
270,Crawfordsville,Indiana,18820,"Crawfordsville, IN"
271,Crescent City,California,18860,"Crescent City, CA"
272,Crestview,Florida,18880,"Crestview-Fort Walton Beach-Destin, FL"
273,Destin,Florida,18880,"Crestview-Fort Walton Beach-Destin, FL"
274,Fort Walton Beach,Florida,18880,"Crestview-Fort Walton Beach-Destin, FL"
275,Crossville,Tennessee,18900,"Crossville, TN"
276,Cullman,Alabama,18980,"Cullman, AL"
277,Cullowhee,North Carolina,19000,"Cullowhee, NC"
278,Cumberland,Maryland,19060,"Cumberland, MD-WV"
279,Arlington,Texas,19100,"Dallas-Fort Worth-Arlington, TX"
280,Dallas,Texas,19100,"Dallas-Fort Worth-Arlington, TX"
281,Denton,Texas,19100,"Dallas-Fort Worth-Arlington, TX"
282,Fort Worth,Texas,19100,"Dallas-Fort Worth-Arlington, TX"
283,Irving,Texas,19100,"Dallas-Fort Worth-Arlington, TX"
284,Plano,Texas,19100,"Dallas-Fort Worth-Arlington, TX"
285,Richardson,Texas,19100,"Dallas-Fort Worth-Arlington, TX"
286,Dalton,Georgia,19140,"Dalton, GA"
287,Danville,Illinois,19180,"Danville, IL"
288,Danville,Kentucky,19220,"Danville, KY"
289,Danville,Virginia,19260,"Danville, VA"
290,Daphne,Alabama,19300,"Daphne-Fairhope-Foley, AL"
291,Fairhope,Alabama,19300,"Daphne-Fairhope-Foley, AL"
292,Foley,Alabama,19300,"Daphne-Fairhope-Foley, AL"
293,Moline,Illinois,19340,"Davenport-Moline-Rock Island, IA-IL"
294,Rock Island,Illinois,19340,"Davenport-Moline-Rock Island, IA-IL"
295,Davenport,Iowa,19340,"Davenport-Moline-Rock Island, IA-IL"
296,Dayton,Ohio,19380,"Dayton, OH"
297,Dayton,Tennessee,19420,"Dayton, TN"
298,Decatur,Alabama,19460,"Decatur, AL"
299,Decatur,Illinois,19500,"Decatur, IL"
300,Decatur,Indiana,19540,"Decatur, IN"
301,Defiance,Ohio,19580,"Defiance, OH"
302,Del Rio,Texas,19620,"Del Rio, TX"
303,Daytona Beach,Florida,19660,"Deltona-Daytona Beach-Ormond Beach, FL"
304,Deltona,Florida,19660,"Deltona-Daytona Beach-Ormond Beach, FL"
305,Ormond Beach,Florida,19660,"Deltona-Daytona Beach-Ormond Beach, FL"
306,Deming,New Mexico,19700,"Deming, NM"
307,Aurora,Colorado,19740,"Denver-Aurora-Lakewood, CO"
308,Broomfield,Colorado,19740,"Denver-Aurora-Lakewood, CO"
309,Denver,Colorado,19740,"Denver-Aurora-Lakewood, CO"
310,Lakewood,Colorado,19740,"Denver-Aurora-Lakewood, CO"
311,DeRidder,Louisiana,19760,"DeRidder, LA"
312,Des Moines,Iowa,19780,"Des Moines-West Des Moines, IA"
313,West Des Moines,Iowa,19780,"Des Moines-West Des Moines, IA"
314,Dearborn,Michigan,19820,"Detroit-Warren-Dearborn, MI"
315,Detroit,Michigan,19820,"Detroit-Warren-Dearborn, MI"
316,Farmington Hills,Michigan,19820,"Detroit-Warren-Dearborn, MI"
317,Livonia,Michigan,19820,"Detroit-Warren-Dearborn, MI"
318,Novi,Michigan,19820,"Detroit-Warren-Dearborn, MI"
319,Pontiac,Michigan,19820,"Detroit-Warren-Dearborn, MI"
320,Southfield,Michigan,19820,"Detroit-Warren-Dearborn, MI"
321,Taylor,Michigan,19820,"Detroit-Warren-Dearborn, MI"
322,Troy,Michigan,19820,"Detroit-Warren-Dearborn, MI"
323,Warren,Michigan,19820,"Detroit-Warren-Dearborn, MI"
324,Dickinson,North Dakota,19860,"Dickinson, ND"
325,Dixon,Illinois,19940,"Dixon, IL"
326,Dodge City,Kansas,19980,"Dodge City, KS"
327,Dothan,Alabama,20020,"Dothan, AL"
328,Douglas,Georgia,20060,"Douglas, GA"
329,Dover,Delaware,20100,"Dover, DE"
330,Dublin,Georgia,20140,"Dublin, GA"
331,DuBois,Pennsylvania,20180,"DuBois, PA"
332,Dubuque,Iowa,20220,"Dubuque, IA"
333,Duluth,Minnesota,20260,"Duluth, MN-WI"
334,Dumas,Texas,20300,"Dumas, TX"
335,Duncan,Oklahoma,20340,"Duncan, OK"
336,Dunn,North Carolina,20380,"Dunn, NC"
337,Durango,Colorado,20420,"Durango, CO"
338,Durant,Oklahoma,20460,"Durant, OK"
339,Chapel Hill,North Carolina,20500,"Durham-Chapel Hill, NC"
340,Durham,North Carolina,20500,"Durham-Chapel Hill, NC"
341,Dyersburg,Tennessee,20540,"Dyersburg, TN"
342,Eagle Pass,Texas,20580,"Eagle Pass, TX"
343,Easton,Maryland,20660,"Easton, MD"
344,East Stroudsburg,Pennsylvania,20700,"East Stroudsburg, PA"
345,Eau Claire,Wisconsin,20740,"Eau Claire, WI"
346,Edwards,Colorado,20780,"Edwards, CO"
347,Effingham,Illinois,20820,"Effingham, IL"
348,El Campo,Texas,20900,"El Campo, TX"
349,El Centro,California,20940,"El Centro, CA"
350,El Dorado,Arkansas,20980,"El Dorado, AR"
351,Elizabeth City,North Carolina,21020,"Elizabeth City, NC"
352,Elizabethtown,Kentucky,21060,"Elizabethtown-Fort Knox, KY"
353,Fort Knox,Kentucky,21060,"Elizabethtown-Fort Knox, KY"
354,Elk City,Oklahoma,21120,"Elk City, OK"
355,Elkhart,Indiana,21140,"Elkhart-Goshen, IN"
356,Goshen,Indiana,21140,"Elkhart-Goshen, IN"
357,Elkins,West Virginia,21180,"Elkins, WV"
358,Elko,Nevada,21220,"Elko, NV"
359,Ellensburg,Washington,21260,"Ellensburg, WA"
360,Elmira,New York,21300,"Elmira, NY"
361,El Paso,Texas,21340,"El Paso, TX"
362,Emporia,Kansas,21380,"Emporia, KS"
363,Enid,Oklahoma,21420,"Enid, OK"
364,Enterprise,Alabama,21460,"Enterprise, AL"
365,Erie,Pennsylvania,21500,"Erie, PA"
366,Escanaba,Michigan,21540,"Escanaba, MI"
367,Española,New Mexico,21580,"Española, NM"
368,Eufaula,Alabama,21640,"Eufaula, AL-GA"
369,Eugene,Oregon,21660,"Eugene, OR"
370,Arcata,California,21700,"Eureka-Arcata-Fortuna, CA"
371,Eureka,California,21700,"Eureka-Arcata-Fortuna, CA"
372,Fortuna,California,21700,"Eureka-Arcata-Fortuna, CA"
373,Evanston,Wyoming,21740,"Evanston, WY"
374,Evansville,Indiana,21780,"Evansville, IN-KY"
375,Fairbanks,Alaska,21820,"Fairbanks, AK"
376,Fairfield,Iowa,21840,"Fairfield, IA"
377,Fairmont,Minnesota,21860,"Fairmont, MN"
378,Fairmont,West Virginia,21900,"Fairmont, WV"
379,Fallon,Nevada,21980,"Fallon, NV"
380,Fargo,North Dakota,22020,"Fargo, ND-MN"
381,Faribault,Minnesota,22060,"Faribault-Northfield, MN"
382,Northfield,Minnesota,22060,"Faribault-Northfield, MN"
383,Farmington,Missouri,22100,"Farmington, MO"
384,Farmington,New Mexico,22140,"Farmington, NM"
385,Fayetteville,North Carolina,22180,"Fayetteville, NC"
386,Bentonville,Arkansas,22220,"Fayetteville-Springdale-Rogers, AR-MO"
387,Fayetteville,Arkansas,22220,"Fayetteville-Springdale-Rogers, AR-MO"
388,Rogers,Arkansas,22220,"Fayetteville-Springdale-Rogers, AR-MO"
389,Springdale,Arkansas,22220,"Fayetteville-Springdale-Rogers, AR-MO"
390,Fergus Falls,Minnesota,22260,"Fergus Falls, MN"
391,Fernley,Nevada,22280,"Fernley, NV"
392,Findlay,Ohio,22300,"Findlay, OH"
393,Fitzgerald,Georgia,22340,"Fitzgerald, GA"
394,Flagstaff,Arizona,22380,"Flagstaff, AZ"
395,Flint,Michigan,22420,"Flint, MI"
396,Florence,South Carolina,22500,"Florence, SC"
397,Florence,Alabama,22520,"Florence-Muscle Shoals, AL"
398,Muscle Shoals,Alabama,22520,"Florence-Muscle Shoals, AL"
399,Fond du Lac,Wisconsin,22540,"Fond du Lac, WI"
400,Forest City,North Carolina,22580,"Forest City, NC"
401,Forrest City,Arkansas,22620,"Forrest City, AR"
402,Fort Collins,Colorado,22660,"Fort Collins, CO"
403,Fort Dodge,Iowa,22700,"Fort Dodge, IA"
404,Fort Leonard Wood,Missouri,22780,"Fort Leonard Wood, MO"
405,Fort Madison,Iowa,22800,"Fort Madison-Keokuk, IA-IL-MO"
406,Keokuk,Iowa,22800,"Fort Madison-Keokuk, IA-IL-MO"
407,Fort Morgan,Colorado,22820,"Fort Morgan, CO"
408,Fort Payne,Alabama,22840,"Fort Payne, AL"
409,Fort Polk South,Louisiana,22860,"Fort Polk South, LA"
410,Fort Smith,Arkansas,22900,"Fort Smith, AR-OK"
411,Fort Wayne,Indiana,23060,"Fort Wayne, IN"
412,Frankfort,Indiana,23140,"Frankfort, IN"
413,Frankfort,Kentucky,23180,"Frankfort, KY"
414,Fredericksburg,Texas,23240,"Fredericksburg, TX"
415,Freeport,Illinois,23300,"Freeport, IL"
416,Fremont,Nebraska,23340,"Fremont, NE"
417,Fremont,Ohio,23380,"Fremont, OH"
418,Fresno,California,23420,"Fresno, CA"
419,Gadsden,Alabama,23460,"Gadsden, AL"
420,Gaffney,South Carolina,23500,"Gaffney, SC"
421,Gainesville,Florida,23540,"Gainesville, FL"
422,Gainesville,Georgia,23580,"Gainesville, GA"
423,Gainesville,Texas,23620,"Gainesville, TX"
424,Galesburg,Illinois,23660,"Galesburg, IL"
425,Gallup,New Mexico,23700,"Gallup, NM"
426,Garden City,Kansas,23780,"Garden City, KS"
427,Gardnerville Ranchos,Nevada,23820,"Gardnerville Ranchos, NV"
428,Georgetown,South Carolina,23860,"Georgetown, SC"
429,Gettysburg,Pennsylvania,23900,"Gettysburg, PA"
430,Gillette,Wyoming,23940,"Gillette, WY"
431,Glasgow,Kentucky,23980,"Glasgow, KY"
432,Glens Falls,New York,24020,"Glens Falls, NY"
433,Glenwood Springs,Colorado,24060,"Glenwood Springs, CO"
434,Gloversville,New York,24100,"Gloversville, NY"
435,Goldsboro,North Carolina,24140,"Goldsboro, NC"
436,Grand Forks,North Dakota,24220,"Grand Forks, ND-MN"
437,Grand Island,Nebraska,24260,"Grand Island, NE"
438,Grand Junction,Colorado,24300,"Grand Junction, CO"
439,Grand Rapids,Minnesota,24330,"Grand Rapids, MN"
440,Grand Rapids,Michigan,24340,"Grand Rapids-Wyoming, MI"
441,Wyoming,Michigan,24340,"Grand Rapids-Wyoming, MI"
442,Grants,New Mexico,24380,"Grants, NM"
443,Grants Pass,Oregon,24420,"Grants Pass, OR"
444,Great Bend,Kansas,24460,"Great Bend, KS"
445,Great Falls,Montana,24500,"Great Falls, MT"
446,Greeley,Colorado,24540,"Greeley, CO"
447,Green Bay,Wisconsin,24580,"Green Bay, WI"
448,Greeneville,Tennessee,24620,"Greeneville, TN"
449,Greenfield Town,Massachusetts,24640,"Greenfield Town, MA"
450,Greensboro,North Carolina,24660,"Greensboro-High Point, NC"
451,High Point,North Carolina,24660,"Greensboro-High Point, NC"
452,Greensburg,Indiana,24700,"Greensburg, IN"
453,Greenville,Mississippi,24740,"Greenville, MS"
454,Greenville,North Carolina,24780,"Greenville, NC"
455,Greenville,Ohio,24820,"Greenville, OH"
456,Anderson,South Carolina,24860,"Greenville-Anderson-Mauldin, SC"
457,Easley,South Carolina,24860,"Greenville-Anderson-Mauldin, SC"
458,Greenville,South Carolina,24860,"Greenville-Anderson-Mauldin, SC"
459,Mauldin,South Carolina,24860,"Greenville-Anderson-Mauldin, SC"
460,Greenwood,Mississippi,24900,"Greenwood, MS"
461,Greenwood,South Carolina,24940,"Greenwood, SC"
462,Grenada,Mississippi,24980,"Grenada, MS"
463,Guayama,Puerto Rico,25020,"Guayama, PR"
464,Biloxi,Mississippi,25060,"Gulfport-Biloxi-Pascagoula, MS"
465,Gulfport,Mississippi,25060,"Gulfport-Biloxi-Pascagoula, MS"
466,Pascagoula,Mississippi,25060,"Gulfport-Biloxi-Pascagoula, MS"
467,Guymon,Oklahoma,25100,"Guymon, OK"
468,Hagerstown,Maryland,25180,"Hagerstown-Martinsburg, MD-WV"
469,Martinsburg,West Virginia,25180,"Hagerstown-Martinsburg, MD-WV"
470,Hailey,Idaho,25200,"Hailey, ID"
471,Hammond,Louisiana,25220,"Hammond, LA"
472,Corcoran,California,25260,"Hanford-Corcoran, CA"
473,Hanford,California,25260,"Hanford-Corcoran, CA"
474,Hannibal,Missouri,25300,"Hannibal, MO"
475,Carlisle,Pennsylvania,25420,"Harrisburg-Carlisle, PA"
476,Harrisburg,Pennsylvania,25420,"Harrisburg-Carlisle, PA"
477,Harrison,Arkansas,25460,"Harrison, AR"
478,Harrisonburg,Virginia,25500,"Harrisonburg, VA"
479,East Hartford,Connecticut,25540,"Hartford-West Hartford-East Hartford, CT"
480,Hartford,Connecticut,25540,"Hartford-West Hartford-East Hartford, CT"
481,Middletown,Connecticut,25540,"Hartford-West Hartford-East Hartford, CT"
482,West Hartford,Connecticut,25540,"Hartford-West Hartford-East Hartford, CT"
483,Hastings,Nebraska,25580,"Hastings, NE"
484,Hattiesburg,Mississippi,25620,"Hattiesburg, MS"
485,Hays,Kansas,25700,"Hays, KS"
486,Heber,Utah,25720,"Heber, UT"
487,Helena,Montana,25740,"Helena, MT"
488,Helena-West Helena,Arkansas,25760,"Helena-West Helena, AR"
489,Henderson,North Carolina,25780,"Henderson, NC"
490,Hereford,Texas,25820,"Hereford, TX"
491,Hermiston,Oregon,25840,"Hermiston-Pendleton, OR"
492,Pendleton,Oregon,25840,"Hermiston-Pendleton, OR"
493,Hickory,North Carolina,25860,"Hickory-Lenoir-Morganton, NC"
494,Lenoir,North Carolina,25860,"Hickory-Lenoir-Morganton, NC"
495,Morganton,North Carolina,25860,"Hickory-Lenoir-Morganton, NC"
496,Hillsdale,Michigan,25880,"Hillsdale, MI"
497,Hilo,Hawaii,25900,"Hilo, HI"
498,Beaufort,South Carolina,25940,"Hilton Head Island-Bluffton-Beaufort, SC"
499,Bluffton,South Carolina,25940,"Hilton Head Island-Bluffton-Beaufort, SC"
500,Hilton Head Island,South Carolina,25940,"Hilton Head Island-Bluffton-Beaufort, SC"
501,Hinesville,Georgia,25980,"Hinesville, GA"
502,Hobbs,New Mexico,26020,"Hobbs, NM"
503,Holland,Michigan,26090,"Holland, MI"
504,Homosassa Springs,Florida,26140,"Homosassa Springs, FL"
505,Hood River,Oregon,26220,"Hood River, OR"
506,Hope,Arkansas,26260,"Hope, AR"
507,Hot Springs,Arkansas,26300,"Hot Springs, AR"
508,Houghton,Michigan,26340,"Houghton, MI"
509,Houma,Louisiana,26380,"Houma-Thibodaux, LA"
510,Thibodaux,Louisiana,26380,"Houma-Thibodaux, LA"
511,Baytown,Texas,26420,"Houston-The Woodlands-Sugar Land, TX"
512,Conroe,Texas,26420,"Houston-The Woodlands-Sugar Land, TX"
513,Houston,Texas,26420,"Houston-The Woodlands-Sugar Land, TX"
514,Sugar Land,Texas,26420,"Houston-The Woodlands-Sugar Land, TX"
515,The Woodlands,Texas,26420,"Houston-The Woodlands-Sugar Land, TX"
516,Hudson,New York,26460,"Hudson, NY"
517,Huntingdon,Pennsylvania,26500,"Huntingdon, PA"
518,Huntington,Indiana,26540,"Huntington, IN"
519,Ashland,Kentucky,26580,"Huntington-Ashland, WV-KY-OH"
520,Huntington,West Virginia,26580,"Huntington-Ashland, WV-KY-OH"
521,Huntsville,Alabama,26620,"Huntsville, AL"
522,Huntsville,Texas,26660,"Huntsville, TX"
523,Huron,South Dakota,26700,"Huron, SD"
524,Hutchinson,Kansas,26740,"Hutchinson, KS"
525,Hutchinson,Minnesota,26780,"Hutchinson, MN"
526,Idaho Falls,Idaho,26820,"Idaho Falls, ID"
527,Indiana,Pennsylvania,26860,"Indiana, PA"
528,Anderson,Indiana,26900,"Indianapolis-Carmel-Anderson, IN"
529,Carmel,Indiana,26900,"Indianapolis-Carmel-Anderson, IN"
530,Indianapolis city (balance),Indiana,26900,"Indianapolis-Carmel-Anderson, IN"
531,Indianola,Mississippi,26940,"Indianola, MS"
532,Ionia,Michigan,26960,"Ionia, MI"
533,Iowa City,Iowa,26980,"Iowa City, IA"
534,Iron Mountain,Michigan,27020,"Iron Mountain, MI-WI"
535,Ithaca,New York,27060,"Ithaca, NY"
536,Jackson,Michigan,27100,"Jackson, MI"
537,Jackson,Mississippi,27140,"Jackson, MS"
538,Jackson,Ohio,27160,"Jackson, OH"
539,Jackson,Tennessee,27180,"Jackson, TN"
540,Jackson,Wyoming,27220,"Jackson, WY-ID"
541,Jacksonville,Florida,27260,"Jacksonville, FL"
542,Jacksonville,Illinois,27300,"Jacksonville, IL"
543,Jacksonville,North Carolina,27340,"Jacksonville, NC"
544,Jacksonville,Texas,27380,"Jacksonville, TX"
545,Jamestown,North Dakota,27420,"Jamestown, ND"
546,Dunkirk,New York,27460,"Jamestown-Dunkirk-Fredonia, NY"
547,Fredonia,New York,27460,"Jamestown-Dunkirk-Fredonia, NY"
548,Jamestown,New York,27460,"Jamestown-Dunkirk-Fredonia, NY"
549,Beloit,Wisconsin,27500,"Janesville-Beloit, WI"
550,Janesville,Wisconsin,27500,"Janesville-Beloit, WI"
551,Jasper,Indiana,27540,"Jasper, IN"
552,Jayuya,Puerto Rico,27580,"Jayuya, PR"
553,Jefferson,Georgia,27600,"Jefferson, GA"
554,Jefferson City,Missouri,27620,"Jefferson City, MO"
555,Jennings,Louisiana,27660,"Jennings, LA"
556,Jesup,Georgia,27700,"Jesup, GA"
557,Johnson City,Tennessee,27740,"Johnson City, TN"
558,Johnstown,Pennsylvania,27780,"Johnstown, PA"
559,Jonesboro,Arkansas,27860,"Jonesboro, AR"
560,Joplin,Missouri,27900,"Joplin, MO"
561,Junction City,Kansas,27920,"Junction City, KS"
562,Juneau,Alaska,27940,"Juneau, AK"
563,Kahului,Hawaii,27980,"Kahului-Wailuku-Lahaina, HI"
564,Lahaina,Hawaii,27980,"Kahului-Wailuku-Lahaina, HI"
565,Wailuku,Hawaii,27980,"Kahului-Wailuku-Lahaina, HI"
566,Kalamazoo,Michigan,28020,"Kalamazoo-Portage, MI"
567,Portage,Michigan,28020,"Kalamazoo-Portage, MI"
568,Kalispell,Montana,28060,"Kalispell, MT"
569,Kankakee,Illinois,28100,"Kankakee, IL"
570,Kansas City,Kansas,28140,"Kansas City, MO-KS"
571,Overland Park,Kansas,28140,"Kansas City, MO-KS"
572,Kansas City,Kansas,28140,"Kansas City, MO-KS"
573,Kapaa,Hawaii,28180,"Kapaa, HI"
574,Kearney,Nebraska,28260,"Kearney, NE"
575,Keene,New Hampshire,28300,"Keene, NH"
576,Kendallville,Indiana,28340,"Kendallville, IN"
577,Kennett,Missouri,28380,"Kennett, MO"
578,Kennewick,Washington,28420,"Kennewick-Richland, WA"
579,Richland,Washington,28420,"Kennewick-Richland, WA"
580,Kerrville,Texas,28500,"Kerrville, TX"
581,Ketchikan,Alaska,28540,"Ketchikan, AK"
582,Key West,Florida,28580,"Key West, FL"
583,Kill Devil Hills,North Carolina,28620,"Kill Devil Hills, NC"
584,Killeen,Texas,28660,"Killeen-Temple, TX"
585,Temple,Texas,28660,"Killeen-Temple, TX"
586,Bristol,Tennessee,28700,"Kingsport-Bristol-Bristol, TN-VA"
587,Kingsport,Tennessee,28700,"Kingsport-Bristol-Bristol, TN-VA"
588,Bristol,Tennessee,28700,"Kingsport-Bristol-Bristol, TN-VA"
589,Kingston,New York,28740,"Kingston, NY"
590,Kingsville,Texas,28780,"Kingsville, TX"
591,Kinston,North Carolina,28820,"Kinston, NC"
592,Kirksville,Missouri,28860,"Kirksville, MO"
593,Klamath Falls,Oregon,28900,"Klamath Falls, OR"
594,Knoxville,Tennessee,28940,"Knoxville, TN"
595,Kokomo,Indiana,29020,"Kokomo, IN"
596,Laconia,New Hampshire,29060,"Laconia, NH"
597,La Crosse,Wisconsin,29100,"La Crosse-Onalaska, WI-MN"
598,Onalaska,Wisconsin,29100,"La Crosse-Onalaska, WI-MN"
599,Lafayette,Louisiana,29180,"Lafayette, LA"
600,Lafayette,Indiana,29200,"Lafayette-West Lafayette, IN"
601,West Lafayette,Indiana,29200,"Lafayette-West Lafayette, IN"
602,La Grande,Oregon,29260,"La Grande, OR"
603,LaGrange,Georgia,29300,"LaGrange, GA"
604,Lake Charles,Louisiana,29340,"Lake Charles, LA"
605,Lake City,Florida,29380,"Lake City, FL"
606,Kingman,Arizona,29420,"Lake Havasu City-Kingman, AZ"
607,Lake Havasu City,Arizona,29420,"Lake Havasu City-Kingman, AZ"
608,Lakeland,Florida,29460,"Lakeland-Winter Haven, FL"
609,Winter Haven,Florida,29460,"Lakeland-Winter Haven, FL"
610,Lamesa,Texas,29500,"Lamesa, TX"
611,Lancaster,Pennsylvania,29540,"Lancaster, PA"
612,East Lansing,Michigan,29620,"Lansing-East Lansing, MI"
613,Lansing,Michigan,29620,"Lansing-East Lansing, MI"
614,Laramie,Wyoming,29660,"Laramie, WY"
615,Laredo,Texas,29700,"Laredo, TX"
616,Las Cruces,New Mexico,29740,"Las Cruces, NM"
617,Las Vegas,New Mexico,29780,"Las Vegas, NM"
618,Henderson,Nevada,29820,"Las Vegas-Henderson-Paradise, NV"
619,Las Vegas,Nevada,29820,"Las Vegas-Henderson-Paradise, NV"
620,Paradise,Nevada,29820,"Las Vegas-Henderson-Paradise, NV"
621,Laurel,Mississippi,29860,"Laurel, MS"
622,Laurinburg,North Carolina,29900,"Laurinburg, NC"
623,Lawrence,Kansas,29940,"Lawrence, KS"
624,Lawrenceburg,Tennessee,29980,"Lawrenceburg, TN"
625,Lawton,Oklahoma,30020,"Lawton, OK"
626,Lebanon,Missouri,30060,"Lebanon, MO"
627,Lebanon,Pennsylvania,30140,"Lebanon, PA"
628,Levelland,Texas,30220,"Levelland, TX"
629,Lewisburg,Pennsylvania,30260,"Lewisburg, PA"
630,Lewisburg,Tennessee,30280,"Lewisburg, TN"
631,Lewiston,Idaho,30300,"Lewiston, ID-WA"
632,Auburn,Maine,30340,"Lewiston-Auburn, ME"
633,Lewiston,Maine,30340,"Lewiston-Auburn, ME"
634,Lewistown,Pennsylvania,30380,"Lewistown, PA"
635,Lexington,Nebraska,30420,"Lexington, NE"
636,Lexington-Fayette,Kentucky,30460,"Lexington-Fayette, KY"
637,Liberal,Kansas,30580,"Liberal, KS"
638,Lima,Ohio,30620,"Lima, OH"
639,Lincoln,Illinois,30660,"Lincoln, IL"
640,Lincoln,Nebraska,30700,"Lincoln, NE"
641,Conway,Arkansas,30780,"Little Rock-North Little Rock-Conway, AR"
642,Little Rock,Arkansas,30780,"Little Rock-North Little Rock-Conway, AR"
643,North Little Rock,Arkansas,30780,"Little Rock-North Little Rock-Conway, AR"
644,Lock Haven,Pennsylvania,30820,"Lock Haven, PA"
645,Logan,Utah,30860,"Logan, UT-ID"
646,Logan,West Virginia,30880,"Logan, WV"
647,Logansport,Indiana,30900,"Logansport, IN"
648,London,Kentucky,30940,"London, KY"
649,Longview,Texas,30980,"Longview, TX"
650,Longview,Washington,31020,"Longview, WA"
651,Los Alamos,New Mexico,31060,"Los Alamos, NM"
652,Anaheim,California,31080,"Los Angeles-Long Beach-Anaheim, CA"
653,Arcadia,California,31080,"Los Angeles-Long Beach-Anaheim, CA"
654,Burbank,California,31080,"Los Angeles-Long Beach-Anaheim, CA"
655,Carson,California,31080,"Los Angeles-Long Beach-Anaheim, CA"
656,Costa Mesa,California,31080,"Los Angeles-Long Beach-Anaheim, CA"
657,Fountain Valley,California,31080,"Los Angeles-Long Beach-Anaheim, CA"
658,Gardena,California,31080,"Los Angeles-Long Beach-Anaheim, CA"
659,Glendale,California,31080,"Los Angeles-Long Beach-Anaheim, CA"
660,Irvine,California,31080,"Los Angeles-Long Beach-Anaheim, CA"
661,Long Beach,California,31080,"Los Angeles-Long Beach-Anaheim, CA"
662,Los Angeles,California,31080,"Los Angeles-Long Beach-Anaheim, CA"
663,Monterey Park,California,31080,"Los Angeles-Long Beach-Anaheim, CA"
664,Newport Beach,California,31080,"Los Angeles-Long Beach-Anaheim, CA"
665,Orange,California,31080,"Los Angeles-Long Beach-Anaheim, CA"
666,Pasadena,California,31080,"Los Angeles-Long Beach-Anaheim, CA"
667,Santa Ana,California,31080,"Los Angeles-Long Beach-Anaheim, CA"
668,Santa Monica,California,31080,"Los Angeles-Long Beach-Anaheim, CA"
669,Torrance,California,31080,"Los Angeles-Long Beach-Anaheim, CA"
670,Tustin,California,31080,"Los Angeles-Long Beach-Anaheim, CA"
671,Louisville/Jefferson County metro government (balance),,31140,"Louisville/Jefferson County, KY-IN"
672,Lubbock,Texas,31180,"Lubbock, TX"
673,Ludington,Michigan,31220,"Ludington, MI"
674,Lufkin,Texas,31260,"Lufkin, TX"
675,Lumberton,North Carolina,31300,"Lumberton, NC"
676,Lynchburg,Virginia,31340,"Lynchburg, VA"
677,Macomb,Illinois,31380,"Macomb, IL"
678,Macon-Bibb County,Georgia,31420,"Macon-Bibb County, GA"
679,Madera,California,31460,"Madera, CA"
680,Madison,Indiana,31500,"Madison, IN"
681,Madison,Wisconsin,31540,"Madison, WI"
682,Madisonville,Kentucky,31580,"Madisonville, KY"
683,Magnolia,Arkansas,31620,"Magnolia, AR"
684,Malone,New York,31660,"Malone, NY"
685,Malvern,Arkansas,31680,"Malvern, AR"
686,Manchester,New Hampshire,31700,"Manchester-Nashua, NH"
687,Nashua,New Hampshire,31700,"Manchester-Nashua, NH"
688,Manhattan,Kansas,31740,"Manhattan, KS"
689,Manitowoc,Wisconsin,31820,"Manitowoc, WI"
690,Mankato,Minnesota,31860,"Mankato-North Mankato, MN"
691,North Mankato,Minnesota,31860,"Mankato-North Mankato, MN"
692,Mansfield,Ohio,31900,"Mansfield, OH"
693,Marietta,Ohio,31930,"Marietta, OH"
694,Marinette,Wisconsin,31940,"Marinette, WI-MI"
695,Marion,Indiana,31980,"Marion, IN"
696,Marion,North Carolina,32000,"Marion, NC"
697,Marion,Ohio,32020,"Marion, OH"
698,Marquette,Michigan,32100,"Marquette, MI"
699,Marshall,Minnesota,32140,"Marshall, MN"
700,Marshall,Missouri,32180,"Marshall, MO"
701,Marshall,Texas,32220,"Marshall, TX"
702,Marshalltown,Iowa,32260,"Marshalltown, IA"
703,Martin,Tennessee,32280,"Martin, TN"
704,Martinsville,Virginia,32300,"Martinsville, VA"
705,Maryville,Missouri,32340,"Maryville, MO"
706,Mason City,Iowa,32380,"Mason City, IA"
707,Mayagüez,Puerto Rico,32420,"Mayagüez, PR"
708,Mayfield,Kentucky,32460,"Mayfield, KY"
709,Maysville,Kentucky,32500,"Maysville, KY"
710,McAlester,Oklahoma,32540,"McAlester, OK"
711,Edinburg,Texas,32580,"McAllen-Edinburg-Mission, TX"
712,McAllen,Texas,32580,"McAllen-Edinburg-Mission, TX"
713,Mission,Texas,32580,"McAllen-Edinburg-Mission, TX"
714,McComb,Mississippi,32620,"McComb, MS"
715,McMinnville,Tennessee,32660,"McMinnville, TN"
716,McPherson,Kansas,32700,"McPherson, KS"
717,Meadville,Pennsylvania,32740,"Meadville, PA"
718,Medford,Oregon,32780,"Medford, OR"
719,Memphis,Tennessee,32820,"Memphis, TN-MS-AR"
720,Menomonie,Wisconsin,32860,"Menomonie, WI"
721,Merced,California,32900,"Merced, CA"
722,Meridian,Mississippi,32940,"Meridian, MS"
723,Merrill,Wisconsin,32980,"Merrill, WI"
724,Mexico,Missouri,33020,"Mexico, MO"
725,Miami,Oklahoma,33060,"Miami, OK"
726,Boca Raton,Florida,33100,"Miami-Fort Lauderdale-West Palm Beach, FL"
727,Deerfield Beach,Florida,33100,"Miami-Fort Lauderdale-West Palm Beach, FL"
728,Delray Beach,Florida,33100,"Miami-Fort Lauderdale-West Palm Beach, FL"
729,Fort Lauderdale,Florida,33100,"Miami-Fort Lauderdale-West Palm Beach, FL"
730,Jupiter,Florida,33100,"Miami-Fort Lauderdale-West Palm Beach, FL"
731,Kendall,Florida,33100,"Miami-Fort Lauderdale-West Palm Beach, FL"
732,Miami,Florida,33100,"Miami-Fort Lauderdale-West Palm Beach, FL"
733,Miami Beach,Florida,33100,"Miami-Fort Lauderdale-West Palm Beach, FL"
734,Pompano Beach,Florida,33100,"Miami-Fort Lauderdale-West Palm Beach, FL"
735,West Palm Beach,Florida,33100,"Miami-Fort Lauderdale-West Palm Beach, FL"
736,La Porte,Indiana,33140,"Michigan City-La Porte, IN"
737,Michigan City,Indiana,33140,"Michigan City-La Porte, IN"
738,Middlesborough,Kentucky,33180,"Middlesborough, KY"
739,Midland,Michigan,33220,"Midland, MI"
740,Midland,Texas,33260,"Midland, TX"
741,Milledgeville,Georgia,33300,"Milledgeville, GA"
742,Milwaukee,Wisconsin,33340,"Milwaukee-Waukesha-West Allis, WI"
743,Waukesha,Wisconsin,33340,"Milwaukee-Waukesha-West Allis, WI"
744,West Allis,Wisconsin,33340,"Milwaukee-Waukesha-West Allis, WI"
745,Mineral Wells,Texas,33420,"Mineral Wells, TX"
746,Bloomington,Minnesota,33460,"Minneapolis-St. Paul-Bloomington, MN-WI"
747,Eagan,Minnesota,33460,"Minneapolis-St. Paul-Bloomington, MN-WI"
748,Eden Prairie,Minnesota,33460,"Minneapolis-St. Paul-Bloomington, MN-WI"
749,Minneapolis,Minnesota,33460,"Minneapolis-St. Paul-Bloomington, MN-WI"
750,Plymouth,Minnesota,33460,"Minneapolis-St. Paul-Bloomington, MN-WI"
751,St. Paul,Minnesota,33460,"Minneapolis-St. Paul-Bloomington, MN-WI"
752,Minot,North Dakota,33500,"Minot, ND"
753,Missoula,Montana,33540,"Missoula, MT"
754,Mitchell,South Dakota,33580,"Mitchell, SD"
755,Moberly,Missouri,33620,"Moberly, MO"
756,Mobile,Alabama,33660,"Mobile, AL"
757,Modesto,California,33700,"Modesto, CA"
758,Monroe,Louisiana,33740,"Monroe, LA"
759,Monroe,Michigan,33780,"Monroe, MI"
760,Montgomery,Alabama,33860,"Montgomery, AL"
761,Montrose,Colorado,33940,"Montrose, CO"
762,Morehead City,North Carolina,33980,"Morehead City, NC"
763,Morgan City,Louisiana,34020,"Morgan City, LA"
764,Morgantown,West Virginia,34060,"Morgantown, WV"
765,Morristown,Tennessee,34100,"Morristown, TN"
766,Moscow,Idaho,34140,"Moscow, ID"
767,Moses Lake,Washington,34180,"Moses Lake, WA"
768,Moultrie,Georgia,34220,"Moultrie, GA"
769,Mountain Home,Arkansas,34260,"Mountain Home, AR"
770,Mountain Home,Idaho,34300,"Mountain Home, ID"
771,Mount Airy,North Carolina,34340,"Mount Airy, NC"
772,Mount Pleasant,Michigan,34380,"Mount Pleasant, MI"
773,Mount Pleasant,Texas,34420,"Mount Pleasant, TX"
774,Mount Sterling,Kentucky,34460,"Mount Sterling, KY"
775,Mount Vernon,Illinois,34500,"Mount Vernon, IL"
776,Mount Vernon,Ohio,34540,"Mount Vernon, OH"
777,Anacortes,Washington,34580,"Mount Vernon-Anacortes, WA"
778,Mount Vernon,Washington,34580,"Mount Vernon-Anacortes, WA"
779,Muncie,Indiana,34620,"Muncie, IN"
780,Murray,Kentucky,34660,"Murray, KY"
781,Muscatine,Iowa,34700,"Muscatine, IA"
782,Muskegon,Michigan,34740,"Muskegon, MI"
783,Muskogee,Oklahoma,34780,"Muskogee, OK"
784,Conway,South Carolina,34820,"Myrtle Beach-Conway-North Myrtle Beach, SC-NC"
785,Myrtle Beach,South Carolina,34820,"Myrtle Beach-Conway-North Myrtle Beach, SC-NC"
786,North Myrtle Beach,South Carolina,34820,"Myrtle Beach-Conway-North Myrtle Beach, SC-NC"
787,Nacogdoches,Texas,34860,"Nacogdoches, TX"
788,Napa,California,34900,"Napa, CA"
789,Immokalee,Florida,34940,"Naples-Immokalee-Marco Island, FL"
790,Marco Island,Florida,34940,"Naples-Immokalee-Marco Island, FL"
791,Naples,Florida,34940,"Naples-Immokalee-Marco Island, FL"
792,Franklin,Tennessee,34980,"Nashville-Davidson--Murfreesboro--Franklin, TN"
793,Murfreesboro,Tennessee,34980,"Nashville-Davidson--Murfreesboro--Franklin, TN"
794,Nashville-Davidson metropolitan government (balance),Tennessee,34980,"Nashville-Davidson--Murfreesboro--Franklin, TN"
795,Natchez,Mississippi,35020,"Natchez, MS-LA"
796,Natchitoches,Louisiana,35060,"Natchitoches, LA"
797,New Bern,North Carolina,35100,"New Bern, NC"
798,Newberry,South Carolina,35140,"Newberry, SC"
799,New Castle,Indiana,35220,"New Castle, IN"
800,New Castle,Pennsylvania,35260,"New Castle, PA"
801,Milford city (balance),Connecticut,35300,"New Haven-Milford, CT"
802,New Haven,Connecticut,35300,"New Haven-Milford, CT"
803,Metairie,Louisiana,35380,"New Orleans-Metairie, LA"
804,New Orleans,Louisiana,35380,"New Orleans-Metairie, LA"
805,Dover,Ohio,35420,"New Philadelphia-Dover, OH"
806,New Philadelphia,Ohio,35420,"New Philadelphia-Dover, OH"
807,Newport,Oregon,35440,"Newport, OR"
808,Newport,Tennessee,35460,"Newport, TN"
809,Newton,Iowa,35500,"Newton, IA"
810,New Ulm,Minnesota,35580,"New Ulm, MN"
811,Jersey City,New Jersey,35620,"New York-Newark-Jersey City, NY-NJ-PA"
812,Lakewood,,35620,"New York-Newark-Jersey City, NY-NJ-PA"
813,Newark,New Jersey,35620,"New York-Newark-Jersey City, NY-NJ-PA"
814,New Brunswick,,35620,"New York-Newark-Jersey City, NY-NJ-PA"
815,New York,New York,35620,"New York-Newark-Jersey City, NY-NJ-PA"
816,White Plains,New York,35620,"New York-Newark-Jersey City, NY-NJ-PA"
817,Benton Harbor,Michigan,35660,"Niles-Benton Harbor, MI"
818,Niles,Michigan,35660,"Niles-Benton Harbor, MI"
819,Nogales,Arizona,35700,"Nogales, AZ"
820,Norfolk,Nebraska,35740,"Norfolk, NE"
821,North Platte,Nebraska,35820,"North Platte, NE"
822,Bradenton,Florida,35840,"North Port-Sarasota-Bradenton, FL"
823,North Port,Florida,35840,"North Port-Sarasota-Bradenton, FL"
824,Sarasota,Florida,35840,"North Port-Sarasota-Bradenton, FL"
825,Venice,Florida,35840,"North Port-Sarasota-Bradenton, FL"
826,North Vernon,Indiana,35860,"North Vernon, IN"
827,North Wilkesboro,North Carolina,35900,"North Wilkesboro, NC"
828,Norwalk,Ohio,35940,"Norwalk, OH"
829,New London,Connecticut,35980,"Norwich-New London, CT"
830,Norwich,Connecticut,35980,"Norwich-New London, CT"
831,Oak Harbor,Washington,36020,"Oak Harbor, WA"
832,Ocala,Florida,36100,"Ocala, FL"
833,Ocean City,New Jersey,36140,"Ocean City, NJ"
834,Odessa,Texas,36220,"Odessa, TX"
835,Clearfield,Utah,36260,"Ogden-Clearfield, UT"
836,Ogden,Utah,36260,"Ogden-Clearfield, UT"
837,Massena,New York,36300,"Ogdensburg-Massena, NY"
838,Ogdensburg,New York,36300,"Ogdensburg-Massena, NY"
839,Oil City,Pennsylvania,36340,"Oil City, PA"
840,Okeechobee,Florida,36380,"Okeechobee, FL"
841,Oklahoma City,Oklahoma,36420,"Oklahoma City, OK"
842,Olean,New York,36460,"Olean, NY"
843,Olympia,Washington,36500,"Olympia-Tumwater, WA"
844,Tumwater,Washington,36500,"Olympia-Tumwater, WA"
845,Council Bluffs,Iowa,36540,"Omaha-Council Bluffs, NE-IA"
846,Omaha,Nebraska,36540,"Omaha-Council Bluffs, NE-IA"
847,Oneonta,New York,36580,"Oneonta, NY"
848,Ontario,Oregon,36620,"Ontario, OR-ID"
849,Opelousas,Louisiana,36660,"Opelousas, LA"
850,Orangeburg,South Carolina,36700,"Orangeburg, SC"
851,Kissimmee,Florida,36740,"Orlando-Kissimmee-Sanford, FL"
852,Orlando,Florida,36740,"Orlando-Kissimmee-Sanford, FL"
853,Sanford,Florida,36740,"Orlando-Kissimmee-Sanford, FL"
854,Neenah,Wisconsin,36780,"Oshkosh-Neenah, WI"
855,Oshkosh,Wisconsin,36780,"Oshkosh-Neenah, WI"
856,Oskaloosa,Iowa,36820,"Oskaloosa, IA"
857,Othello,Washington,36830,"Othello, WA"
858,Ottawa,Kansas,36840,"Ottawa, KS"
859,Ottawa,Illinois,36860,"Ottawa-Peru, IL"
860,Peru,Illinois,36860,"Ottawa-Peru, IL"
861,Ottumwa,Iowa,36900,"Ottumwa, IA"
862,Owatonna,Minnesota,36940,"Owatonna, MN"
863,Owensboro,Kentucky,36980,"Owensboro, KY"
864,Owosso,Michigan,37020,"Owosso, MI"
865,Oxford,Mississippi,37060,"Oxford, MS"
866,Oxford,North Carolina,37080,"Oxford, NC"
867,Camarillo,California,37100,"Oxnard-Thousand Oaks-Ventura, CA"
868,Oxnard,California,37100,"Oxnard-Thousand Oaks-Ventura, CA"
869,San Buenaventura (Ventura),California,37100,"Oxnard-Thousand Oaks-Ventura, CA"
870,Thousand Oaks,California,37100,"Oxnard-Thousand Oaks-Ventura, CA"
871,Ozark,Alabama,37120,"Ozark, AL"
872,Paducah,Kentucky,37140,"Paducah, KY-IL"
873,Pahrump,Nevada,37220,"Pahrump, NV"
874,Palatka,Florida,37260,"Palatka, FL"
875,Palestine,Texas,37300,"Palestine, TX"
876,Melbourne,Florida,37340,"Palm Bay-Melbourne-Titusville, FL"
877,Palm Bay,Florida,37340,"Palm Bay-Melbourne-Titusville, FL"
878,Titusville,Florida,37340,"Palm Bay-Melbourne-Titusville, FL"
879,Pampa,Texas,37420,"Pampa, TX"
880,Panama City,Florida,37460,"Panama City, FL"
881,Paragould,Arkansas,37500,"Paragould, AR"
882,Paris,Tennessee,37540,"Paris, TN"
883,Paris,Texas,37580,"Paris, TX"
884,Parkersburg,West Virginia,37620,"Parkersburg-Vienna, WV"
885,Vienna,West Virginia,37620,"Parkersburg-Vienna, WV"
886,Parsons,Kansas,37660,"Parsons, KS"
887,Payson,Arizona,37740,"Payson, AZ"
888,Pecos,Texas,37780,"Pecos, TX"
889,Pella,Iowa,37800,"Pella, IA"
890,Brent,Florida,37860,"Pensacola-Ferry Pass-Brent, FL"
891,Ferry Pass,Florida,37860,"Pensacola-Ferry Pass-Brent, FL"
892,Pensacola,Florida,37860,"Pensacola-Ferry Pass-Brent, FL"
893,Peoria,Illinois,37900,"Peoria, IL"
894,Peru,Indiana,37940,"Peru, IN"
895,Wilmington,Delaware,37980,"Philadelphia-Camden-Wilmington, PA-NJ-DE-MD"
896,Camden,New Jersey,37980,"Philadelphia-Camden-Wilmington, PA-NJ-DE-MD"
897,Philadelphia,Pennsylvania,37980,"Philadelphia-Camden-Wilmington, PA-NJ-DE-MD"
898,Mesa,Arizona,38060,"Phoenix-Mesa-Scottsdale, AZ"
899,Phoenix,Arizona,38060,"Phoenix-Mesa-Scottsdale, AZ"
900,Scottsdale,Arizona,38060,"Phoenix-Mesa-Scottsdale, AZ"
901,Tempe,Arizona,38060,"Phoenix-Mesa-Scottsdale, AZ"
902,Picayune,Mississippi,38100,"Picayune, MS"
903,Pierre,South Dakota,38180,"Pierre, SD"
904,Pine Bluff,Arkansas,38220,"Pine Bluff, AR"
905,Pinehurst,North Carolina,38240,"Pinehurst-Southern Pines, NC"
906,Southern Pines,North Carolina,38240,"Pinehurst-Southern Pines, NC"
907,Pittsburg,Kansas,38260,"Pittsburg, KS"
908,Pittsburgh,Pennsylvania,38300,"Pittsburgh, PA"
909,Pittsfield,Massachusetts,38340,"Pittsfield, MA"
910,Plainview,Texas,38380,"Plainview, TX"
911,Platteville,Wisconsin,38420,"Platteville, WI"
912,Plattsburgh,New York,38460,"Plattsburgh, NY"
913,Plymouth,Indiana,38500,"Plymouth, IN"
914,Pocatello,Idaho,38540,"Pocatello, ID"
915,Point Pleasant,West Virginia,38580,"Point Pleasant, WV-OH"
916,Ponca City,Oklahoma,38620,"Ponca City, OK"
917,Ponce,Puerto Rico,38660,"Ponce, PR"
918,Pontiac,Illinois,38700,"Pontiac, IL"
919,Poplar Bluff,Missouri,38740,"Poplar Bluff, MO"
920,Portales,New Mexico,38780,"Portales, NM"
921,Port Angeles,Washington,38820,"Port Angeles, WA"
922,Port Clinton,Ohio,38840,"Port Clinton, OH"
923,Portland,Maine,38860,"Portland-South Portland, ME"
924,South Portland,Maine,38860,"Portland-South Portland, ME"
925,Beaverton,,38900,"Portland-Vancouver-Hillsboro, OR-WA"
926,Hillsboro,,38900,"Portland-Vancouver-Hillsboro, OR-WA"
927,Portland,Oregon,38900,"Portland-Vancouver-Hillsboro, OR-WA"
928,Vancouver,,38900,"Portland-Vancouver-Hillsboro, OR-WA"
929,Port Lavaca,Texas,38920,"Port Lavaca, TX"
930,Port St. Lucie,Florida,38940,"Port St. Lucie, FL"
931,Portsmouth,Ohio,39020,"Portsmouth, OH"
932,Pottsville,Pennsylvania,39060,"Pottsville, PA"
933,Prescott,Arizona,39140,"Prescott, AZ"
934,Price,Utah,39220,"Price, UT"
935,Prineville,Oregon,39260,"Prineville, OR"
936,Providence,Rhode Island,39300,"Providence-Warwick, RI-MA"
937,Warwick,Rhode Island,39300,"Providence-Warwick, RI-MA"
938,Orem,Utah,39340,"Provo-Orem, UT"
939,Provo,Utah,39340,"Provo-Orem, UT"
940,Pueblo,Colorado,39380,"Pueblo, CO"
941,Pullman,Washington,39420,"Pullman, WA"
942,Punta Gorda,Florida,39460,"Punta Gorda, FL"
943,Quincy,Illinois,39500,"Quincy, IL-MO"
944,Racine,Wisconsin,39540,"Racine, WI"
945,Raleigh,North Carolina,39580,"Raleigh, NC"
946,Rapid City,South Dakota,39660,"Rapid City, SD"
947,Raymondville,Texas,39700,"Raymondville, TX"
948,Reading,Pennsylvania,39740,"Reading, PA"
949,Red Bluff,California,39780,"Red Bluff, CA"
950,Redding,California,39820,"Redding, CA"
951,Red Wing,Minnesota,39860,"Red Wing, MN"
952,Reno,Nevada,39900,"Reno, NV"
953,Rexburg,Idaho,39940,"Rexburg, ID"
954,Richmond,Indiana,39980,"Richmond, IN"
955,Richmond,Virginia,40060,"Richmond, VA"
956,Berea,Kentucky,40080,"Richmond-Berea, KY"
957,Richmond,Kentucky,40080,"Richmond-Berea, KY"
958,Rio Grande City,Texas,40100,"Rio Grande City, TX"
959,Chino,California,40140,"Riverside-San Bernardino-Ontario, CA"
960,Corona,California,40140,"Riverside-San Bernardino-Ontario, CA"
961,Ontario,California,40140,"Riverside-San Bernardino-Ontario, CA"
962,Redlands,California,40140,"Riverside-San Bernardino-Ontario, CA"
963,Riverside,California,40140,"Riverside-San Bernardino-Ontario, CA"
964,San Bernardino,California,40140,"Riverside-San Bernardino-Ontario, CA"
965,Temecula,California,40140,"Riverside-San Bernardino-Ontario, CA"
966,Victorville,California,40140,"Riverside-San Bernardino-Ontario, CA"
967,Riverton,Wyoming,40180,"Riverton, WY"
968,Roanoke,Virginia,40220,"Roanoke, VA"
969,Roanoke Rapids,North Carolina,40260,"Roanoke Rapids, NC"
970,Rochelle,Illinois,40300,"Rochelle, IL"
971,Rochester,Minnesota,40340,"Rochester, MN"
972,Rochester,New York,40380,"Rochester, NY"
973,Rockford,Illinois,40420,"Rockford, IL"
974,Rockingham,North Carolina,40460,"Rockingham, NC"
975,Rock Springs,Wyoming,40540,"Rock Springs, WY"
976,Rocky Mount,North Carolina,40580,"Rocky Mount, NC"
977,Rolla,Missouri,40620,"Rolla, MO"
978,Rome,Georgia,40660,"Rome, GA"
979,Roseburg,Oregon,40700,"Roseburg, OR"
980,Roswell,New Mexico,40740,"Roswell, NM"
981,Ruidoso,New Mexico,40760,"Ruidoso, NM"
982,Russellville,Arkansas,40780,"Russellville, AR"
983,Ruston,Louisiana,40820,"Ruston, LA"
984,Rutland,Vermont,40860,"Rutland, VT"
985,Arden-Arcade,California,40900,"Sacramento--Roseville--Arden-Arcade, CA"
986,Folsom,California,40900,"Sacramento--Roseville--Arden-Arcade, CA"
987,Rancho Cordova,California,40900,"Sacramento--Roseville--Arden-Arcade, CA"
988,Roseville,California,40900,"Sacramento--Roseville--Arden-Arcade, CA"
989,Sacramento,California,40900,"Sacramento--Roseville--Arden-Arcade, CA"
990,Safford,Arizona,40940,"Safford, AZ"
991,Saginaw,Michigan,40980,"Saginaw, MI"
992,St. Cloud,Minnesota,41060,"St. Cloud, MN"
993,St. George,Utah,41100,"St. George, UT"
994,St. Joseph,Missouri,41140,"St. Joseph, MO-KS"
995,St. Charles,Missouri,41180,"St. Louis, MO-IL"
996,St. Louis,Missouri,41180,"St. Louis, MO-IL"
997,St. Marys,Georgia,41220,"St. Marys, GA"
998,St. Marys,Pennsylvania,41260,"St. Marys, PA"
999,Salem,Ohio,41400,"Salem, OH"
1000,Salem,Oregon,41420,"Salem, OR"
1001,Salina,Kansas,41460,"Salina, KS"
1002,Salinas,California,41500,"Salinas, CA"
1003,Salisbury,Maryland,41540,"Salisbury, MD-DE"
1004,Salt Lake City,Utah,41620,"Salt Lake City, UT"
1005,San Angelo,Texas,41660,"San Angelo, TX"
1006,New Braunfels,Texas,41700,"San Antonio-New Braunfels, TX"
1007,San Antonio,Texas,41700,"San Antonio-New Braunfels, TX"
1008,Carlsbad,California,41740,"San Diego-Carlsbad, CA"
1009,San Diego,California,41740,"San Diego-Carlsbad, CA"
1010,Sandpoint,Idaho,41760,"Sandpoint, ID"
1011,Sandusky,Ohio,41780,"Sandusky, OH"
1012,Sanford,North Carolina,41820,"Sanford, NC"
1013,Berkeley,California,41860,"San Francisco-Oakland-Hayward, CA"
1014,Hayward,California,41860,"San Francisco-Oakland-Hayward, CA"
1015,Oakland,California,41860,"San Francisco-Oakland-Hayward, CA"
1016,Pleasanton,California,41860,"San Francisco-Oakland-Hayward, CA"
1017,Redwood City,California,41860,"San Francisco-Oakland-Hayward, CA"
1018,San Francisco,California,41860,"San Francisco-Oakland-Hayward, CA"
1019,San Leandro,California,41860,"San Francisco-Oakland-Hayward, CA"
1020,San Rafael,California,41860,"San Francisco-Oakland-Hayward, CA"
1021,San Ramon,California,41860,"San Francisco-Oakland-Hayward, CA"
1022,South San Francisco,California,41860,"San Francisco-Oakland-Hayward, CA"
1023,Walnut Creek,California,41860,"San Francisco-Oakland-Hayward, CA"
1024,San Germán,Puerto Rico,41900,"San Germán, PR"
1025,Cupertino,California,41940,"San Jose-Sunnyvale-Santa Clara, CA"
1026,Milpitas,California,41940,"San Jose-Sunnyvale-Santa Clara, CA"
1027,Mountain View,California,41940,"San Jose-Sunnyvale-Santa Clara, CA"
1028,Palo Alto,California,41940,"San Jose-Sunnyvale-Santa Clara, CA"
1029,San Jose,California,41940,"San Jose-Sunnyvale-Santa Clara, CA"
1030,Santa Clara,California,41940,"San Jose-Sunnyvale-Santa Clara, CA"
1031,Sunnyvale,California,41940,"San Jose-Sunnyvale-Santa Clara, CA"
1032,Caguas,Puerto Rico,41980,"San Juan-Carolina-Caguas, PR"
1033,Carolina,Puerto Rico,41980,"San Juan-Carolina-Caguas, PR"
1034,Guaynabo,Puerto Rico,41980,"San Juan-Carolina-Caguas, PR"
1035,San Juan,Puerto Rico,41980,"San Juan-Carolina-Caguas, PR"
1036,Arroyo Grande,California,42020,"San Luis Obispo-Paso Robles-Arroyo Grande, CA"
1037,El Paso de Robles (Paso Robles),California,42020,"San Luis Obispo-Paso Robles-Arroyo Grande, CA"
1038,San Luis Obispo,California,42020,"San Luis Obispo-Paso Robles-Arroyo Grande, CA"
1039,Santa Cruz,California,42100,"Santa Cruz-Watsonville, CA"
1040,Watsonville,California,42100,"Santa Cruz-Watsonville, CA"
1041,Santa Fe,New Mexico,42140,"Santa Fe, NM"
1042,Santa Isabel,Puerto Rico,42180,"Santa Isabel, PR"
1043,Santa Barbara,California,42200,"Santa Maria-Santa Barbara, CA"
1044,Santa Maria,California,42200,"Santa Maria-Santa Barbara, CA"
1045,Santa Rosa,California,42220,"Santa Rosa, CA"
1046,Sault Ste. Marie,Michigan,42300,"Sault Ste. Marie, MI"
1047,Savannah,Georgia,42340,"Savannah, GA"
1048,Sayre,Pennsylvania,42380,"Sayre, PA"
1049,Scottsbluff,Nebraska,42420,"Scottsbluff, NE"
1050,Scottsboro,Alabama,42460,"Scottsboro, AL"
1051,Hazleton,Pennsylvania,42540,"Scranton--Wilkes-Barre--Hazleton, PA"
1052,Scranton,Pennsylvania,42540,"Scranton--Wilkes-Barre--Hazleton, PA"
1053,Wilkes-Barre,Pennsylvania,42540,"Scranton--Wilkes-Barre--Hazleton, PA"
1054,Searcy,Arkansas,42620,"Searcy, AR"
1055,Auburn,Washington,42660,"Seattle-Tacoma-Bellevue, WA"
1056,Bellevue,Washington,42660,"Seattle-Tacoma-Bellevue, WA"
1057,Everett,Washington,42660,"Seattle-Tacoma-Bellevue, WA"
1058,Kent,Washington,42660,"Seattle-Tacoma-Bellevue, WA"
1059,Lakewood,Washington,42660,"Seattle-Tacoma-Bellevue, WA"
1060,Redmond,Washington,42660,"Seattle-Tacoma-Bellevue, WA"
1061,Renton,Washington,42660,"Seattle-Tacoma-Bellevue, WA"
1062,Seattle,Washington,42660,"Seattle-Tacoma-Bellevue, WA"
1063,Tacoma,Washington,42660,"Seattle-Tacoma-Bellevue, WA"
1064,Sebastian,Florida,42680,"Sebastian-Vero Beach, FL"
1065,Vero Beach,Florida,42680,"Sebastian-Vero Beach, FL"
1066,Sebring,Florida,42700,"Sebring, FL"
1067,Sedalia,Missouri,42740,"Sedalia, MO"
1068,Selinsgrove,Pennsylvania,42780,"Selinsgrove, PA"
1069,Selma,Alabama,42820,"Selma, AL"
1070,Seneca,South Carolina,42860,"Seneca, SC"
1071,Seneca Falls,New York,42900,"Seneca Falls, NY"
1072,Sevierville,Tennessee,42940,"Sevierville, TN"
1073,Seymour,Indiana,42980,"Seymour, IN"
1074,Shawano,Wisconsin,43020,"Shawano, WI"
1075,Shawnee,Oklahoma,43060,"Shawnee, OK"
1076,Sheboygan,Wisconsin,43100,"Sheboygan, WI"
1077,Shelby,North Carolina,43140,"Shelby, NC"
1078,Shelbyville,Tennessee,43180,"Shelbyville, TN"
1079,Shelton,Washington,43220,"Shelton, WA"
1080,Sheridan,Wyoming,43260,"Sheridan, WY"
1081,Denison,Texas,43300,"Sherman-Denison, TX"
1082,Sherman,Texas,43300,"Sherman-Denison, TX"
1083,Show Low,Arizona,43320,"Show Low, AZ"
1084,Bossier City,Louisiana,43340,"Shreveport-Bossier City, LA"
1085,Shreveport,Louisiana,43340,"Shreveport-Bossier City, LA"
1086,Sidney,Ohio,43380,"Sidney, OH"
1087,Douglas,Arizona,43420,"Sierra Vista-Douglas, AZ"
1088,Sierra Vista,Arizona,43420,"Sierra Vista-Douglas, AZ"
1089,Sikeston,Missouri,43460,"Sikeston, MO"
1090,Silver City,New Mexico,43500,"Silver City, NM"
1091,Sioux City,Iowa,43580,"Sioux City, IA-NE-SD"
1092,Sioux Falls,South Dakota,43620,"Sioux Falls, SD"
1093,Snyder,Texas,43660,"Snyder, TX"
1094,Somerset,Kentucky,43700,"Somerset, KY"
1095,Somerset,Pennsylvania,43740,"Somerset, PA"
1096,Sonora,California,43760,"Sonora, CA"
1097,Mishawaka,Indiana,43780,"South Bend-Mishawaka, IN-MI"
1098,South Bend,Indiana,43780,"South Bend-Mishawaka, IN-MI"
1099,Spartanburg,South Carolina,43900,"Spartanburg, SC"
1100,Spearfish,South Dakota,43940,"Spearfish, SD"
1101,Spencer,Iowa,43980,"Spencer, IA"
1102,Spirit Lake,Iowa,44020,"Spirit Lake, IA"
1103,Spokane,Washington,44060,"Spokane-Spokane Valley, WA"
1104,Spokane Valley,Washington,44060,"Spokane-Spokane Valley, WA"
1105,Springfield,Illinois,44100,"Springfield, IL"
1106,Springfield,Massachusetts,44140,"Springfield, MA"
1107,Springfield,Missouri,44180,"Springfield, MO"
1108,Springfield,Ohio,44220,"Springfield, OH"
1109,Starkville,Mississippi,44260,"Starkville, MS"
1110,State College,Pennsylvania,44300,"State College, PA"
1111,Statesboro,Georgia,44340,"Statesboro, GA"
1112,Staunton,Virginia,44420,"Staunton-Waynesboro, VA"
1113,Waynesboro,Virginia,44420,"Staunton-Waynesboro, VA"
1114,Steamboat Springs,Colorado,44460,"Steamboat Springs, CO"
1115,Stephenville,Texas,44500,"Stephenville, TX"
1116,Sterling,Colorado,44540,"Sterling, CO"
1117,Sterling,Illinois,44580,"Sterling, IL"
1118,Stevens Point,Wisconsin,44620,"Stevens Point, WI"
1119,Stillwater,Oklahoma,44660,"Stillwater, OK"
1120,Lodi,California,44700,"Stockton-Lodi, CA"
1121,Stockton,California,44700,"Stockton-Lodi, CA"
1122,Storm Lake,Iowa,44740,"Storm Lake, IA"
1123,Sturgis,Michigan,44780,"Sturgis, MI"
1124,Sulphur Springs,Texas,44860,"Sulphur Springs, TX"
1125,Summerville,Georgia,44900,"Summerville, GA"
1126,Summit Park,Utah,44920,"Summit Park, UT"
1127,Sumter,South Carolina,44940,"Sumter, SC"
1128,Sunbury,Pennsylvania,44980,"Sunbury, PA"
1129,Susanville,California,45000,"Susanville, CA"
1130,Sweetwater,Texas,45020,"Sweetwater, TX"
1131,Syracuse,New York,45060,"Syracuse, NY"
1132,Tahlequah,Oklahoma,45140,"Tahlequah, OK"
1133,Sylacauga,Alabama,45180,"Talladega-Sylacauga, AL"
1134,Talladega,Alabama,45180,"Talladega-Sylacauga, AL"
1135,Tallahassee,Florida,45220,"Tallahassee, FL"
1136,Clearwater,Florida,45300,"Tampa-St. Petersburg-Clearwater, FL"
1137,Largo,Florida,45300,"Tampa-St. Petersburg-Clearwater, FL"
1138,St. Petersburg,Florida,45300,"Tampa-St. Petersburg-Clearwater, FL"
1139,Tampa,Florida,45300,"Tampa-St. Petersburg-Clearwater, FL"
1140,Taos,New Mexico,45340,"Taos, NM"
1141,Taylorville,Illinois,45380,"Taylorville, IL"
1142,Terre Haute,Indiana,45460,"Terre Haute, IN"
1143,Texarkana,Texas,45500,"Texarkana, TX-AR"
1144,The Dalles,Oregon,45520,"The Dalles, OR"
1145,The Villages,Florida,45540,"The Villages, FL"
1146,Thomaston,Georgia,45580,"Thomaston, GA"
1147,Thomasville,Georgia,45620,"Thomasville, GA"
1148,Tiffin,Ohio,45660,"Tiffin, OH"
1149,Tifton,Georgia,45700,"Tifton, GA"
1150,Toccoa,Georgia,45740,"Toccoa, GA"
1151,Toledo,Ohio,45780,"Toledo, OH"
1152,Topeka,Kansas,45820,"Topeka, KS"
1153,Torrington,Connecticut,45860,"Torrington, CT"
1154,Traverse City,Michigan,45900,"Traverse City, MI"
1155,Trenton,New Jersey,45940,"Trenton, NJ"
1156,Troy,Alabama,45980,"Troy, AL"
1157,Grass Valley,California,46020,"Truckee-Grass Valley, CA"
1158,Truckee,California,46020,"Truckee-Grass Valley, CA"
1159,Tucson,Arizona,46060,"Tucson, AZ"
1160,Manchester,Tennessee,46100,"Tullahoma-Manchester, TN"
1161,Tullahoma,Tennessee,46100,"Tullahoma-Manchester, TN"
1162,Tulsa,Oklahoma,46140,"Tulsa, OK"
1163,Tupelo,Mississippi,46180,"Tupelo, MS"
1164,Tuscaloosa,Alabama,46220,"Tuscaloosa, AL"
1165,Twin Falls,Idaho,46300,"Twin Falls, ID"
1166,Tyler,Texas,46340,"Tyler, TX"
1167,Ukiah,California,46380,"Ukiah, CA"
1168,Union City,Tennessee,46460,"Union City, TN-KY"
1169,Urbana,Ohio,46500,"Urbana, OH"
1170,Urban Honolulu,Hawaii,46520,"Urban Honolulu, HI"
1171,Rome,New York,46540,"Utica-Rome, NY"
1172,Utica,New York,46540,"Utica-Rome, NY"
1173,Uvalde,Texas,46620,"Uvalde, TX"
1174,Valdosta,Georgia,46660,"Valdosta, GA"
1175,Fairfield,California,46700,"Vallejo-Fairfield, CA"
1176,Vallejo,California,46700,"Vallejo-Fairfield, CA"
1177,Valley,Alabama,46740,"Valley, AL"
1178,Van Wert,Ohio,46780,"Van Wert, OH"
1179,Vermillion,South Dakota,46820,"Vermillion, SD"
1180,Vernal,Utah,46860,"Vernal, UT"
1181,Vernon,Texas,46900,"Vernon, TX"
1182,Vicksburg,Mississippi,46980,"Vicksburg, MS"
1183,Victoria,Texas,47020,"Victoria, TX"
1184,Vidalia,Georgia,47080,"Vidalia, GA"
1185,Vincennes,Indiana,47180,"Vincennes, IN"
1186,Bridgeton,New Jersey,47220,"Vineland-Bridgeton, NJ"
1187,Vineland,New Jersey,47220,"Vineland-Bridgeton, NJ"
1188,Vineyard Haven,Massachusetts,47240,"Vineyard Haven, MA"
1189,Hampton,Virginia,47260,"Virginia Beach-Norfolk-Newport News, VA-NC"
1190,Newport News,Virginia,47260,"Virginia Beach-Norfolk-Newport News, VA-NC"
1191,Norfolk,Virginia,47260,"Virginia Beach-Norfolk-Newport News, VA-NC"
1192,Portsmouth,Virginia,47260,"Virginia Beach-Norfolk-Newport News, VA-NC"
1193,Virginia Beach,Virginia,47260,"Virginia Beach-Norfolk-Newport News, VA-NC"
1194,Porterville,California,47300,"Visalia-Porterville, CA"
1195,Visalia,California,47300,"Visalia-Porterville, CA"
1196,Wabash,Indiana,47340,"Wabash, IN"
1197,Waco,Texas,47380,"Waco, TX"
1198,Wahpeton,North Dakota,47420,"Wahpeton, ND-MN"
1199,Walla Walla,Washington,47460,"Walla Walla, WA"
1200,Wapakoneta,Ohio,47540,"Wapakoneta, OH"
1201,Warner Robins,Georgia,47580,"Warner Robins, GA"
1202,Warren,Pennsylvania,47620,"Warren, PA"
1203,Warrensburg,Missouri,47660,"Warrensburg, MO"
1204,Warsaw,Indiana,47700,"Warsaw, IN"
1205,Washington,Indiana,47780,"Washington, IN"
1206,Washington,North Carolina,47820,"Washington, NC"
1207,Washington,DC,47900,"Washington-Arlington-Alexandria, DC-VA-MD-WV"
1208,Bethesda,Maryland,47900,"Washington-Arlington-Alexandria, DC-VA-MD-WV"
1209,Frederick,Maryland,47900,"Washington-Arlington-Alexandria, DC-VA-MD-WV"
1210,Gaithersburg,Maryland,47900,"Washington-Arlington-Alexandria, DC-VA-MD-WV"
1211,Rockville,Maryland,47900,"Washington-Arlington-Alexandria, DC-VA-MD-WV"
1212,Silver Spring,Maryland,47900,"Washington-Arlington-Alexandria, DC-VA-MD-WV"
1213,Alexandria,Virginia,47900,"Washington-Arlington-Alexandria, DC-VA-MD-WV"
1214,Arlington,Virginia,47900,"Washington-Arlington-Alexandria, DC-VA-MD-WV"
1215,Reston,Virginia,47900,"Washington-Arlington-Alexandria, DC-VA-MD-WV"
1216,Washington Court House,Ohio,47920,"Washington Court House, OH"
1217,Cedar Falls,Iowa,47940,"Waterloo-Cedar Falls, IA"
1218,Waterloo,Iowa,47940,"Waterloo-Cedar Falls, IA"
1219,Watertown,South Dakota,47980,"Watertown, SD"
1220,Fort Atkinson,Wisconsin,48020,"Watertown-Fort Atkinson, WI"
1221,Watertown,Wisconsin,48020,"Watertown-Fort Atkinson, WI"
1222,Fort Drum,New York,48060,"Watertown-Fort Drum, NY"
1223,Watertown,New York,48060,"Watertown-Fort Drum, NY"
1224,Wauchula,Florida,48100,"Wauchula, FL"
1225,Wausau,Wisconsin,48140,"Wausau, WI"
1226,Waycross,Georgia,48180,"Waycross, GA"
1227,Weatherford,Oklahoma,48220,"Weatherford, OK"
1228,Steubenville,Ohio,48260,"Weirton-Steubenville, WV-OH"
1229,Weirton,West Virginia,48260,"Weirton-Steubenville, WV-OH"
1230,Wenatchee,Washington,48300,"Wenatchee, WA"
1231,West Plains,Missouri,48460,"West Plains, MO"
1232,West Point,Mississippi,48500,"West Point, MS"
1233,Wheeling,West Virginia,48540,"Wheeling, WV-OH"
1234,Elkhorn,Wisconsin,48580,"Whitewater-Elkhorn, WI"
1235,Whitewater,Wisconsin,48580,"Whitewater-Elkhorn, WI"
1236,Wichita,Kansas,48620,"Wichita, KS"
1237,Wichita Falls,Texas,48660,"Wichita Falls, TX"
1238,Williamsport,Pennsylvania,48700,"Williamsport, PA"
1239,Williston,North Dakota,48780,"Williston, ND"
1240,Willmar,Minnesota,48820,"Willmar, MN"
1241,Wilmington,North Carolina,48900,"Wilmington, NC"
1242,Wilmington,Ohio,48940,"Wilmington, OH"
1243,Wilson,North Carolina,48980,"Wilson, NC"
1244,Winchester,Virginia,49020,"Winchester, VA-WV"
1245,Winnemucca,Nevada,49080,"Winnemucca, NV"
1246,Winona,Minnesota,49100,"Winona, MN"
1247,Winston-Salem,North Carolina,49180,"Winston-Salem, NC"
1248,Marshfield,Wisconsin,49220,"Wisconsin Rapids-Marshfield, WI"
1249,Wisconsin Rapids,Wisconsin,49220,"Wisconsin Rapids-Marshfield, WI"
1250,Woodward,Oklahoma,49260,"Woodward, OK"
1251,Wooster,Ohio,49300,"Wooster, OH"
1252,Worcester,Massachusetts,49340,"Worcester, MA-CT"
1253,Worthington,Minnesota,49380,"Worthington, MN"
1254,Yakima,Washington,49420,"Yakima, WA"
1255,Yankton,South Dakota,49460,"Yankton, SD"
1256,Hanover,Pennsylvania,49620,"York-Hanover, PA"
1257,York,Pennsylvania,49620,"York-Hanover, PA"
1258,Boardman,Ohio,49660,"Youngstown-Warren-Boardman, OH-PA"
1259,Warren,Ohio,49660,"Youngstown-Warren-Boardman, OH-PA"
1260,Youngstown,Ohio,49660,"Youngstown-Warren-Boardman, OH-PA"
1261,Yuba City,California,49700,"Yuba City, CA"
1262,Yuma,Arizona,49740,"Yuma, AZ"
1263,Zanesville,Ohio,49780,"Zanesville, OH"
1264,Zapata,Texas,49820,"Zapata, TX"
