City,State,CBSA Code,CBSA Title,Latitude,Longitude
Aberdeen,South Dakota,10100,"Aberdeen, SD",45.4646985,-98.4864829
Aberdeen,Washington,10140,"Aberdeen, WA",46.9753708,-123.8157218
Abilene,Texas,10180,"Abilene, TX",32.4487364,-99.7331439
Ada,Oklahoma,10220,"Ada, OK",34.774531,-96.6783449
Adjuntas,Puerto Rico,10260,"Adjuntas, PR",18.1634848,-66.723158
Adrian,Michigan,10300,"Adrian, MI",41.8975471,-84.0371659
Aguadilla,Puerto Rico,10380,"Aguadilla-Isabela, PR",18.4274454,-67.1540698
Isabela,Puerto Rico,10380,"Aguadilla-Isabela, PR",18.4703856,-67.0242062
Akron,Ohio,10420,"Akron, OH",41.0814447,-81.5190053
Alamogordo,New Mexico,10460,"Alamogordo, NM",32.8995325,-105.960265
Albany,Georgia,10500,"Albany, GA",31.5785074,-84.155741
Albany,Oregon,10540,"Albany, OR",44.6365107,-123.1059282
Albany,New York,10580,"Albany-Schenectady-Troy, NY",42.6525793,-73.7562317
Schenectady,New York,10580,"Albany-Schenectady-Troy, NY",42.8142432,-73.9395687
Troy,New York,10580,"Albany-Schenectady-Troy, NY",42.7284117,-73.6917851
Albemarle,North Carolina,10620,"Albemarle, NC",35.3501426,-80.2000578
Albert Lea,Minnesota,10660,"Albert Lea, MN",43.6478006,-93.3686555
Albertville,Alabama,10700,"Albertville, AL",34.2675937,-86.2088669
Albuquerque,New Mexico,10740,"Albuquerque, NM",35.0843859,-106.650422
Alexander City,Alabama,10760,"Alexander City, AL",32.944012,-85.9538532
Alexandria,Louisiana,10780,"Alexandria, LA",31.3112936,-92.4451371
Alexandria,Minnesota,10820,"Alexandria, MN",45.8848164,-95.3776663
Alice,Texas,10860,"Alice, TX",27.7522487,-98.0697249
Allentown,Pennsylvania,10900,"Allentown-Bethlehem-Easton, PA-NJ",40.6022939,-75.4714098
Bethlehem,Pennsylvania,10900,"Allentown-Bethlehem-Easton, PA-NJ",40.6259316,-75.3704579
Alma,Michigan,10940,"Alma, MI",43.3789199,-84.6597274
Alpena,Michigan,10980,"Alpena, MI",45.0616794,-83.4327528
Altoona,Pennsylvania,11020,"Altoona, PA",40.5186809,-78.3947359
Altus,Oklahoma,11060,"Altus, OK",34.637765,-99.3340442
Amarillo,Texas,11100,"Amarillo, TX",35.2219971,-101.8312969
Americus,Georgia,11140,"Americus, GA",32.0723861,-84.2326876
Ames,Iowa,11180,"Ames, IA",42.0307812,-93.6319131
Amsterdam,New York,11220,"Amsterdam, NY",42.9377453,-74.190356
Anchorage,Alaska,11260,"Anchorage, AK",61.2180556,-149.9002778
Andrews,Texas,11380,"Andrews, TX",32.3187158,-102.5457155
Angola,Indiana,11420,"Angola, IN",41.6347726,-84.9994088
Ann Arbor,Michigan,11460,"Ann Arbor, MI",42.2808256,-83.7430378
Anniston,Alabama,11500,"Anniston-Oxford-Jacksonville, AL",33.6598257,-85.8316318
Jacksonville,Alabama,11500,"Anniston-Oxford-Jacksonville, AL",33.8137125,-85.7613536
Oxford,Alabama,11500,"Anniston-Oxford-Jacksonville, AL",33.6142714,-85.8349648
Appleton,Wisconsin,11540,"Appleton, WI",44.2619309,-88.4153847
Arcadia,Florida,11580,"Arcadia, FL",27.2158826,-81.8584164
Ardmore,Oklahoma,11620,"Ardmore, OK",34.1742611,-97.1436254
Arecibo,Puerto Rico,11640,"Arecibo, PR",18.444247,-66.6464068
Arkadelphia,Arkansas,11660,"Arkadelphia, AR",34.1209292,-93.0537839
Arkansas City,Kansas,11680,"Arkansas City-Winfield, KS",37.0619736,-97.0383712
Winfield,Kansas,11680,"Arkansas City-Winfield, KS",37.2397486,-96.9955918
Asheville,North Carolina,11700,"Asheville, NC",35.5950581,-82.5514869
Ashland,Ohio,11740,"Ashland, OH",40.8686675,-82.3182178
Ashtabula,Ohio,11780,"Ashtabula, OH",41.8650534,-80.7898089
Astoria,Oregon,11820,"Astoria, OR",46.1878841,-123.8312534
Atchison,Kansas,11860,"Atchison, KS",39.5630521,-95.1216356
Athens,Ohio,11900,"Athens, OH",39.3292396,-82.1012554
Athens,Tennessee,11940,"Athens, TN",35.4428512,-84.5929898
Athens,Texas,11980,"Athens, TX",32.2048735,-95.8555207
Athens-Clarke County unified government (balance),Georgia,12020,"Athens-Clarke County, GA",33.9596701,-83.376393
Alpharetta,Georgia,12060,"Atlanta-Sandy Springs-Roswell, GA",34.0753762,-84.2940899
Atlanta,Georgia,12060,"Atlanta-Sandy Springs-Roswell, GA",33.7489954,-84.3879824
Marietta,Georgia,12060,"Atlanta-Sandy Springs-Roswell, GA",33.952602,-84.5499327
Roswell,Georgia,12060,"Atlanta-Sandy Springs-Roswell, GA",34.0232431,-84.3615555
Sandy Springs,Georgia,12060,"Atlanta-Sandy Springs-Roswell, GA",33.9304352,-84.3733147
Atlantic City,New Jersey,12100,"Atlantic City-Hammonton, NJ",39.3642834,-74.4229266
Hammonton,New Jersey,12100,"Atlantic City-Hammonton, NJ",39.6365056,-74.8023853
Atmore,Alabama,12120,"Atmore, AL",31.0237921,-87.4938708
Auburn,Indiana,12140,"Auburn, IN",41.3669942,-85.0588575
Auburn,New York,12180,"Auburn, NY",42.9317335,-76.5660529
Auburn,Alabama,12220,"Auburn-Opelika, AL",32.6098566,-85.4807825
Opelika,Alabama,12220,"Auburn-Opelika, AL",32.6454116,-85.3782795
Augusta-Richmond County consolidated government (balance),Georgia,12260,"Augusta-Richmond County, GA-SC",33.4712263,-81.9617403
Augusta,Maine,12300,"Augusta-Waterville, ME",44.3106241,-69.7794897
Waterville,Maine,12300,"Augusta-Waterville, ME",44.5520105,-69.6317121
Austin,Minnesota,12380,"Austin, MN",43.6666296,-92.9746367
Austin,Texas,12420,"Austin-Round Rock, TX",30.267153,-97.7430608
Round Rock,Texas,12420,"Austin-Round Rock, TX",30.5082551,-97.678896
Bainbridge,Georgia,12460,"Bainbridge, GA",30.9037995,-84.5754699
Bakersfield,California,12540,"Bakersfield, CA",35.3732921,-119.0187125
Baltimore,Maryland,12580,"Baltimore-Columbia-Towson, MD",39.2903848,-76.6121893
Columbia,Maryland,12580,"Baltimore-Columbia-Towson, MD",39.2037144,-76.8610462
Towson,Maryland,12580,"Baltimore-Columbia-Towson, MD",39.4014955,-76.6019125
Bangor,Maine,12620,"Bangor, ME",44.8016128,-68.7712257
Baraboo,Wisconsin,12660,"Baraboo, WI",43.4710944,-89.7442906
Bardstown,Kentucky,12680,"Bardstown, KY",37.8092279,-85.4669025
Barnstable Town,Massachusetts,12700,"Barnstable Town, MA",41.7003208,-70.3002024
Barre,Vermont,12740,"Barre, VT",44.1970055,-72.5020494
Bartlesville,Oklahoma,12780,"Bartlesville, OK",36.7473114,-95.9808179
Bastrop,Louisiana,12820,"Bastrop, LA",32.7562463,-91.8723497
Batavia,New York,12860,"Batavia, NY",42.9981156,-78.1875167
Batesville,Arkansas,12900,"Batesville, AR",35.769799,-91.6409721
Baton Rouge,Louisiana,12940,"Baton Rouge, LA",30.4514677,-91.1871466
Battle Creek,Michigan,12980,"Battle Creek, MI",42.3211522,-85.1797142
Bay City,Michigan,13020,"Bay City, MI",43.5944677,-83.8888647
Bay City,Texas,13060,"Bay City, TX",28.9827565,-95.969402
Beatrice,Nebraska,13100,"Beatrice, NE",40.2659269,-96.7466913
Beaumont,Texas,13140,"Beaumont-Port Arthur, TX",30.080174,-94.1265562
Port Arthur,Texas,13140,"Beaumont-Port Arthur, TX",29.8849504,-93.939947
Beaver Dam,Wisconsin,13180,"Beaver Dam, WI",43.4577692,-88.837329
Beckley,West Virginia,13220,"Beckley, WV",37.7781702,-81.1881557
Bedford,Indiana,13260,"Bedford, IN",38.8611619,-86.4872149
Beeville,Texas,13300,"Beeville, TX",28.4008319,-97.7483312
Bellefontaine,Ohio,13340,"Bellefontaine, OH",40.3611643,-83.7596557
Bellingham,Washington,13380,"Bellingham, WA",48.7519112,-122.4786854
Bemidji,Minnesota,13420,"Bemidji, MN",47.471573,-94.8826861
Bend,Oregon,13460,"Bend-Redmond, OR",44.0581728,-121.3153096
Redmond,Oregon,13460,"Bend-Redmond, OR",44.2726203,-121.1739212
Bennettsville,South Carolina,13500,"Bennettsville, SC",34.6173803,-79.6847814
Bennington,Vermont,13540,"Bennington, VT",42.8781345,-73.1967741
Berlin,New Hampshire,13620,"Berlin, NH-VT",44.4686696,-71.1850768
Big Rapids,Michigan,13660,"Big Rapids, MI",43.6980782,-85.4836557
Big Spring,Texas,13700,"Big Spring, TX",32.2503979,-101.4787355
Big Stone Gap,Virginia,13720,"Big Stone Gap, VA",36.8586404,-82.7832489
Billings,Montana,13740,"Billings, MT",45.7832856,-108.5006904
Binghamton,New York,13780,"Binghamton, NY",42.0986867,-75.9179738
Birmingham,Alabama,13820,"Birmingham-Hoover, AL",33.5185892,-86.8103567
Hoover,Alabama,13820,"Birmingham-Hoover, AL",33.4053867,-86.8113781
Bismarck,North Dakota,13900,"Bismarck, ND",46.8083268,-100.7837392
Blackfoot,Idaho,13940,"Blackfoot, ID",43.1904709,-112.3449773
Blacksburg,Virginia,13980,"Blacksburg-Christiansburg-Radford, VA",37.2295733,-80.4139393
Christiansburg,Virginia,13980,"Blacksburg-Christiansburg-Radford, VA",37.1298517,-80.4089389
Radford,Virginia,13980,"Blacksburg-Christiansburg-Radford, VA",37.1317924,-80.5764477
Bloomington,Illinois,14010,"Bloomington, IL",40.4842027,-88.9936873
Bloomington,Indiana,14020,"Bloomington, IN",39.165325,-86.5263857
Berwick,Pennsylvania,14100,"Bloomsburg-Berwick, PA",41.0545292,-76.2332676
Bloomsburg,Pennsylvania,14100,"Bloomsburg-Berwick, PA",41.003698,-76.4549457
Bluefield,Virginia,14140,"Bluefield, WV-VA",37.252617,-81.2712105
Blytheville,Arkansas,14180,"Blytheville, AR",35.9272953,-89.9189753
Bogalusa,Louisiana,14220,"Bogalusa, LA",30.7910204,-89.8486858
Boise City,Idaho,14260,"Boise City, ID",43.6150186,-116.2023137
Bonham,Texas,14300,"Bonham, TX",33.5773275,-96.1783111
Boone,Iowa,14340,"Boone, IA",42.0597047,-93.8802273
Boone,North Carolina,14380,"Boone, NC",36.216795,-81.6745517
Borger,Texas,14420,"Borger, TX",35.6678203,-101.3973876
Boston,Massachusetts,14460,"Boston-Cambridge-Newton, MA-NH",42.3600825,-71.0588801
Cambridge,Massachusetts,14460,"Boston-Cambridge-Newton, MA-NH",42.3736158,-71.1097335
Framingham,Massachusetts,14460,"Boston-Cambridge-Newton, MA-NH",42.279286,-71.4161565
Newton,Massachusetts,14460,"Boston-Cambridge-Newton, MA-NH",42.3370413,-71.2092214
Waltham,Massachusetts,14460,"Boston-Cambridge-Newton, MA-NH",42.3764852,-71.2356113
Boulder,Colorado,14500,"Boulder, CO",40.0149856,-105.2705456
Bowling Green,Kentucky,14540,"Bowling Green, KY",36.9685219,-86.4808043
Bozeman,Montana,14580,"Bozeman, MT",45.6769979,-111.0429339
Bradford,Pennsylvania,14620,"Bradford, PA",41.9564953,-78.649163
Brainerd,Minnesota,14660,"Brainerd, MN",46.3526733,-94.2020084
Branson,Missouri,14700,"Branson, MO",36.6436731,-93.2185144
Breckenridge,Colorado,14720,"Breckenridge, CO",39.4816537,-106.0383518
Bremerton,Washington,14740,"Bremerton-Silverdale, WA",47.5650067,-122.6269768
Silverdale,Washington,14740,"Bremerton-Silverdale, WA",47.6445386,-122.6948697
Brenham,Texas,14780,"Brenham, TX",30.1668828,-96.3977442
Brevard,North Carolina,14820,"Brevard, NC",35.2334472,-82.7342919
Bridgeport,Connecticut,14860,"Bridgeport-Stamford-Norwalk, CT",41.1792258,-73.1894384
Danbury,Connecticut,14860,"Bridgeport-Stamford-Norwalk, CT",41.394817,-73.4540111
Norwalk,Connecticut,14860,"Bridgeport-Stamford-Norwalk, CT",41.117744,-73.4081575
Stamford,Connecticut,14860,"Bridgeport-Stamford-Norwalk, CT",41.0534302,-73.5387341
Stratford,Connecticut,14860,"Bridgeport-Stamford-Norwalk, CT",41.1845415,-73.1331651
Brookhaven,Mississippi,15020,"Brookhaven, MS",31.5790588,-90.4406506
Brookings,Oregon,15060,"Brookings, OR",42.0526114,-124.2839819
Brookings,South Dakota,15100,"Brookings, SD",44.3113573,-96.7983877
Brownsville,Tennessee,15140,"Brownsville, TN",35.5939671,-89.262291
Brownsville,Texas,15180,"Brownsville-Harlingen, TX",25.9017472,-97.4974838
Harlingen,Texas,15180,"Brownsville-Harlingen, TX",26.1906306,-97.6961026
Brownwood,Texas,15220,"Brownwood, TX",31.7093197,-98.9911611
Brunswick,Georgia,15260,"Brunswick, GA",31.1499528,-81.4914894
Bucyrus,Ohio,15340,"Bucyrus, OH",40.8083909,-82.9754649
Buffalo,New York,15380,"Buffalo-Cheektowaga-Niagara Falls, NY",42.8864468,-78.8783689
Cheektowaga,New York,15380,"Buffalo-Cheektowaga-Niagara Falls, NY",42.9071477,-78.7542892
Niagara Falls,New York,15380,"Buffalo-Cheektowaga-Niagara Falls, NY",43.0962143,-79.0377388
Burley,Idaho,15420,"Burley, ID",42.5357428,-113.7927948
Burlington,Iowa,15460,"Burlington, IA-IL",40.8076529,-91.1128901
Burlington,North Carolina,15500,"Burlington, NC",36.0956918,-79.4377991
Burlington,Vermont,15540,"Burlington-South Burlington, VT",44.4758825,-73.212072
South Burlington,Vermont,15540,"Burlington-South Burlington, VT",44.4669941,-73.1709604
Butte-Silver Bow (balance),Montana,15580,"Butte-Silver Bow, MT",45.9978936,-112.5359941
Cadillac,Michigan,15620,"Cadillac, MI",44.2519526,-85.4011619
Calhoun,Georgia,15660,"Calhoun, GA",34.502587,-84.9510542
California,Maryland,15680,"California-Lexington Park, MD",38.3004029,-76.5074542
Lexington Park,Maryland,15680,"California-Lexington Park, MD",38.2575517,-76.4620928
Cambridge,Maryland,15700,"Cambridge, MD",38.5631744,-76.0788292
Cambridge,Ohio,15740,"Cambridge, OH",40.031183,-81.5884561
Camden,Arkansas,15780,"Camden, AR",33.5845581,-92.8343294
Campbellsville,Kentucky,15820,"Campbellsville, KY",37.3433974,-85.3419069
Cañon City,Colorado,15860,"Cañon City, CO",38.4494063,-105.2253316
Canton,Illinois,15900,"Canton, IL",40.5580945,-90.0351167
Canton,Ohio,15940,"Canton-Massillon, OH",40.7989473,-81.378447
Massillon,Ohio,15940,"Canton-Massillon, OH",40.7967244,-81.5215093
Cape Coral,Florida,15980,"Cape Coral-Fort Myers, FL",26.5628537,-81.9495331
Fort Myers,Florida,15980,"Cape Coral-Fort Myers, FL",26.640628,-81.8723084
Cape Girardeau,Illinois,16020,"Cape Girardeau, MO-IL",37.2958838,-89.4962024
Carbondale,Illinois,16060,"Carbondale-Marion, IL",37.7272727,-89.2167501
Marion,Illinois,16060,"Carbondale-Marion, IL",37.7306054,-88.9331256
Artesia,New Mexico,16100,"Carlsbad-Artesia, NM",32.8423345,-104.4032962
Carlsbad,New Mexico,16100,"Carlsbad-Artesia, NM",32.4206736,-104.2288375
Carroll,Iowa,16140,"Carroll, IA",42.0655986,-94.8672793
Carson City,Nevada,16180,"Carson City, NV",39.1637984,-119.7674034
Casper,Wyoming,16220,"Casper, WY",42.8500769,-106.3251749
Cedar City,Utah,16260,"Cedar City, UT",37.6774769,-113.0618931
Cedar Rapids,Iowa,16300,"Cedar Rapids, IA",41.9778795,-91.6656232
Cedartown,Georgia,16340,"Cedartown, GA",34.0112715,-85.2565823
Celina,Ohio,16380,"Celina, OH",40.5489358,-84.5702338
Central City,Kentucky,16420,"Central City, KY",37.2939322,-87.1233292
Centralia,Illinois,16460,"Centralia, IL",38.5285169,-89.1316944
Centralia,Washington,16500,"Centralia, WA",46.7162136,-122.9542972
Chambersburg,Pennsylvania,16540,"Chambersburg-Waynesboro, PA",39.9375911,-77.6611022
Waynesboro,Pennsylvania,16540,"Chambersburg-Waynesboro, PA",39.755927,-77.5777692
Champaign,Illinois,16580,"Champaign-Urbana, IL",40.1164204,-88.2433829
Urbana,Illinois,16580,"Champaign-Urbana, IL",40.1105875,-88.2072697
Charleston,West Virginia,16620,"Charleston, WV",38.3498195,-81.6326234
Charleston,Illinois,16660,"Charleston-Mattoon, IL",39.4961458,-88.1761521
Mattoon,Illinois,16660,"Charleston-Mattoon, IL",39.4830897,-88.3728255
Charleston,South Carolina,16700,"Charleston-North Charleston, SC",32.7764749,-79.9310512
North Charleston,South Carolina,16700,"Charleston-North Charleston, SC",32.8771106,-80.0130514
Charlotte,,16740,"Charlotte-Concord-Gastonia, NC-SC",27.0066639,-82.1307735
Concord,,16740,"Charlotte-Concord-Gastonia, NC-SC",37.9771721,-122.0350505
Gastonia,,16740,"Charlotte-Concord-Gastonia, NC-SC",35.262082,-81.1873005
Rock Hill,South Carolina,16740,"Charlotte-Concord-Gastonia, NC-SC",34.9248667,-81.0250784
Charlottesville,Virginia,16820,"Charlottesville, VA",38.0293059,-78.4766781
Chattanooga,Tennessee,16860,"Chattanooga, TN-GA",35.0456297,-85.3096801
Cheyenne,Wyoming,16940,"Cheyenne, WY",41.1399814,-104.8202462
Arlington Heights,Illinois,16980,"Chicago-Naperville-Elgin, IL-IN-WI",42.0883603,-87.9806265
Chicago,,16980,"Chicago-Naperville-Elgin, IL-IN-WI",41.9354416,-87.6595331
Des Plaines,Illinois,16980,"Chicago-Naperville-Elgin, IL-IN-WI",42.0333623,-87.8833991
Elgin,,16980,"Chicago-Naperville-Elgin, IL-IN-WI",42.0354084,-88.2825668
Evanston,Illinois,16980,"Chicago-Naperville-Elgin, IL-IN-WI",42.0450722,-87.6876969
Hoffman Estates,Illinois,16980,"Chicago-Naperville-Elgin, IL-IN-WI",42.0629915,-88.1227199
Naperville,Illinois,16980,"Chicago-Naperville-Elgin, IL-IN-WI",41.7508391,-88.1535352
Schaumburg,Illinois,16980,"Chicago-Naperville-Elgin, IL-IN-WI",42.0333607,-88.0834059
Skokie,Illinois,16980,"Chicago-Naperville-Elgin, IL-IN-WI",42.0324025,-87.7416246
Gary,Indiana,16980,"Chicago-Naperville-Elgin, IL-IN-WI",41.6020403,-87.3371523
Chico,California,17020,"Chico, CA",39.7284944,-121.8374777
Chillicothe,Ohio,17060,"Chillicothe, OH",39.3331197,-82.9824019
Cincinnati,Ohio,17140,"Cincinnati, OH-KY-IN",39.1031182,-84.5120196
Claremont,New Hampshire,17200,"Claremont-Lebanon, NH-VT",43.3728635,-72.3378744
Lebanon,New Hampshire,17200,"Claremont-Lebanon, NH-VT",43.6422934,-72.2517569
Clarksburg,West Virginia,17220,"Clarksburg, WV",39.2806451,-80.3445341
Clarksdale,Mississippi,17260,"Clarksdale, MS",34.2001086,-90.5709323
Clarksville,Tennessee,17300,"Clarksville, TN-KY",36.5297706,-87.3594528
Clearlake,California,17340,"Clearlake, CA",38.9582307,-122.6263728
Cleveland,Mississippi,17380,"Cleveland, MS",33.7440023,-90.7248187
Cleveland,Tennessee,17420,"Cleveland, TN",35.1595182,-84.8766115
Cleveland,Ohio,17460,"Cleveland-Elyria, OH",41.49932,-81.6943605
Elyria,Ohio,17460,"Cleveland-Elyria, OH",41.3683798,-82.1076486
Clewiston,Florida,17500,"Clewiston, FL",26.7542312,-80.9336753
Clinton,Iowa,17540,"Clinton, IA",41.8444735,-90.1887379
Clovis,New Mexico,17580,"Clovis, NM",34.4047987,-103.2052272
Coamo,Puerto Rico,17620,"Coamo, PR",18.0799616,-66.3579473
Coco,Puerto Rico,17640,"Coco, PR",18.4474018,-66.6821821
Coeur d'Alene,Idaho,17660,"Coeur d'Alene, ID",47.6734632,-116.7812225
Coffeyville,Kansas,17700,"Coffeyville, KS",37.0373005,-95.6163665
Coldwater,Michigan,17740,"Coldwater, MI",41.9403263,-85.0005215
Bryan,Texas,17780,"College Station-Bryan, TX",30.6743643,-96.3699632
College Station,Texas,17780,"College Station-Bryan, TX",30.627977,-96.3344068
Colorado Springs,Colorado,17820,"Colorado Springs, CO",38.8338816,-104.8213634
Columbia,Missouri,17860,"Columbia, MO",38.9517053,-92.3340724
Columbia,South Carolina,17900,"Columbia, SC",34.0007104,-81.0348144
Columbus,Georgia,17980,"Columbus, GA-AL",32.4609764,-84.9877094
Columbus,Indiana,18020,"Columbus, IN",39.2014404,-85.9213796
Columbus,Mississippi,18060,"Columbus, MS",33.4956744,-88.4272627
Columbus,Nebraska,18100,"Columbus, NE",41.4302973,-97.3593904
Columbus,Ohio,18140,"Columbus, OH",39.9611755,-82.9987942
Concord,New Hampshire,18180,"Concord, NH",43.2081366,-71.5375718
Connersville,Indiana,18220,"Connersville, IN",39.6411589,-85.1410748
Cookeville,Tennessee,18260,"Cookeville, TN",36.162839,-85.5016423
Coos Bay,Oregon,18300,"Coos Bay, OR",43.3665007,-124.2178903
Cordele,Georgia,18380,"Cordele, GA",31.9635074,-83.7823938
Corinth,Mississippi,18420,"Corinth, MS",34.9342548,-88.5222702
Cornelia,Georgia,18460,"Cornelia, GA",34.5114883,-83.5271166
Corning,New York,18500,"Corning, NY",42.1428521,-77.0546903
Corpus Christi,Texas,18580,"Corpus Christi, TX",27.8005828,-97.396381
Corsicana,Texas,18620,"Corsicana, TX",32.0954304,-96.4688727
Cortland,New York,18660,"Cortland, NY",42.6011813,-76.1804843
Corvallis,Oregon,18700,"Corvallis, OR",44.5645659,-123.2620435
Coshocton,Ohio,18740,"Coshocton, OH",40.2720151,-81.8595756
Craig,Colorado,18780,"Craig, CO",40.5152491,-107.5464541
Crawfordsville,Indiana,18820,"Crawfordsville, IN",40.0411536,-86.8744516
Crescent City,California,18860,"Crescent City, CA",41.7557501,-124.2025913
Crestview,Florida,18880,"Crestview-Fort Walton Beach-Destin, FL",30.7541808,-86.5727995
Destin,Florida,18880,"Crestview-Fort Walton Beach-Destin, FL",30.3935337,-86.4957833
Fort Walton Beach,Florida,18880,"Crestview-Fort Walton Beach-Destin, FL",30.4200708,-86.6170308
Crossville,Tennessee,18900,"Crossville, TN",35.9489566,-85.0269014
Cullman,Alabama,18980,"Cullman, AL",34.1748208,-86.8436124
Cullowhee,North Carolina,19000,"Cullowhee, NC",35.3137111,-83.1765333
Cumberland,Maryland,19060,"Cumberland, MD-WV",39.6528654,-78.7625185
Arlington,Texas,19100,"Dallas-Fort Worth-Arlington, TX",32.735687,-97.1080656
Dallas,Texas,19100,"Dallas-Fort Worth-Arlington, TX",32.7766642,-96.7969879
Denton,Texas,19100,"Dallas-Fort Worth-Arlington, TX",33.2148412,-97.1330683
Fort Worth,Texas,19100,"Dallas-Fort Worth-Arlington, TX",32.7554883,-97.3307658
Irving,Texas,19100,"Dallas-Fort Worth-Arlington, TX",32.8140177,-96.9488945
Plano,Texas,19100,"Dallas-Fort Worth-Arlington, TX",33.0198431,-96.6988856
Richardson,Texas,19100,"Dallas-Fort Worth-Arlington, TX",32.9483335,-96.7298519
Dalton,Georgia,19140,"Dalton, GA",34.7698021,-84.9702228
Danville,Illinois,19180,"Danville, IL",40.124481,-87.6300207
Danville,Kentucky,19220,"Danville, KY",37.6456329,-84.7721702
Danville,Virginia,19260,"Danville, VA",36.5859718,-79.3950228
Daphne,Alabama,19300,"Daphne-Fairhope-Foley, AL",30.6035255,-87.9036047
Fairhope,Alabama,19300,"Daphne-Fairhope-Foley, AL",30.5229719,-87.9033261
Foley,Alabama,19300,"Daphne-Fairhope-Foley, AL",30.4065868,-87.6835974
Moline,Illinois,19340,"Davenport-Moline-Rock Island, IA-IL",41.5067003,-90.5151342
Rock Island,Illinois,19340,"Davenport-Moline-Rock Island, IA-IL",41.5094771,-90.5787476
Davenport,Iowa,19340,"Davenport-Moline-Rock Island, IA-IL",41.5236437,-90.5776367
Dayton,Ohio,19380,"Dayton, OH",39.7589478,-84.1916069
Dayton,Tennessee,19420,"Dayton, TN",35.4939587,-85.0124535
Decatur,Alabama,19460,"Decatur, AL",34.6059253,-86.9833417
Decatur,Illinois,19500,"Decatur, IL",39.8403147,-88.9548001
Decatur,Indiana,19540,"Decatur, IN",40.830603,-84.9291329
Defiance,Ohio,19580,"Defiance, OH",41.2844933,-84.3557802
Del Rio,Texas,19620,"Del Rio, TX",29.3708857,-100.8958674
Daytona Beach,Florida,19660,"Deltona-Daytona Beach-Ormond Beach, FL",29.2108147,-81.0228331
Deltona,Florida,19660,"Deltona-Daytona Beach-Ormond Beach, FL",28.9005446,-81.2636738
Ormond Beach,Florida,19660,"Deltona-Daytona Beach-Ormond Beach, FL",29.2858129,-81.0558894
Deming,New Mexico,19700,"Deming, NM",32.2686981,-107.7586404
Aurora,Colorado,19740,"Denver-Aurora-Lakewood, CO",39.7294319,-104.8319195
Broomfield,Colorado,19740,"Denver-Aurora-Lakewood, CO",39.9205411,-105.0866504
Denver,Colorado,19740,"Denver-Aurora-Lakewood, CO",39.7392358,-104.990251
Lakewood,Colorado,19740,"Denver-Aurora-Lakewood, CO",39.7047095,-105.0813734
DeRidder,Louisiana,19760,"DeRidder, LA",30.8463055,-93.2890527
Des Moines,Iowa,19780,"Des Moines-West Des Moines, IA",41.5868353,-93.6249593
West Des Moines,Iowa,19780,"Des Moines-West Des Moines, IA",41.5638902,-93.7593841
Dearborn,Michigan,19820,"Detroit-Warren-Dearborn, MI",42.3222599,-83.1763145
Detroit,Michigan,19820,"Detroit-Warren-Dearborn, MI",42.331427,-83.0457538
Farmington Hills,Michigan,19820,"Detroit-Warren-Dearborn, MI",42.4989936,-83.3677168
Livonia,Michigan,19820,"Detroit-Warren-Dearborn, MI",42.36837,-83.3527097
Novi,Michigan,19820,"Detroit-Warren-Dearborn, MI",42.48059,-83.4754913
Pontiac,Michigan,19820,"Detroit-Warren-Dearborn, MI",42.6389216,-83.2910468
Southfield,Michigan,19820,"Detroit-Warren-Dearborn, MI",42.4733688,-83.2218731
Taylor,Michigan,19820,"Detroit-Warren-Dearborn, MI",42.240872,-83.2696509
Troy,Michigan,19820,"Detroit-Warren-Dearborn, MI",42.6064095,-83.1497751
Warren,Michigan,19820,"Detroit-Warren-Dearborn, MI",42.5144566,-83.0146526
Dickinson,North Dakota,19860,"Dickinson, ND",46.8791756,-102.7896242
Dixon,Illinois,19940,"Dixon, IL",41.8389213,-89.4795478
Dodge City,Kansas,19980,"Dodge City, KS",37.7527982,-100.0170787
Dothan,Alabama,20020,"Dothan, AL",31.2232313,-85.3904888
Douglas,Georgia,20060,"Douglas, GA",31.5088073,-82.8498654
Dover,Delaware,20100,"Dover, DE",39.158168,-75.5243682
Dublin,Georgia,20140,"Dublin, GA",32.5404447,-82.903754
DuBois,Pennsylvania,20180,"DuBois, PA",41.1210115,-78.7583257
Dubuque,Iowa,20220,"Dubuque, IA",42.5022661,-90.6654675
Duluth,Minnesota,20260,"Duluth, MN-WI",46.7866719,-92.1004852
Dumas,Texas,20300,"Dumas, TX",35.8653789,-101.9732236
Duncan,Oklahoma,20340,"Duncan, OK",34.5023028,-97.9578128
Dunn,North Carolina,20380,"Dunn, NC",35.3062743,-78.6089028
Durango,Colorado,20420,"Durango, CO",37.27528,-107.8800667
Durant,Oklahoma,20460,"Durant, OK",33.9924186,-96.3971233
Chapel Hill,North Carolina,20500,"Durham-Chapel Hill, NC",35.9131996,-79.0558445
Durham,North Carolina,20500,"Durham-Chapel Hill, NC",35.9940329,-78.898619
Dyersburg,Tennessee,20540,"Dyersburg, TN",36.0345159,-89.3856281
Eagle Pass,Texas,20580,"Eagle Pass, TX",28.7091433,-100.4995214
Easton,Maryland,20660,"Easton, MD",38.7742826,-76.0763305
East Stroudsburg,Pennsylvania,20700,"East Stroudsburg, PA",41.0030522,-75.1817547
Eau Claire,Wisconsin,20740,"Eau Claire, WI",44.811349,-91.4984941
Edwards,Colorado,20780,"Edwards, CO",39.644986,-106.5942
Effingham,Illinois,20820,"Effingham, IL",39.1200418,-88.5433829
El Campo,Texas,20900,"El Campo, TX",29.1966405,-96.2696867
El Centro,California,20940,"El Centro, CA",32.792,-115.5630514
El Dorado,Arkansas,20980,"El Dorado, AR",33.20763,-92.6662674
Elizabeth City,North Carolina,21020,"Elizabeth City, NC",36.2946008,-76.2510461
Elizabethtown,Kentucky,21060,"Elizabethtown-Fort Knox, KY",37.7030646,-85.8649408
Fort Knox,Kentucky,21060,"Elizabethtown-Fort Knox, KY",37.8836637,-85.9652686
Elk City,Oklahoma,21120,"Elk City, OK",35.4119944,-99.4042592
Elkhart,Indiana,21140,"Elkhart-Goshen, IN",41.6819935,-85.9766671
Goshen,Indiana,21140,"Elkhart-Goshen, IN",41.5822716,-85.8344383
Elkins,West Virginia,21180,"Elkins, WV",38.9259397,-79.8467349
Elko,Nevada,21220,"Elko, NV",40.8324211,-115.7631232
Ellensburg,Washington,21260,"Ellensburg, WA",46.9965144,-120.5478474
Elmira,New York,21300,"Elmira, NY",42.0897965,-76.8077338
El Paso,Texas,21340,"El Paso, TX",31.7618778,-106.4850217
Emporia,Kansas,21380,"Emporia, KS",38.403903,-96.1816626
Enid,Oklahoma,21420,"Enid, OK",36.3955891,-97.8783911
Enterprise,Alabama,21460,"Enterprise, AL",31.3151708,-85.8552161
Erie,Pennsylvania,21500,"Erie, PA",42.1292241,-80.085059
Escanaba,Michigan,21540,"Escanaba, MI",45.7452466,-87.0645801
Española,New Mexico,21580,"Española, NM",35.9910383,-106.0818233
Eufaula,Alabama,21640,"Eufaula, AL-GA",31.8912717,-85.1454876
Eugene,Oregon,21660,"Eugene, OR",44.0520691,-123.0867536
Arcata,California,21700,"Eureka-Arcata-Fortuna, CA",40.8665166,-124.0828396
Eureka,California,21700,"Eureka-Arcata-Fortuna, CA",40.8020712,-124.1636729
Fortuna,California,21700,"Eureka-Arcata-Fortuna, CA",40.5981867,-124.1572756
Evanston,Wyoming,21740,"Evanston, WY",41.2682794,-110.9632373
Evansville,Indiana,21780,"Evansville, IN-KY",37.9715592,-87.5710898
Fairbanks,Alaska,21820,"Fairbanks, AK",64.8377778,-147.7163888
Fairfield,Iowa,21840,"Fairfield, IA",41.0076114,-91.9636914
Fairmont,Minnesota,21860,"Fairmont, MN",43.6521775,-94.4610832
Fairmont,West Virginia,21900,"Fairmont, WV",39.4850848,-80.1425781
Fallon,Nevada,21980,"Fallon, NV",39.4748693,-118.7770407
Fargo,North Dakota,22020,"Fargo, ND-MN",46.8771863,-96.7898034
Faribault,Minnesota,22060,"Faribault-Northfield, MN",44.2949636,-93.268827
Northfield,Minnesota,22060,"Faribault-Northfield, MN",44.4582983,-93.161604
Farmington,Missouri,22100,"Farmington, MO",37.7808846,-90.4217895
Farmington,New Mexico,22140,"Farmington, NM",36.7280583,-108.2186856
Fayetteville,North Carolina,22180,"Fayetteville, NC",35.0526641,-78.8783585
Bentonville,Arkansas,22220,"Fayetteville-Springdale-Rogers, AR-MO",36.3728538,-94.2088172
Fayetteville,Arkansas,22220,"Fayetteville-Springdale-Rogers, AR-MO",36.082156,-94.1718542
Rogers,Arkansas,22220,"Fayetteville-Springdale-Rogers, AR-MO",36.3320196,-94.1185366
Springdale,Arkansas,22220,"Fayetteville-Springdale-Rogers, AR-MO",36.1867442,-94.1288141
Fergus Falls,Minnesota,22260,"Fergus Falls, MN",46.2835212,-96.0777887
Fernley,Nevada,22280,"Fernley, NV",39.6079683,-119.2518349
Findlay,Ohio,22300,"Findlay, OH",41.04422,-83.6499321
Fitzgerald,Georgia,22340,"Fitzgerald, GA",31.7149082,-83.2526545
Flagstaff,Arizona,22380,"Flagstaff, AZ",35.1982836,-111.651302
Flint,Michigan,22420,"Flint, MI",43.0125274,-83.6874562
Florence,South Carolina,22500,"Florence, SC",34.1954331,-79.7625625
Florence,Alabama,22520,"Florence-Muscle Shoals, AL",34.79981,-87.677251
Muscle Shoals,Alabama,22520,"Florence-Muscle Shoals, AL",34.7448112,-87.6675292
Fond du Lac,Wisconsin,22540,"Fond du Lac, WI",43.7730448,-88.4470508
Forest City,North Carolina,22580,"Forest City, NC",35.3340108,-81.8651028
Forrest City,Arkansas,22620,"Forrest City, AR",35.0081474,-90.7898342
Fort Collins,Colorado,22660,"Fort Collins, CO",40.5852602,-105.084423
Fort Dodge,Iowa,22700,"Fort Dodge, IA",42.4974694,-94.1680158
Fort Leonard Wood,Missouri,22780,"Fort Leonard Wood, MO",37.7252315,-92.1646722
Fort Madison,Iowa,22800,"Fort Madison-Keokuk, IA-IL-MO",40.6297634,-91.314535
Keokuk,Iowa,22800,"Fort Madison-Keokuk, IA-IL-MO",40.4044731,-91.3963966
Fort Morgan,Colorado,22820,"Fort Morgan, CO",40.2502582,-103.7999509
Fort Payne,Alabama,22840,"Fort Payne, AL",34.4442547,-85.7196893
Fort Polk South,Louisiana,22860,"Fort Polk South, LA",31.0436081,-93.2219164
Fort Smith,Arkansas,22900,"Fort Smith, AR-OK",35.3859242,-94.3985475
Fort Wayne,Indiana,23060,"Fort Wayne, IN",41.079273,-85.1393513
Frankfort,Indiana,23140,"Frankfort, IN",40.2794809,-86.5108355
Frankfort,Kentucky,23180,"Frankfort, KY",38.2009055,-84.8732835
Fredericksburg,Texas,23240,"Fredericksburg, TX",30.2752011,-98.8719843
Freeport,Illinois,23300,"Freeport, IL",42.2966861,-89.6212271
Fremont,Nebraska,23340,"Fremont, NE",41.4333909,-96.4981467
Fremont,Ohio,23380,"Fremont, OH",41.3503303,-83.1218634
Fresno,California,23420,"Fresno, CA",36.7377981,-119.7871247
Gadsden,Alabama,23460,"Gadsden, AL",34.014264,-86.0066386
Gaffney,South Carolina,23500,"Gaffney, SC",35.0717945,-81.6498195
Gainesville,Florida,23540,"Gainesville, FL",29.6516344,-82.3248262
Gainesville,Georgia,23580,"Gainesville, GA",34.2978794,-83.8240663
Gainesville,Texas,23620,"Gainesville, TX",33.6259414,-97.1333453
Galesburg,Illinois,23660,"Galesburg, IL",40.9478158,-90.3712395
Gallup,New Mexico,23700,"Gallup, NM",35.5280783,-108.7425843
Garden City,Kansas,23780,"Garden City, KS",37.9716898,-100.8726618
Gardnerville Ranchos,Nevada,23820,"Gardnerville Ranchos, NV",38.8882398,-119.7412875
Georgetown,South Carolina,23860,"Georgetown, SC",33.376834,-79.2944964
Gettysburg,Pennsylvania,23900,"Gettysburg, PA",39.8309293,-77.2310955
Gillette,Wyoming,23940,"Gillette, WY",44.2910915,-105.5022205
Glasgow,Kentucky,23980,"Glasgow, KY",36.9958839,-85.9119215
Glens Falls,New York,24020,"Glens Falls, NY",43.3095164,-73.6440058
Glenwood Springs,Colorado,24060,"Glenwood Springs, CO",39.5505376,-107.3247762
Gloversville,New York,24100,"Gloversville, NY",43.0528506,-74.3437467
Goldsboro,North Carolina,24140,"Goldsboro, NC",35.3848841,-77.9927651
Grand Forks,North Dakota,24220,"Grand Forks, ND-MN",47.9252568,-97.0328547
Grand Island,Nebraska,24260,"Grand Island, NE",40.9263957,-98.3420118
Grand Junction,Colorado,24300,"Grand Junction, CO",39.0638705,-108.5506486
Grand Rapids,Minnesota,24330,"Grand Rapids, MN",47.2371658,-93.5302142
Grand Rapids,Michigan,24340,"Grand Rapids-Wyoming, MI",42.9633599,-85.6680863
Wyoming,Michigan,24340,"Grand Rapids-Wyoming, MI",42.9133602,-85.7053085
Grants,New Mexico,24380,"Grants, NM",35.14726,-107.8514466
Grants Pass,Oregon,24420,"Grants Pass, OR",42.4390069,-123.3283925
Great Bend,Kansas,24460,"Great Bend, KS",38.3644567,-98.7648073
Great Falls,Montana,24500,"Great Falls, MT",47.5052849,-111.3007715
Greeley,Colorado,24540,"Greeley, CO",40.4233142,-104.7091322
Green Bay,Wisconsin,24580,"Green Bay, WI",44.5133188,-88.0132958
Greeneville,Tennessee,24620,"Greeneville, TN",36.1631574,-82.8309861
Greenfield Town,Massachusetts,24640,"Greenfield Town, MA",42.587915,-72.5994104
Greensboro,North Carolina,24660,"Greensboro-High Point, NC",36.0726354,-79.7919754
High Point,North Carolina,24660,"Greensboro-High Point, NC",35.9556923,-80.0053176
Greensburg,Indiana,24700,"Greensburg, IN",39.3372722,-85.483581
Greenville,Mississippi,24740,"Greenville, MS",33.399661,-91.0377029
Greenville,North Carolina,24780,"Greenville, NC",35.612661,-77.3663538
Greenville,Ohio,24820,"Greenville, OH",40.1028264,-84.6330115
Anderson,South Carolina,24860,"Greenville-Anderson-Mauldin, SC",34.5034394,-82.6501332
Easley,South Carolina,24860,"Greenville-Anderson-Mauldin, SC",34.829838,-82.6015206
Greenville,South Carolina,24860,"Greenville-Anderson-Mauldin, SC",34.8526176,-82.3940104
Mauldin,South Carolina,24860,"Greenville-Anderson-Mauldin, SC",34.77873,-82.310119
Greenwood,Mississippi,24900,"Greenwood, MS",33.5162315,-90.1795281
Greenwood,South Carolina,24940,"Greenwood, SC",34.1954001,-82.1617883
Grenada,Mississippi,24980,"Grenada, MS",33.7690049,-89.8084192
Guayama,Puerto Rico,25020,"Guayama, PR",17.9841328,-66.1137767
Biloxi,Mississippi,25060,"Gulfport-Biloxi-Pascagoula, MS",30.3960318,-88.8853078
Gulfport,Mississippi,25060,"Gulfport-Biloxi-Pascagoula, MS",30.3674198,-89.0928155
Pascagoula,Mississippi,25060,"Gulfport-Biloxi-Pascagoula, MS",30.3657552,-88.5561272
Guymon,Oklahoma,25100,"Guymon, OK",36.6828041,-101.4815493
Hagerstown,Maryland,25180,"Hagerstown-Martinsburg, MD-WV",39.6417629,-77.7199932
Martinsburg,West Virginia,25180,"Hagerstown-Martinsburg, MD-WV",39.4562099,-77.9638869
Hailey,Idaho,25200,"Hailey, ID",43.5196288,-114.3153245
Hammond,Louisiana,25220,"Hammond, LA",30.5043583,-90.4611995
Corcoran,California,25260,"Hanford-Corcoran, CA",36.098007,-119.5604015
Hanford,California,25260,"Hanford-Corcoran, CA",36.3274502,-119.6456844
Hannibal,Missouri,25300,"Hannibal, MO",39.7083789,-91.3584816
Carlisle,Pennsylvania,25420,"Harrisburg-Carlisle, PA",40.2010241,-77.2002745
Harrisburg,Pennsylvania,25420,"Harrisburg-Carlisle, PA",40.2731911,-76.8867008
Harrison,Arkansas,25460,"Harrison, AR",36.2297936,-93.1076765
Harrisonburg,Virginia,25500,"Harrisonburg, VA",38.4495688,-78.8689155
East Hartford,Connecticut,25540,"Hartford-West Hartford-East Hartford, CT",41.7634219,-72.6128339
Hartford,Connecticut,25540,"Hartford-West Hartford-East Hartford, CT",41.7658043,-72.6733723
Middletown,Connecticut,25540,"Hartford-West Hartford-East Hartford, CT",41.5623209,-72.6506488
West Hartford,Connecticut,25540,"Hartford-West Hartford-East Hartford, CT",41.7620842,-72.7420151
Hastings,Nebraska,25580,"Hastings, NE",40.5862583,-98.3898726
Hattiesburg,Mississippi,25620,"Hattiesburg, MS",31.3271189,-89.2903392
Hays,Kansas,25700,"Hays, KS",38.8791783,-99.3267702
Heber,Utah,25720,"Heber, UT",40.5070087,-111.4133234
Helena,Montana,25740,"Helena, MT",46.5891452,-112.0391057
Helena-West Helena,Arkansas,25760,"Helena-West Helena, AR",34.5291,-90.59
Henderson,North Carolina,25780,"Henderson, NC",36.3294305,-78.399201
Hereford,Texas,25820,"Hereford, TX",34.8150622,-102.3977036
Hermiston,Oregon,25840,"Hermiston-Pendleton, OR",45.8404101,-119.2894604
Pendleton,Oregon,25840,"Hermiston-Pendleton, OR",45.672075,-118.7885967
Hickory,North Carolina,25860,"Hickory-Lenoir-Morganton, NC",35.7344538,-81.3444573
Lenoir,North Carolina,25860,"Hickory-Lenoir-Morganton, NC",35.9140196,-81.5389849
Morganton,North Carolina,25860,"Hickory-Lenoir-Morganton, NC",35.7454071,-81.6848188
Hillsdale,Michigan,25880,"Hillsdale, MI",41.9200472,-84.6305101
Hilo,Hawaii,25900,"Hilo, HI",19.7241106,-155.0868193
Beaufort,South Carolina,25940,"Hilton Head Island-Bluffton-Beaufort, SC",32.4315813,-80.6698286
Bluffton,South Carolina,25940,"Hilton Head Island-Bluffton-Beaufort, SC",32.2371465,-80.8603868
Hilton Head Island,South Carolina,25940,"Hilton Head Island-Bluffton-Beaufort, SC",32.216316,-80.752608
Hinesville,Georgia,25980,"Hinesville, GA",31.8315028,-81.6141099
Hobbs,New Mexico,26020,"Hobbs, NM",32.7026116,-103.1360403
Holland,Michigan,26090,"Holland, MI",42.7875235,-86.1089301
Homosassa Springs,Florida,26140,"Homosassa Springs, FL",28.8037059,-82.5761369
Hood River,Oregon,26220,"Hood River, OR",45.7067985,-121.528087
Hope,Arkansas,26260,"Hope, AR",33.6670615,-93.5915665
Hot Springs,Arkansas,26300,"Hot Springs, AR",34.5037004,-93.0551795
Houghton,Michigan,26340,"Houghton, MI",47.1211331,-88.5694182
Houma,Louisiana,26380,"Houma-Thibodaux, LA",29.5957696,-90.7195348
Thibodaux,Louisiana,26380,"Houma-Thibodaux, LA",29.7957633,-90.822871
Baytown,Texas,26420,"Houston-The Woodlands-Sugar Land, TX",29.7355047,-94.9774274
Conroe,Texas,26420,"Houston-The Woodlands-Sugar Land, TX",30.3118769,-95.4560512
Houston,Texas,26420,"Houston-The Woodlands-Sugar Land, TX",29.7604267,-95.3698028
Sugar Land,Texas,26420,"Houston-The Woodlands-Sugar Land, TX",29.5984434,-95.6225521
The Woodlands,Texas,26420,"Houston-The Woodlands-Sugar Land, TX",30.1658207,-95.4612625
Hudson,New York,26460,"Hudson, NY",42.2528649,-73.790959
Huntingdon,Pennsylvania,26500,"Huntingdon, PA",40.4847959,-78.0102813
Huntington,Indiana,26540,"Huntington, IN",40.8831011,-85.497476
Ashland,Kentucky,26580,"Huntington-Ashland, WV-KY-OH",38.4784144,-82.6379387
Huntington,West Virginia,26580,"Huntington-Ashland, WV-KY-OH",38.4192496,-82.445154
Huntsville,Alabama,26620,"Huntsville, AL",34.7303688,-86.5861037
Huntsville,Texas,26660,"Huntsville, TX",30.7235263,-95.5507771
Huron,South Dakota,26700,"Huron, SD",44.3633173,-98.2142572
Hutchinson,Kansas,26740,"Hutchinson, KS",38.0608445,-97.9297743
Hutchinson,Minnesota,26780,"Hutchinson, MN",44.8925483,-94.3692926
Idaho Falls,Idaho,26820,"Idaho Falls, ID",43.4926607,-112.0407584
Indiana,Pennsylvania,26860,"Indiana, PA",40.6214551,-79.1525349
Anderson,Indiana,26900,"Indianapolis-Carmel-Anderson, IN",40.1053196,-85.6802541
Carmel,Indiana,26900,"Indianapolis-Carmel-Anderson, IN",39.978371,-86.1180435
Indianapolis city (balance),Indiana,26900,"Indianapolis-Carmel-Anderson, IN",39.768403,-86.158068
Indianola,Mississippi,26940,"Indianola, MS",33.4509513,-90.6550917
Ionia,Michigan,26960,"Ionia, MI",42.9872547,-85.0711174
Iowa City,Iowa,26980,"Iowa City, IA",41.6611277,-91.5301683
Iron Mountain,Michigan,27020,"Iron Mountain, MI-WI",45.8202334,-88.0659603
Ithaca,New York,27060,"Ithaca, NY",42.4439614,-76.5018807
Jackson,Michigan,27100,"Jackson, MI",42.245869,-84.4013462
Jackson,Mississippi,27140,"Jackson, MS",32.2987573,-90.1848103
Jackson,Ohio,27160,"Jackson, OH",39.0520169,-82.6365536
Jackson,Tennessee,27180,"Jackson, TN",35.6145169,-88.8139469
Jackson,Wyoming,27220,"Jackson, WY-ID",43.4799291,-110.7624282
Jacksonville,Florida,27260,"Jacksonville, FL",30.3321838,-81.655651
Jacksonville,Illinois,27300,"Jacksonville, IL",39.733936,-90.2290098
Jacksonville,North Carolina,27340,"Jacksonville, NC",34.7540524,-77.4302414
Jacksonville,Texas,27380,"Jacksonville, TX",31.963778,-95.2705042
Jamestown,North Dakota,27420,"Jamestown, ND",46.9105438,-98.7084357
Dunkirk,New York,27460,"Jamestown-Dunkirk-Fredonia, NY",42.4795019,-79.3339324
Fredonia,New York,27460,"Jamestown-Dunkirk-Fredonia, NY",42.4400576,-79.3317105
Jamestown,New York,27460,"Jamestown-Dunkirk-Fredonia, NY",42.0970023,-79.2353259
Beloit,Wisconsin,27500,"Janesville-Beloit, WI",42.5083482,-89.0317765
Janesville,Wisconsin,27500,"Janesville-Beloit, WI",42.6827885,-89.0187222
Jasper,Indiana,27540,"Jasper, IN",38.3914418,-86.9311094
Jayuya,Puerto Rico,27580,"Jayuya, PR",18.2185674,-66.5915617
Jefferson,Georgia,27600,"Jefferson, GA",34.1170537,-83.5723876
Jefferson City,Missouri,27620,"Jefferson City, MO",38.5767017,-92.1735164
Jennings,Louisiana,27660,"Jennings, LA",30.2224284,-92.657085
Jesup,Georgia,27700,"Jesup, GA",31.6074365,-81.8853924
Johnson City,Tennessee,27740,"Johnson City, TN",36.3134397,-82.3534727
Johnstown,Pennsylvania,27780,"Johnstown, PA",40.3267407,-78.9219698
Jonesboro,Arkansas,27860,"Jonesboro, AR",35.8422967,-90.704279
Joplin,Missouri,27900,"Joplin, MO",37.0842271,-94.513281
Junction City,Kansas,27920,"Junction City, KS",39.0286093,-96.8313978
Juneau,Alaska,27940,"Juneau, AK",58.3019444,-134.4197221
Kahului,Hawaii,27980,"Kahului-Wailuku-Lahaina, HI",20.8893351,-156.4729469
Lahaina,Hawaii,27980,"Kahului-Wailuku-Lahaina, HI",20.8783333,-156.6825
Wailuku,Hawaii,27980,"Kahului-Wailuku-Lahaina, HI",20.8911111,-156.5047222
Kalamazoo,Michigan,28020,"Kalamazoo-Portage, MI",42.2917069,-85.5872286
Portage,Michigan,28020,"Kalamazoo-Portage, MI",42.2011538,-85.5800022
Kalispell,Montana,28060,"Kalispell, MT",48.1919889,-114.316813
Kankakee,Illinois,28100,"Kankakee, IL",41.1200325,-87.8611531
Kansas City,Kansas,28140,"Kansas City, MO-KS",39.1155314,-94.6267873
Overland Park,Kansas,28140,"Kansas City, MO-KS",38.9822282,-94.6707917
Kansas City,Kansas,28140,"Kansas City, MO-KS",39.1155314,-94.6267873
Kapaa,Hawaii,28180,"Kapaa, HI",22.0881391,-159.3379818
Kearney,Nebraska,28260,"Kearney, NE",40.6993303,-99.0816784
Keene,New Hampshire,28300,"Keene, NH",42.933692,-72.2781409
Kendallville,Indiana,28340,"Kendallville, IN",41.4414384,-85.2649754
Kennett,Missouri,28380,"Kennett, MO",36.2361762,-90.0556493
Kennewick,Washington,28420,"Kennewick-Richland, WA",46.2086683,-119.119948
Richland,Washington,28420,"Kennewick-Richland, WA",46.28042,-119.2751996
Kerrville,Texas,28500,"Kerrville, TX",30.0474332,-99.1403189
Ketchikan,Alaska,28540,"Ketchikan, AK",55.3422222,-131.6461112
Key West,Florida,28580,"Key West, FL",24.5550593,-81.7799871
Kill Devil Hills,North Carolina,28620,"Kill Devil Hills, NC",36.0307226,-75.6760101
Killeen,Texas,28660,"Killeen-Temple, TX",31.1171194,-97.7277959
Temple,Texas,28660,"Killeen-Temple, TX",31.0982344,-97.342782
Bristol,Tennessee,28700,"Kingsport-Bristol-Bristol, TN-VA",36.5951059,-82.1887444
Kingsport,Tennessee,28700,"Kingsport-Bristol-Bristol, TN-VA",36.548434,-82.5618186
Bristol,Tennessee,28700,"Kingsport-Bristol-Bristol, TN-VA",36.5951059,-82.1887444
Kingston,New York,28740,"Kingston, NY",41.9270367,-73.9973608
Kingsville,Texas,28780,"Kingsville, TX",27.5158689,-97.856109
Kinston,North Carolina,28820,"Kinston, NC",35.2626635,-77.5816353
Kirksville,Missouri,28860,"Kirksville, MO",40.1947539,-92.5832496
Klamath Falls,Oregon,28900,"Klamath Falls, OR",42.224867,-121.7816704
Knoxville,Tennessee,28940,"Knoxville, TN",35.9606384,-83.9207392
Kokomo,Indiana,29020,"Kokomo, IN",40.486427,-86.1336033
Laconia,New Hampshire,29060,"Laconia, NH",43.5278546,-71.4703509
La Crosse,Wisconsin,29100,"La Crosse-Onalaska, WI-MN",43.8137751,-91.2519017
Onalaska,Wisconsin,29100,"La Crosse-Onalaska, WI-MN",43.8844092,-91.2351393
Lafayette,Louisiana,29180,"Lafayette, LA",30.2240897,-92.0198427
Lafayette,Indiana,29200,"Lafayette-West Lafayette, IN",40.4167022,-86.8752869
West Lafayette,Indiana,29200,"Lafayette-West Lafayette, IN",40.4258686,-86.9080655
La Grande,Oregon,29260,"La Grande, OR",45.3245771,-118.0877188
LaGrange,Georgia,29300,"LaGrange, GA",33.0362218,-85.0322444
Lake Charles,Louisiana,29340,"Lake Charles, LA",30.2265949,-93.2173758
Lake City,Florida,29380,"Lake City, FL",30.1896756,-82.6392899
Kingman,Arizona,29420,"Lake Havasu City-Kingman, AZ",35.189443,-114.0530065
Lake Havasu City,Arizona,29420,"Lake Havasu City-Kingman, AZ",34.483901,-114.3224548
Lakeland,Florida,29460,"Lakeland-Winter Haven, FL",28.0394654,-81.9498042
Winter Haven,Florida,29460,"Lakeland-Winter Haven, FL",28.0222435,-81.7328567
Lamesa,Texas,29500,"Lamesa, TX",32.7376001,-101.950992
Lancaster,Pennsylvania,29540,"Lancaster, PA",40.0378755,-76.3055144
East Lansing,Michigan,29620,"Lansing-East Lansing, MI",42.7369792,-84.4838654
Lansing,Michigan,29620,"Lansing-East Lansing, MI",42.732535,-84.5555347
Laramie,Wyoming,29660,"Laramie, WY",41.3113669,-105.5911007
Laredo,Texas,29700,"Laredo, TX",27.5035613,-99.5075519
Las Cruces,New Mexico,29740,"Las Cruces, NM",32.3199396,-106.7636538
Las Vegas,New Mexico,29780,"Las Vegas, NM",35.5942137,-105.2227978
Henderson,Nevada,29820,"Las Vegas-Henderson-Paradise, NV",36.0395247,-114.9817213
Las Vegas,Nevada,29820,"Las Vegas-Henderson-Paradise, NV",36.1699412,-115.1398296
Paradise,Nevada,29820,"Las Vegas-Henderson-Paradise, NV",36.0971945,-115.1466648
Laurel,Mississippi,29860,"Laurel, MS",31.6940509,-89.1306124
Laurinburg,North Carolina,29900,"Laurinburg, NC",34.7740494,-79.4628248
Lawrence,Kansas,29940,"Lawrence, KS",38.9716689,-95.2352501
Lawrenceburg,Tennessee,29980,"Lawrenceburg, TN",35.2423023,-87.3347389
Lawton,Oklahoma,30020,"Lawton, OK",34.6035669,-98.3959291
Lebanon,Missouri,30060,"Lebanon, MO",37.6805967,-92.6637865
Lebanon,Pennsylvania,30140,"Lebanon, PA",40.3409251,-76.4113497
Levelland,Texas,30220,"Levelland, TX",33.5873164,-102.37796
Lewisburg,Pennsylvania,30260,"Lewisburg, PA",40.9645293,-76.8844101
Lewisburg,Tennessee,30280,"Lewisburg, TN",35.4492404,-86.7888887
Lewiston,Idaho,30300,"Lewiston, ID-WA",46.4004089,-117.001189
Auburn,Maine,30340,"Lewiston-Auburn, ME",44.0978509,-70.2311655
Lewiston,Maine,30340,"Lewiston-Auburn, ME",44.100351,-70.2147764
Lewistown,Pennsylvania,30380,"Lewistown, PA",40.5992395,-77.571382
Lexington,Nebraska,30420,"Lexington, NE",40.7808398,-99.7415045
Lexington-Fayette,Kentucky,30460,"Lexington-Fayette, KY",38.0405837,-84.5037164
Liberal,Kansas,30580,"Liberal, KS",37.0430812,-100.920999
Lima,Ohio,30620,"Lima, OH",40.742551,-84.1052256
Lincoln,Illinois,30660,"Lincoln, IL",40.1483768,-89.3648183
Lincoln,Nebraska,30700,"Lincoln, NE",40.813616,-96.7025955
Conway,Arkansas,30780,"Little Rock-North Little Rock-Conway, AR",35.0886963,-92.4421011
Little Rock,Arkansas,30780,"Little Rock-North Little Rock-Conway, AR",34.7464809,-92.2895948
North Little Rock,Arkansas,30780,"Little Rock-North Little Rock-Conway, AR",34.769536,-92.2670941
Lock Haven,Pennsylvania,30820,"Lock Haven, PA",41.1370133,-77.4469263
Logan,Utah,30860,"Logan, UT-ID",41.7369803,-111.8338359
Logan,West Virginia,30880,"Logan, WV",37.8487147,-81.9934581
Logansport,Indiana,30900,"Logansport, IN",40.7544843,-86.3566659
London,Kentucky,30940,"London, KY",37.1289771,-84.0832646
Longview,Texas,30980,"Longview, TX",32.5007037,-94.7404891
Longview,Washington,31020,"Longview, WA",46.1381676,-122.9381672
Los Alamos,New Mexico,31060,"Los Alamos, NM",35.8800364,-106.3031138
Anaheim,California,31080,"Los Angeles-Long Beach-Anaheim, CA",33.8365932,-117.9143012
Arcadia,California,31080,"Los Angeles-Long Beach-Anaheim, CA",34.1397292,-118.0353449
Burbank,California,31080,"Los Angeles-Long Beach-Anaheim, CA",34.1808392,-118.3089661
Carson,California,31080,"Los Angeles-Long Beach-Anaheim, CA",33.8316745,-118.281693
Costa Mesa,California,31080,"Los Angeles-Long Beach-Anaheim, CA",33.6638439,-117.9047429
Fountain Valley,California,31080,"Los Angeles-Long Beach-Anaheim, CA",33.7090212,-117.9544069
Gardena,California,31080,"Los Angeles-Long Beach-Anaheim, CA",33.8883487,-118.3089624
Glendale,California,31080,"Los Angeles-Long Beach-Anaheim, CA",34.1425078,-118.255075
Irvine,California,31080,"Los Angeles-Long Beach-Anaheim, CA",33.6845673,-117.8265049
Long Beach,California,31080,"Los Angeles-Long Beach-Anaheim, CA",33.7700504,-118.1937395
Los Angeles,California,31080,"Los Angeles-Long Beach-Anaheim, CA",34.0522342,-118.2436849
Monterey Park,California,31080,"Los Angeles-Long Beach-Anaheim, CA",34.0625106,-118.1228476
Newport Beach,California,31080,"Los Angeles-Long Beach-Anaheim, CA",33.6188829,-117.9298493
Orange,California,31080,"Los Angeles-Long Beach-Anaheim, CA",33.7879139,-117.8531007
Pasadena,California,31080,"Los Angeles-Long Beach-Anaheim, CA",34.1477849,-118.1445155
Santa Ana,California,31080,"Los Angeles-Long Beach-Anaheim, CA",33.7454725,-117.867653
Santa Monica,California,31080,"Los Angeles-Long Beach-Anaheim, CA",34.0194543,-118.4911912
Torrance,California,31080,"Los Angeles-Long Beach-Anaheim, CA",33.8358492,-118.3406288
Tustin,California,31080,"Los Angeles-Long Beach-Anaheim, CA",33.7420005,-117.8236391
Louisville/Jefferson County metro government (balance),,31140,"Louisville/Jefferson County, KY-IN",38.2520235,-85.759409
Lubbock,Texas,31180,"Lubbock, TX",33.5778631,-101.8551665
Ludington,Michigan,31220,"Ludington, MI",43.9552825,-86.4525831
Lufkin,Texas,31260,"Lufkin, TX",31.3382406,-94.729097
Lumberton,North Carolina,31300,"Lumberton, NC",34.6182199,-79.0086424
Lynchburg,Virginia,31340,"Lynchburg, VA",37.4137536,-79.1422464
Macomb,Illinois,31380,"Macomb, IL",40.4592076,-90.6717971
Macon-Bibb County,Georgia,31420,"Macon-Bibb County, GA",32.8406946,-83.6324022
Madera,California,31460,"Madera, CA",36.9613356,-120.0607176
Madison,Indiana,31500,"Madison, IN",38.7358933,-85.3799577
Madison,Wisconsin,31540,"Madison, WI",43.0730517,-89.4012302
Madisonville,Kentucky,31580,"Madisonville, KY",37.3281005,-87.4988882
Magnolia,Arkansas,31620,"Magnolia, AR",33.2670725,-93.239334
Malone,New York,31660,"Malone, NY",44.8486596,-74.2948983
Malvern,Arkansas,31680,"Malvern, AR",34.3623149,-92.8129462
Manchester,New Hampshire,31700,"Manchester-Nashua, NH",42.9956397,-71.4547891
Nashua,New Hampshire,31700,"Manchester-Nashua, NH",42.7653662,-71.467566
Manhattan,Kansas,31740,"Manhattan, KS",39.1836082,-96.5716694
Manitowoc,Wisconsin,31820,"Manitowoc, WI",44.0886059,-87.657584
Mankato,Minnesota,31860,"Mankato-North Mankato, MN",44.1635775,-93.9993996
North Mankato,Minnesota,31860,"Mankato-North Mankato, MN",44.1732996,-94.033845
Mansfield,Ohio,31900,"Mansfield, OH",40.75839,-82.5154471
Marietta,Ohio,31930,"Marietta, OH",39.415352,-81.4548436
Marinette,Wisconsin,31940,"Marinette, WI-MI",45.0999849,-87.6306623
Marion,Indiana,31980,"Marion, IN",40.5583739,-85.6591442
Marion,North Carolina,32000,"Marion, NC",35.6840131,-82.0092745
Marion,Ohio,32020,"Marion, OH",40.5886699,-83.1285242
Marquette,Michigan,32100,"Marquette, MI",46.5436199,-87.3953713
Marshall,Minnesota,32140,"Marshall, MN",44.448423,-95.7911916
Marshall,Missouri,32180,"Marshall, MO",39.1230777,-93.1968704
Marshall,Texas,32220,"Marshall, TX",32.5448714,-94.3674184
Marshalltown,Iowa,32260,"Marshalltown, IA",42.0494674,-92.9080375
Martin,Tennessee,32280,"Martin, TN",36.3433965,-88.8503379
Martinsville,Virginia,32300,"Martinsville, VA",36.6915262,-79.8725386
Maryville,Missouri,32340,"Maryville, MO",40.3461017,-94.8724706
Mason City,Iowa,32380,"Mason City, IA",43.1535728,-93.2010367
Mayagüez,Puerto Rico,32420,"Mayagüez, PR",18.2013452,-67.1451549
Mayfield,Kentucky,32460,"Mayfield, KY",36.7417235,-88.6367154
Maysville,Kentucky,32500,"Maysville, KY",38.6411854,-83.744365
McAlester,Oklahoma,32540,"McAlester, OK",34.9334298,-95.7697131
Edinburg,Texas,32580,"McAllen-Edinburg-Mission, TX",26.3017374,-98.1633432
McAllen,Texas,32580,"McAllen-Edinburg-Mission, TX",26.2034071,-98.2300124
Mission,Texas,32580,"McAllen-Edinburg-Mission, TX",26.2159066,-98.3252932
McComb,Mississippi,32620,"McComb, MS",31.2437872,-90.4531535
McMinnville,Tennessee,32660,"McMinnville, TN",35.6865889,-85.7801453
McPherson,Kansas,32700,"McPherson, KS",38.3708415,-97.6642087
Meadville,Pennsylvania,32740,"Meadville, PA",41.6414438,-80.1514484
Medford,Oregon,32780,"Medford, OR",42.3265152,-122.8755949
Memphis,Tennessee,32820,"Memphis, TN-MS-AR",35.1495343,-90.0489801
Menomonie,Wisconsin,32860,"Menomonie, WI",44.8755183,-91.9193422
Merced,California,32900,"Merced, CA",37.3021632,-120.4829677
Meridian,Mississippi,32940,"Meridian, MS",32.3643098,-88.703656
Merrill,Wisconsin,32980,"Merrill, WI",45.1805223,-89.683459
Mexico,Missouri,33020,"Mexico, MO",39.1730652,-91.887271
Miami,Oklahoma,33060,"Miami, OK",36.8745146,-94.8774554
Boca Raton,Florida,33100,"Miami-Fort Lauderdale-West Palm Beach, FL",26.3683064,-80.1289321
Deerfield Beach,Florida,33100,"Miami-Fort Lauderdale-West Palm Beach, FL",26.3184123,-80.0997657
Delray Beach,Florida,33100,"Miami-Fort Lauderdale-West Palm Beach, FL",26.4614625,-80.0728201
Fort Lauderdale,Florida,33100,"Miami-Fort Lauderdale-West Palm Beach, FL",26.1224386,-80.1373174
Jupiter,Florida,33100,"Miami-Fort Lauderdale-West Palm Beach, FL",26.9342246,-80.0942087
Kendall,Florida,33100,"Miami-Fort Lauderdale-West Palm Beach, FL",25.6660336,-80.357827
Miami,Florida,33100,"Miami-Fort Lauderdale-West Palm Beach, FL",25.7616798,-80.1917902
Miami Beach,Florida,33100,"Miami-Fort Lauderdale-West Palm Beach, FL",25.790654,-80.1300455
Pompano Beach,Florida,33100,"Miami-Fort Lauderdale-West Palm Beach, FL",26.2378597,-80.1247667
West Palm Beach,Florida,33100,"Miami-Fort Lauderdale-West Palm Beach, FL",26.7153424,-80.0533746
La Porte,Indiana,33140,"Michigan City-La Porte, IN",41.611143,-86.7227195
Michigan City,Indiana,33140,"Michigan City-La Porte, IN",41.7075394,-86.8950297
Middlesborough,Kentucky,33180,"Middlesborough, KY",36.6072567,-83.7142848
Midland,Michigan,33220,"Midland, MI",43.6155825,-84.2472116
Midland,Texas,33260,"Midland, TX",31.9973456,-102.0779146
Milledgeville,Georgia,33300,"Milledgeville, GA",33.0801429,-83.2320991
Milwaukee,Wisconsin,33340,"Milwaukee-Waukesha-West Allis, WI",43.0389025,-87.9064736
Waukesha,Wisconsin,33340,"Milwaukee-Waukesha-West Allis, WI",43.0116784,-88.2314813
West Allis,Wisconsin,33340,"Milwaukee-Waukesha-West Allis, WI",43.0166806,-88.0070315
Mineral Wells,Texas,33420,"Mineral Wells, TX",32.8084605,-98.1128223
Bloomington,Minnesota,33460,"Minneapolis-St. Paul-Bloomington, MN-WI",44.840798,-93.2982799
Eagan,Minnesota,33460,"Minneapolis-St. Paul-Bloomington, MN-WI",44.8041322,-93.1668858
Eden Prairie,Minnesota,33460,"Minneapolis-St. Paul-Bloomington, MN-WI",44.8546856,-93.470786
Minneapolis,Minnesota,33460,"Minneapolis-St. Paul-Bloomington, MN-WI",44.977753,-93.2650108
Plymouth,Minnesota,33460,"Minneapolis-St. Paul-Bloomington, MN-WI",45.0105194,-93.4555093
St. Paul,Minnesota,33460,"Minneapolis-St. Paul-Bloomington, MN-WI",44.9537029,-93.0899578
Minot,North Dakota,33500,"Minot, ND",48.2329668,-101.2922906
Missoula,Montana,33540,"Missoula, MT",46.8721284,-113.9940314
Mitchell,South Dakota,33580,"Mitchell, SD",43.7094283,-98.0297992
Moberly,Missouri,33620,"Moberly, MO",39.4183689,-92.4382367
Mobile,Alabama,33660,"Mobile, AL",30.6953657,-88.0398912
Modesto,California,33700,"Modesto, CA",37.6390972,-120.9968782
Monroe,Louisiana,33740,"Monroe, LA",32.5093109,-92.1193012
Monroe,Michigan,33780,"Monroe, MI",41.9164343,-83.3977101
Montgomery,Alabama,33860,"Montgomery, AL",32.3792233,-86.3077368
Montrose,Colorado,33940,"Montrose, CO",38.4783198,-107.8761738
Morehead City,North Carolina,33980,"Morehead City, NC",34.7229391,-76.7260436
Morgan City,Louisiana,34020,"Morgan City, LA",29.6993748,-91.20677
Morgantown,West Virginia,34060,"Morgantown, WV",39.629526,-79.9558968
Morristown,Tennessee,34100,"Morristown, TN",36.2139814,-83.2948922
Moscow,Idaho,34140,"Moscow, ID",46.7323875,-117.000165
Moses Lake,Washington,34180,"Moses Lake, WA",47.1301417,-119.2780771
Moultrie,Georgia,34220,"Moultrie, GA",31.1799407,-83.7888387
Mountain Home,Arkansas,34260,"Mountain Home, AR",36.3353949,-92.381346
Mountain Home,Idaho,34300,"Mountain Home, ID",43.1329504,-115.6911975
Mount Airy,North Carolina,34340,"Mount Airy, NC",36.4993007,-80.6072858
Mount Pleasant,Michigan,34380,"Mount Pleasant, MI",43.5978075,-84.7675139
Mount Pleasant,Texas,34420,"Mount Pleasant, TX",33.1567863,-94.968269
Mount Sterling,Kentucky,34460,"Mount Sterling, KY",38.0564679,-83.9432556
Mount Vernon,Illinois,34500,"Mount Vernon, IL",38.3172714,-88.9031201
Mount Vernon,Ohio,34540,"Mount Vernon, OH",40.3933956,-82.4857181
Anacortes,Washington,34580,"Mount Vernon-Anacortes, WA",48.5126045,-122.6126718
Mount Vernon,Washington,34580,"Mount Vernon-Anacortes, WA",48.4201105,-122.3374543
Muncie,Indiana,34620,"Muncie, IN",40.1933767,-85.3863599
Murray,Kentucky,34660,"Murray, KY",36.6103334,-88.314761
Muscatine,Iowa,34700,"Muscatine, IA",41.424473,-91.0432051
Muskegon,Michigan,34740,"Muskegon, MI",43.2341813,-86.2483921
Muskogee,Oklahoma,34780,"Muskogee, OK",35.7478769,-95.3696909
Conway,South Carolina,34820,"Myrtle Beach-Conway-North Myrtle Beach, SC-NC",33.8360034,-79.0478143
Myrtle Beach,South Carolina,34820,"Myrtle Beach-Conway-North Myrtle Beach, SC-NC",33.6890603,-78.8866943
North Myrtle Beach,South Carolina,34820,"Myrtle Beach-Conway-North Myrtle Beach, SC-NC",33.8160058,-78.680016
Nacogdoches,Texas,34860,"Nacogdoches, TX",31.6035129,-94.6554874
Napa,California,34900,"Napa, CA",38.2975381,-122.286865
Immokalee,Florida,34940,"Naples-Immokalee-Marco Island, FL",26.4185248,-81.4174057
Marco Island,Florida,34940,"Naples-Immokalee-Marco Island, FL",25.9397412,-81.7075355
Naples,Florida,34940,"Naples-Immokalee-Marco Island, FL",26.1420358,-81.7948103
Franklin,Tennessee,34980,"Nashville-Davidson--Murfreesboro--Franklin, TN",35.9250637,-86.8688899
Murfreesboro,Tennessee,34980,"Nashville-Davidson--Murfreesboro--Franklin, TN",35.8456213,-86.39027
Nashville-Davidson metropolitan government (balance),Tennessee,34980,"Nashville-Davidson--Murfreesboro--Franklin, TN",36.1118069,-86.6931293
Natchez,Mississippi,35020,"Natchez, MS-LA",31.5604442,-91.403171
Natchitoches,Louisiana,35060,"Natchitoches, LA",31.7607195,-93.0862749
New Bern,North Carolina,35100,"New Bern, NC",35.108493,-77.0441143
Newberry,South Carolina,35140,"Newberry, SC",34.2745833,-81.6187178
New Castle,Indiana,35220,"New Castle, IN",39.928935,-85.3702476
New Castle,Pennsylvania,35260,"New Castle, PA",41.0036719,-80.347009
Milford city (balance),Connecticut,35300,"New Haven-Milford, CT",41.2306979,-73.064036
New Haven,Connecticut,35300,"New Haven-Milford, CT",41.308274,-72.9278835
Metairie,Louisiana,35380,"New Orleans-Metairie, LA",29.9840922,-90.1528519
New Orleans,Louisiana,35380,"New Orleans-Metairie, LA",29.9510658,-90.0715323
Dover,Ohio,35420,"New Philadelphia-Dover, OH",40.5206198,-81.4740054
New Philadelphia,Ohio,35420,"New Philadelphia-Dover, OH",40.4897871,-81.4456706
Newport,Oregon,35440,"Newport, OR",44.6367836,-124.0534505
Newport,Tennessee,35460,"Newport, TN",35.9670412,-83.1876578
Newton,Iowa,35500,"Newton, IA",41.7033177,-93.0573533
New Ulm,Minnesota,35580,"New Ulm, MN",44.3144394,-94.4593018
Jersey City,New Jersey,35620,"New York-Newark-Jersey City, NY-NJ-PA",40.7177545,-74.0431435
Lakewood,,35620,"New York-Newark-Jersey City, NY-NJ-PA",45.344039,-88.440539
Newark,New Jersey,35620,"New York-Newark-Jersey City, NY-NJ-PA",40.735657,-74.1723667
New Brunswick,,35620,"New York-Newark-Jersey City, NY-NJ-PA",40.5008186,-74.4473991
New York,New York,35620,"New York-Newark-Jersey City, NY-NJ-PA",40.7127753,-74.0059728
White Plains,New York,35620,"New York-Newark-Jersey City, NY-NJ-PA",41.0339862,-73.7629097
Benton Harbor,Michigan,35660,"Niles-Benton Harbor, MI",42.1167065,-86.4541894
Niles,Michigan,35660,"Niles-Benton Harbor, MI",41.8297694,-86.2541768
Nogales,Arizona,35700,"Nogales, AZ",31.3403775,-110.9342532
Norfolk,Nebraska,35740,"Norfolk, NE",42.0327234,-97.4137553
North Platte,Nebraska,35820,"North Platte, NE",41.1402759,-100.7601454
Bradenton,Florida,35840,"North Port-Sarasota-Bradenton, FL",27.4989278,-82.5748194
North Port,Florida,35840,"North Port-Sarasota-Bradenton, FL",27.044224,-82.2359254
Sarasota,Florida,35840,"North Port-Sarasota-Bradenton, FL",27.3364347,-82.5306527
Venice,Florida,35840,"North Port-Sarasota-Bradenton, FL",27.0997775,-82.4542632
North Vernon,Indiana,35860,"North Vernon, IN",39.006165,-85.6235796
North Wilkesboro,North Carolina,35900,"North Wilkesboro, NC",36.1584651,-81.1475841
Norwalk,Ohio,35940,"Norwalk, OH",41.2425531,-82.6157331
New London,Connecticut,35980,"Norwich-New London, CT",41.3556539,-72.0995209
Norwich,Connecticut,35980,"Norwich-New London, CT",41.5242649,-72.0759105
Oak Harbor,Washington,36020,"Oak Harbor, WA",48.2882947,-122.6484205
Ocala,Florida,36100,"Ocala, FL",29.1871986,-82.1400923
Ocean City,New Jersey,36140,"Ocean City, NJ",39.2776156,-74.5746001
Odessa,Texas,36220,"Odessa, TX",31.8456816,-102.3676431
Clearfield,Utah,36260,"Ogden-Clearfield, UT",41.1107771,-112.0260538
Ogden,Utah,36260,"Ogden-Clearfield, UT",41.223,-111.9738304
Massena,New York,36300,"Ogdensburg-Massena, NY",44.9281049,-74.891865
Ogdensburg,New York,36300,"Ogdensburg-Massena, NY",44.6942291,-75.4863364
Oil City,Pennsylvania,36340,"Oil City, PA",41.4339484,-79.7064413
Okeechobee,Florida,36380,"Okeechobee, FL",27.2439349,-80.8297828
Oklahoma City,Oklahoma,36420,"Oklahoma City, OK",35.4675602,-97.5164276
Olean,New York,36460,"Olean, NY",42.083639,-78.429927
Olympia,Washington,36500,"Olympia-Tumwater, WA",47.0378741,-122.9006951
Tumwater,Washington,36500,"Olympia-Tumwater, WA",47.0073187,-122.9093063
Council Bluffs,Iowa,36540,"Omaha-Council Bluffs, NE-IA",41.2619444,-95.8608333
Omaha,Nebraska,36540,"Omaha-Council Bluffs, NE-IA",41.2565369,-95.9345034
Oneonta,New York,36580,"Oneonta, NY",42.4528571,-75.0637746
Ontario,Oregon,36620,"Ontario, OR-ID",44.0265525,-116.9629378
Opelousas,Louisiana,36660,"Opelousas, LA",30.5335302,-92.081509
Orangeburg,South Carolina,36700,"Orangeburg, SC",33.4918203,-80.8556476
Kissimmee,Florida,36740,"Orlando-Kissimmee-Sanford, FL",28.2919557,-81.407571
Orlando,Florida,36740,"Orlando-Kissimmee-Sanford, FL",28.5383355,-81.3792365
Sanford,Florida,36740,"Orlando-Kissimmee-Sanford, FL",28.8028612,-81.269453
Neenah,Wisconsin,36780,"Oshkosh-Neenah, WI",44.1858193,-88.462609
Oshkosh,Wisconsin,36780,"Oshkosh-Neenah, WI",44.0247062,-88.5426136
Oskaloosa,Iowa,36820,"Oskaloosa, IA",41.2916728,-92.6493595
Othello,Washington,36830,"Othello, WA",46.8259742,-119.1752913
Ottawa,Kansas,36840,"Ottawa, KS",38.615768,-95.2686366
Ottawa,Illinois,36860,"Ottawa-Peru, IL",41.3455892,-88.8425769
Peru,Illinois,36860,"Ottawa-Peru, IL",41.3275349,-89.1289728
Ottumwa,Iowa,36900,"Ottumwa, IA",41.0160293,-92.4083022
Owatonna,Minnesota,36940,"Owatonna, MN",44.0855572,-93.2259349
Owensboro,Kentucky,36980,"Owensboro, KY",37.7719074,-87.1111676
Owosso,Michigan,37020,"Owosso, MI",42.9978049,-84.1766358
Oxford,Mississippi,37060,"Oxford, MS",34.3664951,-89.5192484
Oxford,North Carolina,37080,"Oxford, NC",36.3107004,-78.5908345
Camarillo,California,37100,"Oxnard-Thousand Oaks-Ventura, CA",34.2163937,-119.0376023
Oxnard,California,37100,"Oxnard-Thousand Oaks-Ventura, CA",34.1975048,-119.1770516
San Buenaventura (Ventura),California,37100,"Oxnard-Thousand Oaks-Ventura, CA",34.2804923,-119.2945199
Thousand Oaks,California,37100,"Oxnard-Thousand Oaks-Ventura, CA",34.1705609,-118.8375937
Ozark,Alabama,37120,"Ozark, AL",31.459017,-85.640289
Paducah,Kentucky,37140,"Paducah, KY-IL",37.0833893,-88.6000478
Pahrump,Nevada,37220,"Pahrump, NV",36.2082943,-115.9839147
Palatka,Florida,37260,"Palatka, FL",29.6485801,-81.6375819
Palestine,Texas,37300,"Palestine, TX",31.7621153,-95.6307891
Melbourne,Florida,37340,"Palm Bay-Melbourne-Titusville, FL",28.0836269,-80.6081089
Palm Bay,Florida,37340,"Palm Bay-Melbourne-Titusville, FL",28.0344621,-80.5886646
Titusville,Florida,37340,"Palm Bay-Melbourne-Titusville, FL",28.6122187,-80.8075537
Pampa,Texas,37420,"Pampa, TX",35.5361559,-100.9598709
Panama City,Florida,37460,"Panama City, FL",30.1588129,-85.6602058
Paragould,Arkansas,37500,"Paragould, AR",36.0584021,-90.4973286
Paris,Tennessee,37540,"Paris, TN",36.3020023,-88.3267107
Paris,Texas,37580,"Paris, TX",33.6609389,-95.555513
Parkersburg,West Virginia,37620,"Parkersburg-Vienna, WV",39.2667418,-81.5615135
Vienna,West Virginia,37620,"Parkersburg-Vienna, WV",39.3270191,-81.5484578
Parsons,Kansas,37660,"Parsons, KS",37.3403384,-95.2610838
Payson,Arizona,37740,"Payson, AZ",34.2308684,-111.3251355
Pecos,Texas,37780,"Pecos, TX",31.4229124,-103.4932293
Pella,Iowa,37800,"Pella, IA",41.4080327,-92.916405
Brent,Florida,37860,"Pensacola-Ferry Pass-Brent, FL",30.4688079,-87.2360826
Ferry Pass,Florida,37860,"Pensacola-Ferry Pass-Brent, FL",30.5101959,-87.2124711
Pensacola,Florida,37860,"Pensacola-Ferry Pass-Brent, FL",30.421309,-87.2169149
Peoria,Illinois,37900,"Peoria, IL",40.6936488,-89.5889864
Peru,Indiana,37940,"Peru, IN",40.7536528,-86.0688811
Wilmington,Delaware,37980,"Philadelphia-Camden-Wilmington, PA-NJ-DE-MD",39.744655,-75.5483909
Camden,New Jersey,37980,"Philadelphia-Camden-Wilmington, PA-NJ-DE-MD",39.9259463,-75.1196199
Philadelphia,Pennsylvania,37980,"Philadelphia-Camden-Wilmington, PA-NJ-DE-MD",39.9525839,-75.1652215
Mesa,Arizona,38060,"Phoenix-Mesa-Scottsdale, AZ",33.4151843,-111.8314724
Phoenix,Arizona,38060,"Phoenix-Mesa-Scottsdale, AZ",33.4483771,-112.0740373
Scottsdale,Arizona,38060,"Phoenix-Mesa-Scottsdale, AZ",33.4941704,-111.9260519
Tempe,Arizona,38060,"Phoenix-Mesa-Scottsdale, AZ",33.4255104,-111.9400054
Picayune,Mississippi,38100,"Picayune, MS",30.5254692,-89.6795084
Pierre,South Dakota,38180,"Pierre, SD",44.3667876,-100.3537522
Pine Bluff,Arkansas,38220,"Pine Bluff, AR",34.2284312,-92.0031955
Pinehurst,North Carolina,38240,"Pinehurst-Southern Pines, NC",35.1954345,-79.4694767
Southern Pines,North Carolina,38240,"Pinehurst-Southern Pines, NC",35.1740471,-79.3922539
Pittsburg,Kansas,38260,"Pittsburg, KS",37.410884,-94.70496
Pittsburgh,Pennsylvania,38300,"Pittsburgh, PA",40.4406248,-79.9958864
Pittsfield,Massachusetts,38340,"Pittsfield, MA",42.4500845,-73.2453824
Plainview,Texas,38380,"Plainview, TX",34.1847936,-101.7068417
Platteville,Wisconsin,38420,"Platteville, WI",42.73416,-90.4784621
Plattsburgh,New York,38460,"Plattsburgh, NY",44.6994873,-73.4529124
Plymouth,Indiana,38500,"Plymouth, IN",41.3436554,-86.3097278
Pocatello,Idaho,38540,"Pocatello, ID",42.8621042,-112.4506191
Point Pleasant,West Virginia,38580,"Point Pleasant, WV-OH",38.8445251,-82.1370889
Ponca City,Oklahoma,38620,"Ponca City, OK",36.706981,-97.0855948
Ponce,Puerto Rico,38660,"Ponce, PR",18.0110768,-66.6140616
Pontiac,Illinois,38700,"Pontiac, IL",40.8808666,-88.6297839
Poplar Bluff,Missouri,38740,"Poplar Bluff, MO",36.7569994,-90.392888
Portales,New Mexico,38780,"Portales, NM",34.1861922,-103.3343978
Port Angeles,Washington,38820,"Port Angeles, WA",48.118146,-123.4307413
Port Clinton,Ohio,38840,"Port Clinton, OH",41.5119954,-82.9376919
Portland,Maine,38860,"Portland-South Portland, ME",43.6590993,-70.2568189
South Portland,Maine,38860,"Portland-South Portland, ME",43.6414716,-70.2408811
Beaverton,,38900,"Portland-Vancouver-Hillsboro, OR-WA",45.4888761,-122.8013771
Hillsboro,,38900,"Portland-Vancouver-Hillsboro, OR-WA",45.522208,-122.9863281
Portland,Oregon,38900,"Portland-Vancouver-Hillsboro, OR-WA",45.5051064,-122.6750261
Vancouver,,38900,"Portland-Vancouver-Hillsboro, OR-WA",49.3280242,-123.1556756
Port Lavaca,Texas,38920,"Port Lavaca, TX",28.6149968,-96.6260892
Port St. Lucie,Florida,38940,"Port St. Lucie, FL",27.2730492,-80.3582261
Portsmouth,Ohio,39020,"Portsmouth, OH",38.7317431,-82.9976742
Pottsville,Pennsylvania,39060,"Pottsville, PA",40.6856456,-76.195499
Prescott,Arizona,39140,"Prescott, AZ",34.5400242,-112.4685025
Price,Utah,39220,"Price, UT",39.5994095,-110.8107148
Prineville,Oregon,39260,"Prineville, OR",44.2998485,-120.8344664
Providence,Rhode Island,39300,"Providence-Warwick, RI-MA",41.8239891,-71.4128343
Warwick,Rhode Island,39300,"Providence-Warwick, RI-MA",41.7001009,-71.4161671
Orem,Utah,39340,"Provo-Orem, UT",40.2968979,-111.6946475
Provo,Utah,39340,"Provo-Orem, UT",40.2338438,-111.6585337
Pueblo,Colorado,39380,"Pueblo, CO",38.2544472,-104.6091409
Pullman,Washington,39420,"Pullman, WA",46.7297771,-117.1817377
Punta Gorda,Florida,39460,"Punta Gorda, FL",26.9297836,-82.0453664
Quincy,Illinois,39500,"Quincy, IL-MO",39.9356016,-91.4098726
Racine,Wisconsin,39540,"Racine, WI",42.7261309,-87.7828523
Raleigh,North Carolina,39580,"Raleigh, NC",35.7795897,-78.6381787
Rapid City,South Dakota,39660,"Rapid City, SD",44.0805434,-103.2310149
Raymondville,Texas,39700,"Raymondville, TX",26.4814565,-97.783051
Reading,Pennsylvania,39740,"Reading, PA",40.3356483,-75.9268747
Red Bluff,California,39780,"Red Bluff, CA",40.1784886,-122.2358302
Redding,California,39820,"Redding, CA",40.5865396,-122.3916754
Red Wing,Minnesota,39860,"Red Wing, MN",44.5660691,-92.5369563
Reno,Nevada,39900,"Reno, NV",39.5296329,-119.8138027
Rexburg,Idaho,39940,"Rexburg, ID",43.8231096,-111.7924237
Richmond,Indiana,39980,"Richmond, IN",39.8289369,-84.8902382
Richmond,Virginia,40060,"Richmond, VA",37.5407246,-77.4360481
Berea,Kentucky,40080,"Richmond-Berea, KY",37.568694,-84.2963223
Richmond,Kentucky,40080,"Richmond-Berea, KY",37.7478572,-84.2946539
Rio Grande City,Texas,40100,"Rio Grande City, TX",26.3797874,-98.8203046
Chino,California,40140,"Riverside-San Bernardino-Ontario, CA",34.0122346,-117.688944
Corona,California,40140,"Riverside-San Bernardino-Ontario, CA",33.8752935,-117.5664384
Ontario,California,40140,"Riverside-San Bernardino-Ontario, CA",34.0633443,-117.6508876
Redlands,California,40140,"Riverside-San Bernardino-Ontario, CA",34.0555693,-117.1825381
Riverside,California,40140,"Riverside-San Bernardino-Ontario, CA",33.9806005,-117.3754942
San Bernardino,California,40140,"Riverside-San Bernardino-Ontario, CA",34.1083449,-117.2897652
Temecula,California,40140,"Riverside-San Bernardino-Ontario, CA",33.4936391,-117.1483648
Victorville,California,40140,"Riverside-San Bernardino-Ontario, CA",34.5362184,-117.2927641
Riverton,Wyoming,40180,"Riverton, WY",43.024673,-108.3806054
Roanoke,Virginia,40220,"Roanoke, VA",37.2709704,-79.9414266
Roanoke Rapids,North Carolina,40260,"Roanoke Rapids, NC",36.4615395,-77.6541464
Rochelle,Illinois,40300,"Rochelle, IL",41.9239178,-89.0687073
Rochester,Minnesota,40340,"Rochester, MN",44.0121221,-92.4801989
Rochester,New York,40380,"Rochester, NY",43.1565779,-77.6088465
Rockford,Illinois,40420,"Rockford, IL",42.2711311,-89.0939952
Rockingham,North Carolina,40460,"Rockingham, NC",34.9393201,-79.7739457
Rock Springs,Wyoming,40540,"Rock Springs, WY",41.5874644,-109.2029043
Rocky Mount,North Carolina,40580,"Rocky Mount, NC",35.9382103,-77.7905339
Rolla,Missouri,40620,"Rolla, MO",37.948544,-91.7715303
Rome,Georgia,40660,"Rome, GA",34.257038,-85.1646726
Roseburg,Oregon,40700,"Roseburg, OR",43.216505,-123.3417381
Roswell,New Mexico,40740,"Roswell, NM",33.3942655,-104.5230242
Ruidoso,New Mexico,40760,"Ruidoso, NM",33.3672525,-105.6588485
Russellville,Arkansas,40780,"Russellville, AR",35.2784173,-93.1337856
Ruston,Louisiana,40820,"Ruston, LA",32.5232053,-92.637927
Rutland,Vermont,40860,"Rutland, VT",43.6106237,-72.9726065
Arden-Arcade,California,40900,"Sacramento--Roseville--Arden-Arcade, CA",38.6008071,-121.3770336
Folsom,California,40900,"Sacramento--Roseville--Arden-Arcade, CA",38.6779591,-121.1760583
Rancho Cordova,California,40900,"Sacramento--Roseville--Arden-Arcade, CA",38.5890723,-121.302728
Roseville,California,40900,"Sacramento--Roseville--Arden-Arcade, CA",38.7521235,-121.2880059
Sacramento,California,40900,"Sacramento--Roseville--Arden-Arcade, CA",38.5815719,-121.4943996
Safford,Arizona,40940,"Safford, AZ",32.8339546,-109.70758
Saginaw,Michigan,40980,"Saginaw, MI",43.4194699,-83.9508068
St. Cloud,Minnesota,41060,"St. Cloud, MN",45.5579451,-94.1632404
St. George,Utah,41100,"St. George, UT",37.0965278,-113.5684164
St. Joseph,Missouri,41140,"St. Joseph, MO-KS",39.7674578,-94.846681
St. Charles,Missouri,41180,"St. Louis, MO-IL",38.7881062,-90.4974359
St. Louis,Missouri,41180,"St. Louis, MO-IL",38.6270025,-90.1994042
St. Marys,Georgia,41220,"St. Marys, GA",30.7478954,-81.5706109
St. Marys,Pennsylvania,41260,"St. Marys, PA",41.4273738,-78.5609398
Salem,Ohio,41400,"Salem, OH",40.9008923,-80.8567501
Salem,Oregon,41420,"Salem, OR",44.9428975,-123.0350963
Salina,Kansas,41460,"Salina, KS",38.8402805,-97.6114237
Salinas,California,41500,"Salinas, CA",36.6777372,-121.6555013
Salisbury,Maryland,41540,"Salisbury, MD-DE",38.3606736,-75.5993692
Salt Lake City,Utah,41620,"Salt Lake City, UT",40.7607793,-111.8910474
San Angelo,Texas,41660,"San Angelo, TX",31.4637723,-100.4370375
New Braunfels,Texas,41700,"San Antonio-New Braunfels, TX",29.7030024,-98.1244531
San Antonio,Texas,41700,"San Antonio-New Braunfels, TX",29.4241219,-98.4936282
Carlsbad,California,41740,"San Diego-Carlsbad, CA",33.1580933,-117.3505939
San Diego,California,41740,"San Diego-Carlsbad, CA",32.715738,-117.1610838
Sandpoint,Idaho,41760,"Sandpoint, ID",48.276577,-116.553465
Sandusky,Ohio,41780,"Sandusky, OH",41.4561754,-82.7116821
Sanford,North Carolina,41820,"Sanford, NC",35.4798757,-79.1802994
Berkeley,California,41860,"San Francisco-Oakland-Hayward, CA",37.8715226,-122.273042
Hayward,California,41860,"San Francisco-Oakland-Hayward, CA",37.6687665,-122.0809964
Oakland,California,41860,"San Francisco-Oakland-Hayward, CA",37.8043514,-122.2711639
Pleasanton,California,41860,"San Francisco-Oakland-Hayward, CA",37.6604484,-121.8757968
Redwood City,California,41860,"San Francisco-Oakland-Hayward, CA",37.4852152,-122.2363548
San Francisco,California,41860,"San Francisco-Oakland-Hayward, CA",37.7749295,-122.4194155
San Leandro,California,41860,"San Francisco-Oakland-Hayward, CA",37.7257663,-122.1568554
San Rafael,California,41860,"San Francisco-Oakland-Hayward, CA",37.9735346,-122.5310874
San Ramon,California,41860,"San Francisco-Oakland-Hayward, CA",37.7643595,-121.9539616
South San Francisco,California,41860,"San Francisco-Oakland-Hayward, CA",37.654656,-122.4077498
Walnut Creek,California,41860,"San Francisco-Oakland-Hayward, CA",37.9100783,-122.0651819
San Germán,Puerto Rico,41900,"San Germán, PR",18.0807082,-67.0411096
Cupertino,California,41940,"San Jose-Sunnyvale-Santa Clara, CA",37.3229978,-122.0321823
Milpitas,California,41940,"San Jose-Sunnyvale-Santa Clara, CA",37.4323341,-121.8995741
Mountain View,California,41940,"San Jose-Sunnyvale-Santa Clara, CA",37.3860517,-122.0838511
Palo Alto,California,41940,"San Jose-Sunnyvale-Santa Clara, CA",37.4418834,-122.1430195
San Jose,California,41940,"San Jose-Sunnyvale-Santa Clara, CA",37.3382082,-121.8863286
Santa Clara,California,41940,"San Jose-Sunnyvale-Santa Clara, CA",37.3541079,-121.9552356
Sunnyvale,California,41940,"San Jose-Sunnyvale-Santa Clara, CA",37.36883,-122.0363496
Caguas,Puerto Rico,41980,"San Juan-Carolina-Caguas, PR",18.2387995,-66.035249
Carolina,Puerto Rico,41980,"San Juan-Carolina-Caguas, PR",18.3736316,-65.9630925
Guaynabo,Puerto Rico,41980,"San Juan-Carolina-Caguas, PR",18.3615548,-66.1110682
San Juan,Puerto Rico,41980,"San Juan-Carolina-Caguas, PR",18.4655394,-66.1057355
Arroyo Grande,California,42020,"San Luis Obispo-Paso Robles-Arroyo Grande, CA",35.1185868,-120.5907252
El Paso de Robles (Paso Robles),California,42020,"San Luis Obispo-Paso Robles-Arroyo Grande, CA",35.6368759,-120.6545022
San Luis Obispo,California,42020,"San Luis Obispo-Paso Robles-Arroyo Grande, CA",35.2827524,-120.6596156
Santa Cruz,California,42100,"Santa Cruz-Watsonville, CA",36.9741171,-122.0307963
Watsonville,California,42100,"Santa Cruz-Watsonville, CA",36.910231,-121.7568946
Santa Fe,New Mexico,42140,"Santa Fe, NM",35.6869752,-105.937799
Santa Isabel,Puerto Rico,42180,"Santa Isabel, PR",18.0046774,-66.3897939
Santa Barbara,California,42200,"Santa Maria-Santa Barbara, CA",34.4208305,-119.6981901
Santa Maria,California,42200,"Santa Maria-Santa Barbara, CA",34.9530337,-120.4357191
Santa Rosa,California,42220,"Santa Rosa, CA",38.440429,-122.7140548
Sault Ste. Marie,Michigan,42300,"Sault Ste. Marie, MI",46.4977115,-84.3475876
Savannah,Georgia,42340,"Savannah, GA",32.0808989,-81.091203
Sayre,Pennsylvania,42380,"Sayre, PA",41.9789631,-76.515499
Scottsbluff,Nebraska,42420,"Scottsbluff, NE",41.8666341,-103.6671662
Scottsboro,Alabama,42460,"Scottsboro, AL",34.6723069,-86.0341463
Hazleton,Pennsylvania,42540,"Scranton--Wilkes-Barre--Hazleton, PA",40.9584181,-75.9746472
Scranton,Pennsylvania,42540,"Scranton--Wilkes-Barre--Hazleton, PA",41.408969,-75.6624122
Wilkes-Barre,Pennsylvania,42540,"Scranton--Wilkes-Barre--Hazleton, PA",41.2459149,-75.8813075
Searcy,Arkansas,42620,"Searcy, AR",35.2468204,-91.7336846
Auburn,Washington,42660,"Seattle-Tacoma-Bellevue, WA",47.3073228,-122.2284532
Bellevue,Washington,42660,"Seattle-Tacoma-Bellevue, WA",47.6101497,-122.2015159
Everett,Washington,42660,"Seattle-Tacoma-Bellevue, WA",47.9789848,-122.2020795
Kent,Washington,42660,"Seattle-Tacoma-Bellevue, WA",47.3809335,-122.2348432
Lakewood,Washington,42660,"Seattle-Tacoma-Bellevue, WA",47.1717649,-122.518458
Redmond,Washington,42660,"Seattle-Tacoma-Bellevue, WA",47.6739881,-122.121512
Renton,Washington,42660,"Seattle-Tacoma-Bellevue, WA",47.4796927,-122.2079218
Seattle,Washington,42660,"Seattle-Tacoma-Bellevue, WA",47.6062095,-122.3320708
Tacoma,Washington,42660,"Seattle-Tacoma-Bellevue, WA",47.2528768,-122.4442906
Sebastian,Florida,42680,"Sebastian-Vero Beach, FL",27.816415,-80.4706078
Vero Beach,Florida,42680,"Sebastian-Vero Beach, FL",27.6386434,-80.3972736
Sebring,Florida,42700,"Sebring, FL",27.495592,-81.440907
Sedalia,Missouri,42740,"Sedalia, MO",38.7044609,-93.2282613
Selinsgrove,Pennsylvania,42780,"Selinsgrove, PA",40.7989735,-76.8621935
Selma,Alabama,42820,"Selma, AL",32.4073589,-87.0211007
Seneca,South Carolina,42860,"Seneca, SC",34.6856555,-82.9532036
Seneca Falls,New York,42900,"Seneca Falls, NY",42.9106219,-76.7966215
Sevierville,Tennessee,42940,"Sevierville, TN",35.8681455,-83.561835
Seymour,Indiana,42980,"Seymour, IN",38.9592201,-85.8902547
Shawano,Wisconsin,43020,"Shawano, WI",44.7822064,-88.6089917
Shawnee,Oklahoma,43060,"Shawnee, OK",35.3272928,-96.9253004
Sheboygan,Wisconsin,43100,"Sheboygan, WI",43.7508284,-87.71453
Shelby,North Carolina,43140,"Shelby, NC",35.2923513,-81.5356463
Shelbyville,Tennessee,43180,"Shelbyville, TN",35.483406,-86.4602717
Shelton,Washington,43220,"Shelton, WA",47.2150945,-123.1007066
Sheridan,Wyoming,43260,"Sheridan, WY",44.7971939,-106.9561791
Denison,Texas,43300,"Sherman-Denison, TX",33.7556593,-96.536658
Sherman,Texas,43300,"Sherman-Denison, TX",33.6356618,-96.6088805
Show Low,Arizona,43320,"Show Low, AZ",34.2542084,-110.0298327
Bossier City,Louisiana,43340,"Shreveport-Bossier City, LA",32.5159852,-93.7321228
Shreveport,Louisiana,43340,"Shreveport-Bossier City, LA",32.5251516,-93.7501789
Sidney,Ohio,43380,"Sidney, OH",40.2842164,-84.1554987
Douglas,Arizona,43420,"Sierra Vista-Douglas, AZ",31.3445471,-109.5453447
Sierra Vista,Arizona,43420,"Sierra Vista-Douglas, AZ",31.5455001,-110.2772856
Sikeston,Missouri,43460,"Sikeston, MO",36.876719,-89.5878579
Silver City,New Mexico,43500,"Silver City, NM",32.770075,-108.280326
Sioux City,Iowa,43580,"Sioux City, IA-NE-SD",42.4963416,-96.4049408
Sioux Falls,South Dakota,43620,"Sioux Falls, SD",43.5473028,-96.728333
Snyder,Texas,43660,"Snyder, TX",32.7178862,-100.9176184
Somerset,Kentucky,43700,"Somerset, KY",37.0920222,-84.6041084
Somerset,Pennsylvania,43740,"Somerset, PA",40.008411,-79.0780831
Sonora,California,43760,"Sonora, CA",37.9829496,-120.3821724
Mishawaka,Indiana,43780,"South Bend-Mishawaka, IN-MI",41.6619927,-86.1586156
South Bend,Indiana,43780,"South Bend-Mishawaka, IN-MI",41.6763545,-86.2519898
Spartanburg,South Carolina,43900,"Spartanburg, SC",34.9495672,-81.9320482
Spearfish,South Dakota,43940,"Spearfish, SD",44.4908172,-103.8593697
Spencer,Iowa,43980,"Spencer, IA",43.1450748,-95.144318
Spirit Lake,Iowa,44020,"Spirit Lake, IA",43.4226192,-95.1022313
Spokane,Washington,44060,"Spokane-Spokane Valley, WA",47.6587802,-117.4260465
Spokane Valley,Washington,44060,"Spokane-Spokane Valley, WA",47.6732281,-117.2393748
Springfield,Illinois,44100,"Springfield, IL",39.7817213,-89.6501481
Springfield,Massachusetts,44140,"Springfield, MA",42.1014831,-72.589811
Springfield,Missouri,44180,"Springfield, MO",37.2089572,-93.2922989
Springfield,Ohio,44220,"Springfield, OH",39.9242266,-83.8088171
Starkville,Mississippi,44260,"Starkville, MS",33.4503998,-88.8183872
State College,Pennsylvania,44300,"State College, PA",40.7933949,-77.8600012
Statesboro,Georgia,44340,"Statesboro, GA",32.4487876,-81.7831674
Staunton,Virginia,44420,"Staunton-Waynesboro, VA",38.149576,-79.0716958
Waynesboro,Virginia,44420,"Staunton-Waynesboro, VA",38.0684692,-78.8894682
Steamboat Springs,Colorado,44460,"Steamboat Springs, CO",40.4849769,-106.8317158
Stephenville,Texas,44500,"Stephenville, TX",32.2206958,-98.2022633
Sterling,Colorado,44540,"Sterling, CO",40.6255415,-103.207709
Sterling,Illinois,44580,"Sterling, IL",41.788642,-89.6962194
Stevens Point,Wisconsin,44620,"Stevens Point, WI",44.5235792,-89.574563
Stillwater,Oklahoma,44660,"Stillwater, OK",36.1156071,-97.0583681
Lodi,California,44700,"Stockton-Lodi, CA",38.1341477,-121.2722194
Stockton,California,44700,"Stockton-Lodi, CA",37.9577016,-121.2907796
Storm Lake,Iowa,44740,"Storm Lake, IA",42.6430359,-95.2019399
Sturgis,Michigan,44780,"Sturgis, MI",41.799217,-85.4191482
Sulphur Springs,Texas,44860,"Sulphur Springs, TX",33.1384479,-95.6010668
Summerville,Georgia,44900,"Summerville, GA",34.480642,-85.3477343
Summit Park,Utah,44920,"Summit Park, UT",40.7457117,-111.6131415
Sumter,South Carolina,44940,"Sumter, SC",33.9204354,-80.3414693
Sunbury,Pennsylvania,44980,"Sunbury, PA",40.862585,-76.7944104
Susanville,California,45000,"Susanville, CA",40.4162842,-120.6530063
Sweetwater,Texas,45020,"Sweetwater, TX",32.4709519,-100.4059384
Syracuse,New York,45060,"Syracuse, NY",43.0481221,-76.1474244
Tahlequah,Oklahoma,45140,"Tahlequah, OK",35.91537,-94.969956
Sylacauga,Alabama,45180,"Talladega-Sylacauga, AL",33.1731716,-86.2516406
Talladega,Alabama,45180,"Talladega-Sylacauga, AL",33.4359416,-86.1058048
Tallahassee,Florida,45220,"Tallahassee, FL",30.4382559,-84.2807329
Clearwater,Florida,45300,"Tampa-St. Petersburg-Clearwater, FL",27.9658533,-82.8001026
Largo,Florida,45300,"Tampa-St. Petersburg-Clearwater, FL",27.9094665,-82.7873244
St. Petersburg,Florida,45300,"Tampa-St. Petersburg-Clearwater, FL",27.7676008,-82.6402915
Tampa,Florida,45300,"Tampa-St. Petersburg-Clearwater, FL",27.950575,-82.4571776
Taos,New Mexico,45340,"Taos, NM",36.4072485,-105.5730665
Taylorville,Illinois,45380,"Taylorville, IL",39.548935,-89.294533
Terre Haute,Indiana,45460,"Terre Haute, IN",39.4667034,-87.4139092
Texarkana,Texas,45500,"Texarkana, TX-AR",33.425125,-94.0476882
The Dalles,Oregon,45520,"The Dalles, OR",45.5945645,-121.1786823
The Villages,Florida,45540,"The Villages, FL",28.927019,-82.0037608
Thomaston,Georgia,45580,"Thomaston, GA",32.8881879,-84.3265854
Thomasville,Georgia,45620,"Thomasville, GA",30.8365815,-83.9787808
Tiffin,Ohio,45660,"Tiffin, OH",41.1144992,-83.1779746
Tifton,Georgia,45700,"Tifton, GA",31.4504629,-83.5084973
Toccoa,Georgia,45740,"Toccoa, GA",34.5773206,-83.3323851
Toledo,Ohio,45780,"Toledo, OH",41.6528052,-83.5378674
Topeka,Kansas,45820,"Topeka, KS",39.0473451,-95.6751576
Torrington,Connecticut,45860,"Torrington, CT",41.8003049,-73.1211715
Traverse City,Michigan,45900,"Traverse City, MI",44.7630567,-85.6206317
Trenton,New Jersey,45940,"Trenton, NJ",40.2205824,-74.759717
Troy,Alabama,45980,"Troy, AL",31.8087678,-85.969951
Grass Valley,California,46020,"Truckee-Grass Valley, CA",39.2190608,-121.0610606
Truckee,California,46020,"Truckee-Grass Valley, CA",39.327962,-120.1832533
Tucson,Arizona,46060,"Tucson, AZ",32.2226066,-110.9747108
Manchester,Tennessee,46100,"Tullahoma-Manchester, TN",35.4817431,-86.0885993
Tullahoma,Tennessee,46100,"Tullahoma-Manchester, TN",35.3620235,-86.2094342
Tulsa,Oklahoma,46140,"Tulsa, OK",36.1539816,-95.992775
Tupelo,Mississippi,46180,"Tupelo, MS",34.2576066,-88.7033859
Tuscaloosa,Alabama,46220,"Tuscaloosa, AL",33.2098407,-87.5691735
Twin Falls,Idaho,46300,"Twin Falls, ID",42.5558381,-114.4700518
Tyler,Texas,46340,"Tyler, TX",32.3512601,-95.3010624
Ukiah,California,46380,"Ukiah, CA",39.1501709,-123.2077831
Union City,Tennessee,46460,"Union City, TN-KY",36.4242303,-89.0570096
Urbana,Ohio,46500,"Urbana, OH",40.1083912,-83.7524298
Urban Honolulu,Hawaii,46520,"Urban Honolulu, HI",21.2760834,-157.8253554
Rome,New York,46540,"Utica-Rome, NY",43.2128473,-75.4557303
Utica,New York,46540,"Utica-Rome, NY",43.100903,-75.232664
Uvalde,Texas,46620,"Uvalde, TX",29.2096836,-99.7861679
Valdosta,Georgia,46660,"Valdosta, GA",30.8327022,-83.2784851
Fairfield,California,46700,"Vallejo-Fairfield, CA",38.2491956,-122.0405151
Vallejo,California,46700,"Vallejo-Fairfield, CA",38.1040864,-122.2566367
Valley,Alabama,46740,"Valley, AL",32.8187406,-85.1793852
Van Wert,Ohio,46780,"Van Wert, OH",40.8694927,-84.5841223
Vermillion,South Dakota,46820,"Vermillion, SD",42.7794417,-96.9292104
Vernal,Utah,46860,"Vernal, UT",40.4555157,-109.5287479
Vernon,Texas,46900,"Vernon, TX",34.1545306,-99.2650804
Vicksburg,Mississippi,46980,"Vicksburg, MS",32.3526456,-90.877882
Victoria,Texas,47020,"Victoria, TX",28.8052674,-97.0035982
Vidalia,Georgia,47080,"Vidalia, GA",32.2176855,-82.4134614
Vincennes,Indiana,47180,"Vincennes, IN",38.677269,-87.5286325
Bridgeton,New Jersey,47220,"Vineland-Bridgeton, NJ",39.427337,-75.2340768
Vineland,New Jersey,47220,"Vineland-Bridgeton, NJ",39.4863773,-75.0259637
Vineyard Haven,Massachusetts,47240,"Vineyard Haven, MA",41.4542786,-70.6036395
Hampton,Virginia,47260,"Virginia Beach-Norfolk-Newport News, VA-NC",37.0298687,-76.3452218
Newport News,Virginia,47260,"Virginia Beach-Norfolk-Newport News, VA-NC",37.0870821,-76.4730122
Norfolk,Virginia,47260,"Virginia Beach-Norfolk-Newport News, VA-NC",36.8507689,-76.2858726
Portsmouth,Virginia,47260,"Virginia Beach-Norfolk-Newport News, VA-NC",36.8354258,-76.2982742
Virginia Beach,Virginia,47260,"Virginia Beach-Norfolk-Newport News, VA-NC",36.8529263,-75.977985
Porterville,California,47300,"Visalia-Porterville, CA",36.06523,-119.0167679
Visalia,California,47300,"Visalia-Porterville, CA",36.3302284,-119.2920585
Wabash,Indiana,47340,"Wabash, IN",40.797821,-85.8205411
Waco,Texas,47380,"Waco, TX",31.549333,-97.1466695
Wahpeton,North Dakota,47420,"Wahpeton, ND-MN",46.2652367,-96.6059072
Walla Walla,Washington,47460,"Walla Walla, WA",46.0645809,-118.3430208
Wapakoneta,Ohio,47540,"Wapakoneta, OH",40.5678265,-84.1935594
Warner Robins,Georgia,47580,"Warner Robins, GA",32.6130007,-83.624201
Warren,Pennsylvania,47620,"Warren, PA",41.8439486,-79.1450445
Warrensburg,Missouri,47660,"Warrensburg, MO",38.7627893,-93.7360498
Warsaw,Indiana,47700,"Warsaw, IN",41.2381,-85.8530469
Washington,Indiana,47780,"Washington, IN",38.6592152,-87.172789
Washington,North Carolina,47820,"Washington, NC",35.5465517,-77.0521742
Washington,DC,47900,"Washington-Arlington-Alexandria, DC-VA-MD-WV",38.9071923,-77.0368707
Bethesda,Maryland,47900,"Washington-Arlington-Alexandria, DC-VA-MD-WV",38.984652,-77.0947092
Frederick,Maryland,47900,"Washington-Arlington-Alexandria, DC-VA-MD-WV",39.4142688,-77.4105409
Gaithersburg,Maryland,47900,"Washington-Arlington-Alexandria, DC-VA-MD-WV",39.1439689,-77.2016062
Rockville,Maryland,47900,"Washington-Arlington-Alexandria, DC-VA-MD-WV",39.0839973,-77.1527578
Silver Spring,Maryland,47900,"Washington-Arlington-Alexandria, DC-VA-MD-WV",38.9906657,-77.026088
Alexandria,Virginia,47900,"Washington-Arlington-Alexandria, DC-VA-MD-WV",38.8048355,-77.0469214
Arlington,Virginia,47900,"Washington-Arlington-Alexandria, DC-VA-MD-WV",38.8799697,-77.1067698
Reston,Virginia,47900,"Washington-Arlington-Alexandria, DC-VA-MD-WV",38.9586307,-77.3570028
Washington Court House,Ohio,47920,"Washington Court House, OH",39.5373688,-83.437579
Cedar Falls,Iowa,47940,"Waterloo-Cedar Falls, IA",42.5348993,-92.4453161
Waterloo,Iowa,47940,"Waterloo-Cedar Falls, IA",42.492786,-92.3425775
Watertown,South Dakota,47980,"Watertown, SD",44.8994088,-97.1150732
Fort Atkinson,Wisconsin,48020,"Watertown-Fort Atkinson, WI",42.9288944,-88.8370509
Watertown,Wisconsin,48020,"Watertown-Fort Atkinson, WI",43.1947211,-88.7289918
Fort Drum,New York,48060,"Watertown-Fort Drum, NY",44.0580482,-75.7487779
Watertown,New York,48060,"Watertown-Fort Drum, NY",43.9747838,-75.9107565
Wauchula,Florida,48100,"Wauchula, FL",27.5472589,-81.8114715
Wausau,Wisconsin,48140,"Wausau, WI",44.9591352,-89.6301221
Waycross,Georgia,48180,"Waycross, GA",31.2135511,-82.3540178
Weatherford,Oklahoma,48220,"Weatherford, OK",35.5261633,-98.7075744
Steubenville,Ohio,48260,"Weirton-Steubenville, WV-OH",40.3697905,-80.6339638
Weirton,West Virginia,48260,"Weirton-Steubenville, WV-OH",40.4189566,-80.5895167
Wenatchee,Washington,48300,"Wenatchee, WA",47.4234599,-120.3103494
West Plains,Missouri,48460,"West Plains, MO",36.7281154,-91.8523711
West Point,Mississippi,48500,"West Point, MS",33.6076186,-88.6503254
Wheeling,West Virginia,48540,"Wheeling, WV-OH",40.0639616,-80.7209149
Elkhorn,Wisconsin,48580,"Whitewater-Elkhorn, WI",42.6727927,-88.5445447
Whitewater,Wisconsin,48580,"Whitewater-Elkhorn, WI",42.8336205,-88.7323272
Wichita,Kansas,48620,"Wichita, KS",37.6871761,-97.330053
Wichita Falls,Texas,48660,"Wichita Falls, TX",33.9137085,-98.4933873
Williamsport,Pennsylvania,48700,"Williamsport, PA",41.2411897,-77.0010786
Williston,North Dakota,48780,"Williston, ND",48.1469683,-103.6179745
Willmar,Minnesota,48820,"Willmar, MN",45.1223711,-95.048659
Wilmington,North Carolina,48900,"Wilmington, NC",34.2103894,-77.8868117
Wilmington,Ohio,48940,"Wilmington, OH",39.4453393,-83.8285375
Wilson,North Carolina,48980,"Wilson, NC",35.7212689,-77.9155395
Winchester,Virginia,49020,"Winchester, VA-WV",39.1856597,-78.1633341
Winnemucca,Nevada,49080,"Winnemucca, NV",40.9729584,-117.7356849
Winona,Minnesota,49100,"Winona, MN",44.0553908,-91.6663523
Winston-Salem,North Carolina,49180,"Winston-Salem, NC",36.0998596,-80.244216
Marshfield,Wisconsin,49220,"Wisconsin Rapids-Marshfield, WI",44.6688524,-90.1717987
Wisconsin Rapids,Wisconsin,49220,"Wisconsin Rapids-Marshfield, WI",44.3835763,-89.8173465
Woodward,Oklahoma,49260,"Woodward, OK",36.4336481,-99.3903862
Wooster,Ohio,49300,"Wooster, OH",40.8050565,-81.935143
Worcester,Massachusetts,49340,"Worcester, MA-CT",42.2625932,-71.8022934
Worthington,Minnesota,49380,"Worthington, MN",43.6210985,-95.5941436
Yakima,Washington,49420,"Yakima, WA",46.6020711,-120.5058987
Yankton,South Dakota,49460,"Yankton, SD",42.8711088,-97.3972813
Hanover,Pennsylvania,49620,"York-Hanover, PA",39.8006553,-76.9830358
York,Pennsylvania,49620,"York-Hanover, PA",39.9625984,-76.727745
Boardman,Ohio,49660,"Youngstown-Warren-Boardman, OH-PA",41.0242256,-80.6628528
Warren,Ohio,49660,"Youngstown-Warren-Boardman, OH-PA",41.2375569,-80.8184166
Youngstown,Ohio,49660,"Youngstown-Warren-Boardman, OH-PA",41.0997803,-80.6495194
Yuba City,California,49700,"Yuba City, CA",39.1404477,-121.6169108
Yuma,Arizona,49740,"Yuma, AZ",32.6926512,-114.6276916
Zanesville,Ohio,49780,"Zanesville, OH",39.9403453,-82.0131924
Zapata,Texas,49820,"Zapata, TX",26.9072605,-99.2714255
